Date,Store_ID,City,Product_ID,Product_Name,Product_Category,Supplier,Unit_Price,Discount_Percent,Units_Sold,Revenue,Stock_Level,Reorder_Level,Lead_Time_Days,Low_Stock,Month,Year,Day,DayOfWeek,WeekOfYear,Previous_Day_Sales,Rolling_7_Day_Sales,Predicted_Demand,Safety_Stock,Required_Stock,Recommended_Order,Status
2026-03-19,S004,Lucknow,P003,Mechanical Keyboard,Accessories,Supplier B,2543.31,10.0,16,40692.96,188,86,11,False,3,2026,19,3,12,11.0,12.714285714285714,13.545,2.5428571428571427,16.087857142857143,0.0,STOCK SUFFICIENT
2026-03-19,S004,Lucknow,P007,Smart Watch,Wearables,Supplier D,4789.82,0.0,12,57477.84,122,64,8,False,3,2026,19,3,12,1.0,7.714285714285714,8.305,1.542857142857143,9.847857142857142,0.0,STOCK SUFFICIENT
2026-03-19,S006,Chandigarh,P006,Bluetooth Speaker,Electronics,Supplier A,2783.76,0.0,8,22270.08,119,64,7,False,3,2026,19,3,12,8.0,9.428571428571429,10.2,1.885714285714286,12.085714285714285,0.0,STOCK SUFFICIENT
2026-03-19,S006,Chandigarh,P009,Running Shoes,Sports,Supplier B,2952.51,10.0,8,23620.08,171,70,2,False,3,2026,19,3,12,9.0,11.857142857142858,11.165,2.3714285714285714,13.536428571428571,0.0,STOCK SUFFICIENT
2026-03-19,S002,Noida,P005,Power Bank,Electronics,Supplier A,1512.5,20.0,32,48400.0,290,184,12,False,3,2026,19,3,12,27.0,28.571428571428573,30.245,5.714285714285715,35.95928571428571,0.0,STOCK SUFFICIENT
2026-03-19,S001,Delhi,P002,Wireless Mouse,Accessories,Supplier A,911.27,15.0,52,47386.04,415,260,4,False,3,2026,19,3,12,42.0,41.142857142857146,44.605,8.22857142857143,52.833571428571425,0.0,STOCK SUFFICIENT
2026-03-19,S006,Chandigarh,P002,Wireless Mouse,Accessories,Supplier C,835.32,10.0,25,20883.0,272,166,11,False,3,2026,19,3,12,32.0,24.857142857142858,25.75,4.9714285714285715,30.72142857142857,0.0,STOCK SUFFICIENT
2026-03-19,S003,Ghaziabad,P015,Office Chair,Furniture,Supplier D,9153.48,5.0,6,54920.88,73,41,7,False,3,2026,19,3,12,7.0,7.142857142857143,6.515,1.4285714285714288,7.9435714285714285,0.0,STOCK SUFFICIENT
2026-03-19,S002,Noida,P011,Water Bottle,Sports,Supplier D,662.15,15.0,40,26486.0,634,276,12,False,3,2026,19,3,12,61.0,41.285714285714285,52.9,8.257142857142858,61.15714285714286,0.0,STOCK SUFFICIENT
2026-03-19,S002,Noida,P004,USB-C Hub,Electronics,Supplier B,1911.21,5.0,13,24845.73,255,138,9,False,3,2026,19,3,12,21.0,20.857142857142858,18.24,4.171428571428572,22.41142857142857,0.0,STOCK SUFFICIENT
2026-03-19,S004,Lucknow,P011,Water Bottle,Sports,Supplier B,668.13,0.0,30,20043.9,334,216,13,False,3,2026,19,3,12,24.0,35.42857142857143,33.36,7.085714285714286,40.44571428571429,0.0,STOCK SUFFICIENT
2026-03-19,S004,Lucknow,P004,USB-C Hub,Electronics,Supplier D,1790.92,20.0,11,19700.120000000003,128,108,8,False,3,2026,19,3,12,21.0,13.571428571428571,16.9,2.7142857142857144,19.614285714285714,0.0,STOCK SUFFICIENT
2026-03-19,S006,Chandigarh,P008,Fitness Band,Wearables,Supplier C,2105.24,5.0,17,35789.079999999994,168,83,13,False,3,2026,19,3,12,9.0,11.0,12.595,2.2,14.795000000000002,0.0,STOCK SUFFICIENT
2026-03-20,S004,Lucknow,P014,Desk Lamp,Home,Supplier C,1270.38,0.0,17,21596.460000000003,221,115,10,False,3,2026,20,4,12,30.0,19.857142857142858,17.21,3.9714285714285715,21.181428571428572,0.0,STOCK SUFFICIENT
2026-03-20,S006,Chandigarh,P009,Running Shoes,Sports,Supplier B,3311.41,10.0,16,52982.56,103,70,4,False,3,2026,20,4,12,8.0,10.857142857142858,10.025,2.1714285714285717,12.196428571428573,0.0,STOCK SUFFICIENT
2026-03-20,S002,Noida,P010,Yoga Mat,Sports,Supplier D,1502.41,10.0,28,42067.48,332,156,13,False,3,2026,20,4,12,29.0,23.571428571428573,25.445,4.714285714285714,30.159285714285716,0.0,STOCK SUFFICIENT
2026-03-20,S001,Delhi,P013,Travel Adapter,Travel,Supplier D,1093.87,5.0,22,24065.14,231,180,5,False,3,2026,20,4,12,39.0,27.857142857142858,27.83,5.571428571428572,33.40142857142857,0.0,STOCK SUFFICIENT
2026-03-20,S002,Noida,P012,Backpack,Travel,Supplier D,2024.2,10.0,26,52629.200000000004,257,138,7,False,3,2026,20,4,12,22.0,23.285714285714285,20.125,4.6571428571428575,24.78214285714286,0.0,STOCK SUFFICIENT
2026-03-20,S002,Noida,P004,USB-C Hub,Electronics,Supplier A,1830.6,5.0,20,36612.0,244,138,12,False,3,2026,20,4,12,13.0,20.428571428571427,19.735,4.085714285714285,23.820714285714285,0.0,STOCK SUFFICIENT
2026-03-20,S005,Jaipur,P014,Desk Lamp,Home,Supplier C,1240.77,0.0,16,19852.32,102,108,9,True,3,2026,20,4,12,17.0,15.857142857142858,16.675,3.1714285714285717,19.84642857142857,0.0,REORDER REQUIRED
2026-03-20,S001,Delhi,P004,USB-C Hub,Electronics,Supplier A,1708.44,5.0,15,25626.600000000002,187,150,8,False,3,2026,20,4,12,19.0,20.714285714285715,23.44,4.142857142857143,27.582857142857144,0.0,STOCK SUFFICIENT
2026-03-20,S002,Noida,P012,Backpack,Travel,Supplier B,1923.84,15.0,25,48096.0,147,138,14,False,3,2026,20,4,12,26.0,24.571428571428573,23.94,4.914285714285715,28.854285714285716,0.0,STOCK SUFFICIENT
2026-03-20,S001,Delhi,P009,Running Shoes,Sports,Supplier C,3405.47,5.0,18,61298.46,213,110,4,False,3,2026,20,4,12,29.0,20.0,18.525,4.0,22.525,0.0,STOCK SUFFICIENT
2026-03-20,S003,Ghaziabad,P002,Wireless Mouse,Accessories,Supplier B,886.23,0.0,33,29245.59,442,197,5,False,3,2026,20,4,12,28.0,30.428571428571427,30.025,6.085714285714285,36.11071428571428,0.0,STOCK SUFFICIENT
2026-03-20,S006,Chandigarh,P004,USB-C Hub,Electronics,Supplier C,1775.04,5.0,14,24850.559999999998,210,96,7,False,3,2026,20,4,12,16.0,13.571428571428571,14.485,2.7142857142857144,17.199285714285715,0.0,STOCK SUFFICIENT
2026-03-20,S005,Jaipur,P012,Backpack,Travel,Supplier B,2020.05,15.0,14,28280.7,179,102,14,False,3,2026,20,4,12,13.0,17.714285714285715,18.21,3.542857142857143,21.752857142857145,0.0,STOCK SUFFICIENT
2026-03-20,S002,Noida,P006,Bluetooth Speaker,Electronics,Supplier B,2605.98,0.0,13,33877.74,179,92,9,False,3,2026,20,4,12,10.0,13.285714285714286,13.055,2.6571428571428575,15.712142857142858,0.0,STOCK SUFFICIENT
2026-03-20,S003,Ghaziabad,P001,Laptop Bag,Accessories,Supplier C,1192.5,0.0,19,22657.5,254,136,12,False,3,2026,20,4,12,22.0,22.285714285714285,18.215,4.457142857142857,22.67214285714286,0.0,STOCK SUFFICIENT
2026-03-20,S003,Ghaziabad,P011,Water Bottle,Sports,Supplier A,691.94,10.0,41,28369.54,372,228,14,False,3,2026,20,4,12,40.0,38.285714285714285,36.96,7.6571428571428575,44.61714285714286,0.0,STOCK SUFFICIENT
2026-03-21,S001,Delhi,P014,Desk Lamp,Home,Supplier C,1349.57,10.0,30,40487.1,348,160,14,False,3,2026,21,5,12,29.0,26.285714285714285,30.49,5.257142857142857,35.747142857142855,0.0,STOCK SUFFICIENT
2026-03-21,S002,Noida,P015,Office Chair,Furniture,Supplier A,7925.69,10.0,7,55479.829999999994,102,50,9,False,3,2026,21,5,12,12.0,8.142857142857142,9.935,1.6285714285714286,11.563571428571429,0.0,STOCK SUFFICIENT
2026-03-21,S004,Lucknow,P010,Yoga Mat,Sports,Supplier D,1388.16,10.0,32,44421.12,251,122,10,False,3,2026,21,5,12,17.0,19.0,19.305,3.8000000000000003,23.105,0.0,STOCK SUFFICIENT
2026-03-21,S002,Noida,P015,Office Chair,Furniture,Supplier D,7941.9,20.0,12,95302.79999999999,87,50,6,False,3,2026,21,5,12,6.0,7.285714285714286,9.635,1.4571428571428573,11.092142857142857,0.0,STOCK SUFFICIENT
2026-03-21,S004,Lucknow,P014,Desk Lamp,Home,Supplier A,1240.74,0.0,16,19851.84,300,115,13,False,3,2026,21,5,12,17.0,19.857142857142858,17.345,3.9714285714285715,21.31642857142857,0.0,STOCK SUFFICIENT
2026-03-21,S005,Jaipur,P004,USB-C Hub,Electronics,Supplier B,1841.25,0.0,17,31301.25,234,102,3,False,3,2026,21,5,12,16.0,17.0,15.245,3.4000000000000004,18.645,0.0,STOCK SUFFICIENT
2026-03-21,S005,Jaipur,P006,Bluetooth Speaker,Electronics,Supplier A,2639.49,15.0,13,34313.369999999995,173,68,7,False,3,2026,21,5,12,8.0,8.714285714285714,11.735,1.7428571428571429,13.477857142857143,0.0,STOCK SUFFICIENT
2026-03-21,S004,Lucknow,P011,Water Bottle,Sports,Supplier D,719.06,15.0,49,35233.939999999995,427,216,13,False,3,2026,21,5,12,30.0,35.42857142857143,44.38,7.085714285714286,51.46571428571429,0.0,STOCK SUFFICIENT
2026-03-21,S004,Lucknow,P006,Bluetooth Speaker,Electronics,Supplier D,2660.61,5.0,10,26606.100000000002,149,72,4,False,3,2026,21,5,12,10.0,9.0,12.0,1.8,13.8,0.0,STOCK SUFFICIENT
2026-03-21,S005,Jaipur,P001,Laptop Bag,Accessories,Supplier A,1210.63,15.0,26,31476.380000000005,259,122,6,False,3,2026,21,5,12,23.0,16.142857142857142,22.665,3.2285714285714286,25.893571428571427,0.0,STOCK SUFFICIENT
2026-03-21,S006,Chandigarh,P002,Wireless Mouse,Accessories,Supplier A,819.61,0.0,21,17211.81,170,166,10,False,3,2026,21,5,12,25.0,24.857142857142858,27.465,4.9714285714285715,32.43642857142857,0.0,STOCK SUFFICIENT
2026-03-21,S003,Ghaziabad,P001,Laptop Bag,Accessories,Supplier D,1186.94,0.0,13,15430.220000000001,258,136,8,False,3,2026,21,5,12,19.0,22.0,22.385,4.4,26.785000000000004,0.0,STOCK SUFFICIENT
2026-03-21,S001,Delhi,P003,Mechanical Keyboard,Accessories,Supplier C,2582.93,0.0,21,54241.53,232,120,9,False,3,2026,21,5,12,21.0,20.0,16.685,4.0,20.685,0.0,STOCK SUFFICIENT
2026-03-22,S005,Jaipur,P004,USB-C Hub,Electronics,Supplier C,1719.42,5.0,18,30949.56,197,102,7,False,3,2026,22,6,12,17.0,17.285714285714285,18.235,3.4571428571428573,21.692142857142855,0.0,STOCK SUFFICIENT
2026-03-22,S002,Noida,P011,Water Bottle,Sports,Supplier A,748.84,10.0,52,38939.68,609,276,13,False,3,2026,22,6,12,40.0,40.857142857142854,47.255,8.17142857142857,55.42642857142857,0.0,STOCK SUFFICIENT
2026-03-22,S006,Chandigarh,P005,Power Bank,Electronics,Supplier B,1532.28,5.0,14,21451.92,310,128,3,False,3,2026,22,6,12,24.0,21.285714285714285,21.735,4.257142857142857,25.992142857142856,0.0,STOCK SUFFICIENT
2026-03-22,S003,Ghaziabad,P004,USB-C Hub,Electronics,Supplier C,1685.53,10.0,24,40452.72,232,114,11,False,3,2026,22,6,12,12.0,19.285714285714285,19.365,3.857142857142857,23.222142857142856,0.0,STOCK SUFFICIENT
2026-03-22,S002,Noida,P004,USB-C Hub,Electronics,Supplier D,1943.07,10.0,27,52462.89,249,138,6,False,3,2026,22,6,12,20.0,20.142857142857142,22.59,4.0285714285714285,26.61857142857143,0.0,STOCK SUFFICIENT
2026-03-22,S005,Jaipur,P010,Yoga Mat,Sports,Supplier C,1384.19,15.0,23,31836.370000000003,308,115,11,False,3,2026,22,6,12,36.0,22.428571428571427,22.68,4.485714285714286,27.165714285714287,0.0,STOCK SUFFICIENT
2026-03-22,S003,Ghaziabad,P005,Power Bank,Electronics,Supplier A,1709.3,0.0,32,54697.6,306,152,6,False,3,2026,22,6,12,25.0,23.0,24.99,4.6000000000000005,29.59,0.0,STOCK SUFFICIENT
2026-03-22,S001,Delhi,P001,Laptop Bag,Accessories,Supplier C,1283.91,0.0,32,41085.12,355,180,12,False,3,2026,22,6,12,26.0,28.285714285714285,26.605,5.6571428571428575,32.262142857142855,0.0,STOCK SUFFICIENT
2026-03-22,S003,Ghaziabad,P010,Yoga Mat,Sports,Supplier A,1409.38,0.0,27,38053.26,267,129,5,False,3,2026,22,6,12,26.0,19.285714285714285,19.975,3.857142857142857,23.83214285714286,0.0,STOCK SUFFICIENT
2026-03-22,S005,Jaipur,P008,Fitness Band,Wearables,Supplier D,2307.53,15.0,18,41535.54,137,88,5,False,3,2026,22,6,12,15.0,15.0,16.19,3.0,19.19,0.0,STOCK SUFFICIENT
2026-03-22,S001,Delhi,P001,Laptop Bag,Accessories,Supplier B,1271.48,5.0,26,33058.48,382,180,10,False,3,2026,22,6,12,29.0,28.142857142857142,30.87,5.628571428571429,36.49857142857143,0.0,STOCK SUFFICIENT
2026-03-23,S006,Chandigarh,P011,Water Bottle,Sports,Supplier A,644.25,0.0,22,14173.5,436,192,12,False,3,2026,23,0,13,23.0,27.857142857142858,27.705,5.571428571428572,33.27642857142857,0.0,STOCK SUFFICIENT
2026-03-23,S002,Noida,P012,Backpack,Travel,Supplier A,1823.81,0.0,24,43771.44,299,138,5,False,3,2026,23,0,13,25.0,25.714285714285715,19.84,5.142857142857143,24.982857142857142,0.0,STOCK SUFFICIENT
2026-03-23,S006,Chandigarh,P011,Water Bottle,Sports,Supplier D,742.24,5.0,23,17071.52,355,192,12,False,3,2026,23,0,13,22.0,25.428571428571427,29.875,5.085714285714285,34.96071428571429,0.0,STOCK SUFFICIENT
2026-03-23,S001,Delhi,P012,Backpack,Travel,Supplier D,1770.55,5.0,27,47804.85,304,150,12,False,3,2026,23,0,13,27.0,25.714285714285715,23.78,5.142857142857143,28.922857142857143,0.0,STOCK SUFFICIENT
2026-03-23,S002,Noida,P014,Desk Lamp,Home,Supplier C,1316.68,10.0,27,35550.36,237,147,2,False,3,2026,23,0,13,31.0,24.428571428571427,23.71,4.885714285714286,28.595714285714287,0.0,STOCK SUFFICIENT
2026-03-23,S003,Ghaziabad,P006,Bluetooth Speaker,Electronics,Supplier B,2749.66,0.0,6,16497.96,155,76,14,False,3,2026,23,0,13,12.0,10.142857142857142,10.875,2.0285714285714285,12.903571428571428,0.0,STOCK SUFFICIENT
2026-03-23,S002,Noida,P010,Yoga Mat,Sports,Supplier B,1297.21,5.0,19,24646.99,337,156,14,False,3,2026,23,0,13,28.0,25.714285714285715,25.15,5.142857142857143,30.29285714285714,0.0,STOCK SUFFICIENT
2026-03-23,S001,Delhi,P012,Backpack,Travel,Supplier D,2044.04,0.0,27,55189.08,249,150,7,False,3,2026,23,0,13,26.0,25.142857142857142,21.15,5.0285714285714285,26.178571428571427,0.0,STOCK SUFFICIENT
2026-03-23,S004,Lucknow,P006,Bluetooth Speaker,Electronics,Supplier D,2723.12,10.0,10,27231.199999999997,177,72,5,False,3,2026,23,0,13,9.0,8.571428571428571,11.485,1.7142857142857144,13.199285714285715,0.0,STOCK SUFFICIENT
2026-03-23,S002,Noida,P004,USB-C Hub,Electronics,Supplier C,1938.62,10.0,23,44588.259999999995,295,138,5,False,3,2026,23,0,13,27.0,20.571428571428573,21.47,4.114285714285715,25.584285714285713,0.0,STOCK SUFFICIENT
2026-03-23,S004,Lucknow,P015,Office Chair,Furniture,Supplier A,8002.56,20.0,9,72023.04000000001,82,39,7,False,3,2026,23,0,13,6.0,8.428571428571429,7.575,1.685714285714286,9.260714285714286,0.0,STOCK SUFFICIENT
2026-03-23,S004,Lucknow,P006,Bluetooth Speaker,Electronics,Supplier A,2916.02,,9,26244.18,165,72,12,False,3,2026,23,0,13,10.0,8.857142857142858,11.92,1.7714285714285716,13.691428571428572,0.0,STOCK SUFFICIENT
2026-03-23,S002,Noida,P014,Desk Lamp,Home,Supplier B,1339.06,0.0,14,18746.84,304,147,9,False,3,2026,23,0,13,27.0,25.285714285714285,19.895,5.057142857142857,24.952142857142857,0.0,STOCK SUFFICIENT
2026-03-23,S002,Noida,P011,Water Bottle,Sports,Supplier C,647.24,10.0,45,29125.8,591,276,5,False,3,2026,23,0,13,52.0,44.285714285714285,41.5,8.857142857142858,50.35714285714286,0.0,STOCK SUFFICIENT
2026-03-23,S002,Noida,P009,Running Shoes,Sports,Supplier B,3372.71,0.0,18,60708.78,175,101,6,False,3,2026,23,0,13,21.0,16.142857142857142,14.14,3.2285714285714286,17.36857142857143,0.0,STOCK SUFFICIENT
2026-03-23,S003,Ghaziabad,P009,Running Shoes,Sports,Supplier B,2966.18,0.0,9,26695.62,176,83,12,False,3,2026,23,0,13,16.0,14.571428571428571,12.3,2.9142857142857146,15.214285714285715,0.0,STOCK SUFFICIENT
2026-03-23,S005,Jaipur,P006,Bluetooth Speaker,Electronics,Supplier C,2633.29,0.0,10,26332.9,93,68,12,False,3,2026,23,0,13,13.0,8.571428571428571,9.32,1.7142857142857144,11.034285714285716,0.0,STOCK SUFFICIENT
2026-03-23,S006,Chandigarh,P005,Power Bank,Electronics,Supplier D,1615.17,0.0,22,35533.740000000005,349,128,11,False,3,2026,23,0,13,14.0,19.571428571428573,17.625,3.9142857142857146,21.539285714285715,0.0,STOCK SUFFICIENT
2026-03-23,S006,Chandigarh,P012,Backpack,Travel,Supplier A,1776.02,0.0,8,14208.16,109,96,2,False,3,2026,23,0,13,17.0,12.428571428571429,10.385,2.4857142857142858,12.870714285714286,0.0,STOCK SUFFICIENT
2026-03-23,S002,Noida,P006,Bluetooth Speaker,Electronics,Supplier D,2813.73,0.0,11,30951.03,180,92,3,False,3,2026,23,0,13,13.0,13.428571428571429,13.755,2.685714285714286,16.440714285714286,0.0,STOCK SUFFICIENT
2026-03-23,S003,Ghaziabad,P001,Laptop Bag,Accessories,Supplier B,1194.57,15.0,18,21502.26,322,136,8,False,3,2026,23,0,13,13.0,21.428571428571427,22.065,4.285714285714286,26.350714285714286,0.0,STOCK SUFFICIENT
2026-03-24,S006,Chandigarh,P010,Yoga Mat,Sports,Supplier A,1418.55,15.0,13,18441.149999999998,184,108,5,False,3,2026,24,1,13,24.0,17.857142857142858,18.475,3.5714285714285716,22.046428571428574,0.0,STOCK SUFFICIENT
2026-03-24,S002,Noida,P015,Office Chair,Furniture,Supplier A,8898.65,20.0,11,97885.15,98,50,7,False,3,2026,24,1,13,7.0,7.857142857142857,8.975,1.5714285714285714,10.54642857142857,0.0,STOCK SUFFICIENT
2026-03-24,S001,Delhi,P012,Backpack,Travel,Supplier A,1768.05,10.0,18,31824.899999999998,304,150,4,False,3,2026,24,1,13,27.0,26.428571428571427,26.325,5.285714285714286,31.610714285714284,0.0,STOCK SUFFICIENT
2026-03-24,S005,Jaipur,P007,Smart Watch,Wearables,Supplier C,4184.35,5.0,6,25106.100000000002,85,61,11,False,3,2026,24,1,13,9.0,10.857142857142858,8.535,2.1714285714285717,10.706428571428571,0.0,STOCK SUFFICIENT
2026-03-24,S006,Chandigarh,P005,Power Bank,Electronics,Supplier A,1696.78,5.0,19,32238.82,143,128,6,False,3,2026,24,1,13,22.0,21.142857142857142,18.55,4.228571428571429,22.77857142857143,0.0,STOCK SUFFICIENT
2026-03-24,S006,Chandigarh,P006,Bluetooth Speaker,Electronics,Supplier C,2684.48,5.0,13,34898.24,61,64,7,True,3,2026,24,1,13,8.0,8.428571428571429,8.485,1.685714285714286,10.170714285714286,0.0,REORDER REQUIRED
2026-03-24,S003,Ghaziabad,P009,Running Shoes,Sports,Supplier D,3376.22,20.0,20,67524.4,165,83,9,False,3,2026,24,1,13,9.0,13.857142857142858,13.255,2.771428571428572,16.02642857142857,0.0,STOCK SUFFICIENT
2026-03-24,S002,Noida,P014,Desk Lamp,Home,Supplier C,1273.86,0.0,18,22929.48,241,147,11,False,3,2026,24,1,13,23.0,24.142857142857142,21.155,4.828571428571429,25.98357142857143,0.0,STOCK SUFFICIENT
2026-03-24,S002,Noida,P002,Wireless Mouse,Accessories,Supplier D,830.38,15.0,48,39858.24,451,239,13,False,3,2026,24,1,13,33.0,40.285714285714285,41.885,8.057142857142857,49.942142857142855,0.0,STOCK SUFFICIENT
2026-03-24,S004,Lucknow,P008,Fitness Band,Wearables,Supplier A,2179.74,0.0,20,43594.799999999996,248,93,11,False,3,2026,24,1,13,16.0,16.571428571428573,13.535,3.314285714285715,16.849285714285713,0.0,STOCK SUFFICIENT
2026-03-24,S004,Lucknow,P008,Fitness Band,Wearables,Supplier B,2184.74,10.0,15,32771.1,246,93,5,False,3,2026,24,1,13,20.0,17.857142857142858,16.825,3.5714285714285716,20.396428571428572,0.0,STOCK SUFFICIENT
2026-03-24,S002,Noida,P014,Desk Lamp,Home,Supplier D,1309.24,10.0,23,30112.52,227,147,3,False,3,2026,24,1,13,14.0,23.714285714285715,23.52,4.742857142857143,28.262857142857143,0.0,STOCK SUFFICIENT
2026-03-24,S002,Noida,P007,Smart Watch,Wearables,Supplier B,4642.89,5.0,15,69643.35,172,82,6,False,3,2026,24,1,13,12.0,14.0,11.27,2.8000000000000003,14.07,0.0,STOCK SUFFICIENT
2026-03-24,S002,Noida,P006,Bluetooth Speaker,Electronics,Supplier A,2965.3,5.0,13,38548.9,184,92,11,False,3,2026,24,1,13,11.0,13.428571428571429,15.685,2.685714285714286,18.370714285714286,0.0,STOCK SUFFICIENT
2026-03-24,S005,Jaipur,P002,Wireless Mouse,Accessories,Supplier D,874.22,15.0,33,28849.260000000002,377,176,13,False,3,2026,24,1,13,32.0,28.285714285714285,27.065,5.6571428571428575,32.722142857142856,0.0,STOCK SUFFICIENT
2026-03-25,S004,Lucknow,P015,Office Chair,Furniture,Supplier D,8774.77,5.0,5,43873.850000000006,87,39,6,False,3,2026,25,2,13,9.0,8.571428571428571,5.67,1.7142857142857144,7.384285714285714,0.0,STOCK SUFFICIENT
2026-03-25,S003,Ghaziabad,P008,Fitness Band,Wearables,Supplier C,2193.35,0.0,21,46060.35,220,98,9,False,3,2026,25,2,13,14.0,16.428571428571427,13.285,3.2857142857142856,16.570714285714285,0.0,STOCK SUFFICIENT
2026-03-25,S001,Delhi,P006,Bluetooth Speaker,Electronics,Supplier C,2917.36,5.0,14,40843.04,196,100,2,False,3,2026,25,2,13,20.0,14.571428571428571,15.885,2.9142857142857146,18.799285714285716,0.0,STOCK SUFFICIENT
2026-03-25,S005,Jaipur,P005,Power Bank,Electronics,Supplier B,1541.57,0.0,15,23123.55,377,136,14,False,3,2026,25,2,13,30.0,20.571428571428573,19.235,4.114285714285715,23.349285714285713,0.0,STOCK SUFFICIENT
2026-03-25,S005,Jaipur,P005,Power Bank,Electronics,Supplier B,1549.85,5.0,30,46495.5,252,136,14,False,3,2026,25,2,13,16.0,20.142857142857142,21.65,4.0285714285714285,25.678571428571427,0.0,STOCK SUFFICIENT
2026-03-25,S004,Lucknow,P002,Wireless Mouse,Accessories,Supplier C,797.31,10.0,30,23919.3,444,187,13,False,3,2026,25,2,13,29.0,32.714285714285715,28.07,6.542857142857144,34.612857142857145,0.0,STOCK SUFFICIENT
2026-03-25,S005,Jaipur,P011,Water Bottle,Sports,Supplier B,742.25,0.0,36,26721.0,329,204,4,False,3,2026,25,2,13,34.0,34.57142857142857,28.935,6.914285714285715,35.84928571428571,0.0,STOCK SUFFICIENT
2026-03-25,S001,Delhi,P004,USB-C Hub,Electronics,Supplier C,1768.93,15.0,19,33609.67,277,150,14,False,3,2026,25,2,13,15.0,20.428571428571427,24.1,4.085714285714285,28.185714285714287,0.0,STOCK SUFFICIENT
2026-03-25,S005,Jaipur,P015,Office Chair,Furniture,Supplier C,7990.41,10.0,5,39952.05,83,37,8,False,3,2026,25,2,13,6.0,6.571428571428571,6.265,1.3142857142857143,7.579285714285714,0.0,STOCK SUFFICIENT
2026-03-25,S006,Chandigarh,P004,USB-C Hub,Electronics,Supplier A,1813.51,0.0,10,18135.1,183,96,6,False,3,2026,25,2,13,14.0,13.142857142857142,11.295,2.6285714285714286,13.923571428571428,0.0,STOCK SUFFICIENT
2026-03-25,S006,Chandigarh,P014,Desk Lamp,Home,Supplier B,1267.9,0.0,11,13946.900000000001,251,102,5,False,3,2026,25,2,13,14.0,18.0,16.16,3.6,19.76,0.0,STOCK SUFFICIENT
2026-03-25,S003,Ghaziabad,P005,Power Bank,Electronics,Supplier A,1483.19,5.0,21,31146.99,407,152,5,False,3,2026,25,2,13,32.0,24.0,23.645,4.800000000000001,28.445,0.0,STOCK SUFFICIENT
2026-03-25,S004,Lucknow,P008,Fitness Band,Wearables,Supplier B,2333.2,0.0,14,32664.799999999996,249,93,13,False,3,2026,25,2,13,15.0,18.142857142857142,13.77,3.6285714285714286,17.39857142857143,0.0,STOCK SUFFICIENT
2026-03-25,S004,Lucknow,P010,Yoga Mat,Sports,Supplier D,1331.86,10.0,12,15982.32,154,122,11,False,3,2026,25,2,13,32.0,21.571428571428573,20.285,4.314285714285715,24.599285714285713,0.0,STOCK SUFFICIENT
2026-03-25,S004,Lucknow,P004,USB-C Hub,Electronics,Supplier A,1931.04,0.0,18,34758.72,193,108,4,False,3,2026,25,2,13,11.0,13.571428571428571,13.225,2.7142857142857144,15.939285714285713,0.0,STOCK SUFFICIENT
2026-03-25,S003,Ghaziabad,P010,Yoga Mat,Sports,Supplier A,1360.75,20.0,25,34018.75,186,129,10,False,3,2026,25,2,13,27.0,20.857142857142858,21.305,4.171428571428572,25.47642857142857,0.0,STOCK SUFFICIENT
2026-03-25,S001,Delhi,P005,Power Bank,Electronics,Supplier C,1536.37,15.0,33,50700.21,322,200,10,False,3,2026,25,2,13,32.0,34.57142857142857,32.58,6.914285714285715,39.49428571428571,0.0,STOCK SUFFICIENT
2026-03-25,S001,Delhi,P005,Power Bank,Electronics,Supplier C,1521.32,0.0,30,45639.6,427,200,14,False,3,2026,25,2,13,33.0,33.714285714285715,29.11,6.742857142857144,35.85285714285715,0.0,STOCK SUFFICIENT
2026-03-26,S003,Ghaziabad,P002,Wireless Mouse,Accessories,Supplier B,798.76,5.0,25,19969.0,331,197,3,False,3,2026,26,3,13,33.0,30.857142857142858,28.525,6.171428571428572,34.69642857142857,0.0,STOCK SUFFICIENT
2026-03-26,S004,Lucknow,P004,USB-C Hub,Electronics,Supplier B,1764.86,0.0,13,22943.18,201,108,8,False,3,2026,26,3,13,18.0,14.571428571428571,15.8,2.9142857142857146,18.714285714285715,0.0,STOCK SUFFICIENT
2026-03-26,S002,Noida,P010,Yoga Mat,Sports,Supplier D,1413.4,15.0,22,31094.800000000003,274,156,2,False,3,2026,26,3,13,19.0,25.428571428571427,26.37,5.085714285714285,31.455714285714286,0.0,STOCK SUFFICIENT
2026-03-26,S004,Lucknow,P015,Office Chair,Furniture,Supplier B,8427.45,15.0,6,50564.700000000004,89,39,4,False,3,2026,26,3,13,5.0,7.714285714285714,7.385,1.542857142857143,8.927857142857142,0.0,STOCK SUFFICIENT
2026-03-26,S001,Delhi,P005,Power Bank,Electronics,Supplier B,1556.54,10.0,39,60705.06,342,200,6,False,3,2026,26,3,13,30.0,32.285714285714285,29.915,6.457142857142857,36.372142857142855,0.0,STOCK SUFFICIENT
2026-03-26,S002,Noida,P013,Travel Adapter,Travel,Supplier C,1145.94,0.0,28,32086.32,351,165,10,False,3,2026,26,3,13,41.0,28.428571428571427,21.95,5.685714285714286,27.635714285714286,0.0,STOCK SUFFICIENT
2026-03-26,S004,Lucknow,P009,Running Shoes,Sports,Supplier C,3044.85,15.0,11,33493.35,138,79,4,False,3,2026,26,3,13,16.0,12.0,13.135,2.4000000000000004,15.535,0.0,STOCK SUFFICIENT
2026-03-26,S006,Chandigarh,P015,Office Chair,Furniture,Supplier D,9009.76,15.0,8,72078.08,74,35,4,False,3,2026,26,3,13,4.0,4.428571428571429,6.935,0.8857142857142858,7.820714285714286,0.0,STOCK SUFFICIENT
2026-03-26,S004,Lucknow,P002,Wireless Mouse,Accessories,Supplier D,814.19,5.0,33,26868.27,291,187,2,False,3,2026,26,3,13,30.0,31.571428571428573,29.09,6.314285714285715,35.40428571428571,0.0,STOCK SUFFICIENT
2026-03-26,S004,Lucknow,P002,Wireless Mouse,Accessories,Supplier B,879.45,5.0,32,28142.4,229,187,4,False,3,2026,26,3,13,33.0,31.714285714285715,28.555,6.342857142857143,34.89785714285714,0.0,STOCK SUFFICIENT
2026-03-26,S002,Noida,P008,Fitness Band,Wearables,Supplier B,2172.02,0.0,24,52128.479999999996,304,119,6,False,3,2026,26,3,13,13.0,19.857142857142858,16.425,3.9714285714285715,20.396428571428572,0.0,STOCK SUFFICIENT
2026-03-26,S002,Noida,P003,Mechanical Keyboard,Accessories,Supplier B,2218.21,15.0,18,39927.78,234,110,13,False,3,2026,26,3,13,13.0,14.571428571428571,19.145,2.9142857142857146,22.059285714285714,0.0,STOCK SUFFICIENT
2026-03-26,S002,Noida,P002,Wireless Mouse,Accessories,Supplier C,860.27,5.0,22,18925.94,383,239,8,False,3,2026,26,3,13,48.0,40.142857142857146,39.15,8.02857142857143,47.17857142857143,0.0,STOCK SUFFICIENT
2026-03-26,S002,Noida,P005,Power Bank,Electronics,Supplier D,1565.84,5.0,31,48541.04,374,184,11,False,3,2026,26,3,13,32.0,29.0,28.565,5.800000000000001,34.365,0.0,STOCK SUFFICIENT
2026-03-26,S002,Noida,P004,USB-C Hub,Electronics,Supplier B,1746.66,15.0,27,47159.82,260,138,11,False,3,2026,26,3,13,23.0,20.142857142857142,23.33,4.0285714285714285,27.358571428571427,0.0,STOCK SUFFICIENT
2026-03-26,S005,Jaipur,P011,Water Bottle,Sports,Supplier A,706.65,10.0,30,21199.5,492,204,3,False,3,2026,26,3,13,36.0,35.285714285714285,31.915,7.057142857142857,38.972142857142856,0.0,STOCK SUFFICIENT
2026-03-26,S005,Jaipur,P014,Desk Lamp,Home,Supplier A,1239.01,5.0,14,17346.14,230,108,9,False,3,2026,26,3,13,16.0,16.142857142857142,16.215,3.2285714285714286,19.443571428571428,0.0,STOCK SUFFICIENT
2026-03-26,S005,Jaipur,P001,Laptop Bag,Accessories,Supplier C,1166.13,0.0,27,31485.510000000002,266,122,4,False,3,2026,26,3,13,26.0,18.285714285714285,16.1,3.657142857142857,19.75714285714286,0.0,STOCK SUFFICIENT
2026-03-26,S002,Noida,P007,Smart Watch,Wearables,Supplier D,4303.26,5.0,13,55942.380000000005,160,82,5,False,3,2026,26,3,13,15.0,14.285714285714286,12.12,2.8571428571428577,14.977142857142857,0.0,STOCK SUFFICIENT
2026-03-27,S003,Ghaziabad,P012,Backpack,Travel,Supplier C,1804.28,0.0,26,46911.28,131,114,9,False,3,2026,27,4,13,21.0,18.571428571428573,17.94,3.714285714285715,21.654285714285717,0.0,STOCK SUFFICIENT
2026-03-27,S002,Noida,P015,Office Chair,Furniture,Supplier D,9166.22,0.0,10,91662.2,93,50,5,False,3,2026,27,4,13,11.0,8.0,8.275,1.6,9.875,0.0,STOCK SUFFICIENT
2026-03-27,S004,Lucknow,P004,USB-C Hub,Electronics,Supplier A,1807.75,10.0,10,18077.5,221,108,14,False,3,2026,27,4,13,13.0,14.428571428571429,16.385,2.885714285714286,19.270714285714288,0.0,STOCK SUFFICIENT
2026-03-27,S006,Chandigarh,P003,Mechanical Keyboard,Accessories,Supplier A,2580.54,0.0,16,41288.64,84,76,9,False,3,2026,27,4,13,11.0,12.428571428571429,11.685,2.4857142857142858,14.170714285714286,0.0,STOCK SUFFICIENT
2026-03-27,S006,Chandigarh,P015,Office Chair,Furniture,Supplier A,8482.39,20.0,7,59376.729999999996,34,35,14,True,3,2026,27,4,13,8.0,5.0,6.155,1.0,7.155,0.0,REORDER REQUIRED
2026-03-27,S004,Lucknow,P008,Fitness Band,Wearables,Supplier B,2073.99,5.0,23,47701.77,216,93,10,False,3,2026,27,4,13,14.0,17.428571428571427,13.845,3.4857142857142858,17.330714285714286,0.0,STOCK SUFFICIENT
2026-03-27,S005,Jaipur,P003,Mechanical Keyboard,Accessories,Supplier A,2589.75,20.0,10,25897.5,149,81,13,False,3,2026,27,4,13,13.0,11.714285714285714,12.07,2.342857142857143,14.412857142857144,0.0,STOCK SUFFICIENT
2026-03-27,S002,Noida,P006,Bluetooth Speaker,Electronics,Supplier B,2770.68,5.0,13,36018.84,141,92,9,False,3,2026,27,4,13,13.0,13.0,13.275,2.6,15.875,0.0,STOCK SUFFICIENT
2026-03-27,S006,Chandigarh,P011,Water Bottle,Sports,Supplier B,755.33,15.0,30,22659.9,434,192,12,False,3,2026,27,4,13,23.0,25.428571428571427,31.315,5.085714285714285,36.40071428571429,0.0,STOCK SUFFICIENT
2026-03-27,S004,Lucknow,P006,Bluetooth Speaker,Electronics,Supplier B,2962.14,10.0,7,20734.98,175,72,4,False,3,2026,27,4,13,10.0,8.428571428571429,11.215,1.685714285714286,12.900714285714287,0.0,STOCK SUFFICIENT
2026-03-28,S003,Ghaziabad,P003,Mechanical Keyboard,Accessories,Supplier B,2479.32,0.0,17,42148.44,186,91,10,False,3,2026,28,5,13,14.0,18.142857142857142,16.1,3.6285714285714286,19.72857142857143,0.0,STOCK SUFFICIENT
2026-03-28,S004,Lucknow,P005,Power Bank,Electronics,Supplier B,1590.0,5.0,33,52470.0,288,144,7,False,3,2026,28,5,13,19.0,21.857142857142858,25.79,4.371428571428572,30.161428571428573,0.0,STOCK SUFFICIENT
2026-03-28,S005,Jaipur,P004,USB-C Hub,Electronics,Supplier A,1816.65,0.0,14,25433.100000000002,252,102,8,False,3,2026,28,5,13,18.0,17.428571428571427,14.085,3.4857142857142858,17.57071428571429,0.0,STOCK SUFFICIENT
2026-03-28,S005,Jaipur,P010,Yoga Mat,Sports,Supplier A,1350.82,5.0,22,29718.039999999997,247,115,8,False,3,2026,28,5,13,23.0,23.285714285714285,19.97,4.6571428571428575,24.627142857142857,0.0,STOCK SUFFICIENT
2026-03-28,S002,Noida,P014,Desk Lamp,Home,Supplier A,1363.82,5.0,21,28640.219999999998,273,147,5,False,3,2026,28,5,13,18.0,23.285714285714285,25.43,4.6571428571428575,30.087142857142858,0.0,STOCK SUFFICIENT
2026-03-28,S006,Chandigarh,P007,Smart Watch,Wearables,Supplier D,4193.59,0.0,13,54516.67,45,57,9,True,3,2026,28,5,13,10.0,11.0,8.725,2.2,10.925,0.0,REORDER REQUIRED
2026-03-28,S006,Chandigarh,P009,Running Shoes,Sports,Supplier B,3240.33,15.0,11,35643.63,51,70,9,True,3,2026,28,5,13,16.0,11.571428571428571,12.445,2.3142857142857145,14.759285714285715,0.0,REORDER REQUIRED
2026-03-28,S006,Chandigarh,P010,Yoga Mat,Sports,Supplier A,1383.03,15.0,15,20745.45,278,108,12,False,3,2026,28,5,13,13.0,17.571428571428573,20.14,3.5142857142857147,23.654285714285717,0.0,STOCK SUFFICIENT
2026-03-28,S001,Delhi,P001,Laptop Bag,Accessories,Supplier D,1113.39,5.0,34,37855.26,375,180,5,False,3,2026,28,5,13,32.0,31.142857142857142,33.72,6.228571428571429,39.94857142857143,0.0,STOCK SUFFICIENT
2026-03-28,S005,Jaipur,P001,Laptop Bag,Accessories,Supplier A,1208.96,20.0,19,22970.24,238,122,14,False,3,2026,28,5,13,27.0,19.428571428571427,22.785,3.8857142857142857,26.670714285714286,0.0,STOCK SUFFICIENT
2026-03-28,S003,Ghaziabad,P014,Desk Lamp,Home,Supplier A,1358.3,0.0,29,39390.7,249,121,5,False,3,2026,28,5,13,16.0,19.857142857142858,17.61,3.9714285714285715,21.58142857142857,0.0,STOCK SUFFICIENT
2026-03-28,S001,Delhi,P001,Laptop Bag,Accessories,Supplier B,1107.79,5.0,32,35449.28,339,180,6,False,3,2026,28,5,13,32.0,30.285714285714285,32.83,6.057142857142857,38.887142857142855,0.0,STOCK SUFFICIENT
2026-03-29,S003,Ghaziabad,P005,Power Bank,Electronics,Supplier C,1651.13,10.0,26,42929.380000000005,323,152,11,False,3,2026,29,6,13,21.0,24.0,28.015,4.800000000000001,32.815,0.0,STOCK SUFFICIENT
2026-03-29,S001,Delhi,P014,Desk Lamp,Home,Supplier B,1204.08,10.0,34,40938.72,229,160,13,False,3,2026,29,6,13,30.0,26.428571428571427,27.25,5.285714285714286,32.535714285714285,0.0,STOCK SUFFICIENT
2026-03-29,S006,Chandigarh,P002,Wireless Mouse,Accessories,Supplier A,866.29,10.0,37,32052.73,231,166,10,False,3,2026,29,6,13,21.0,25.571428571428573,26.445,5.114285714285715,31.559285714285714,0.0,STOCK SUFFICIENT
2026-03-29,S002,Noida,P010,Yoga Mat,Sports,Supplier B,1483.71,5.0,36,53413.56,283,156,5,False,3,2026,29,6,13,22.0,25.857142857142858,29.2,5.171428571428572,34.371428571428574,0.0,STOCK SUFFICIENT
2026-03-29,S005,Jaipur,P006,Bluetooth Speaker,Electronics,Supplier A,2879.04,5.0,15,43185.6,114,68,13,False,3,2026,29,6,13,10.0,8.857142857142858,10.64,1.7714285714285716,12.411428571428573,0.0,STOCK SUFFICIENT
2026-03-29,S005,Jaipur,P006,Bluetooth Speaker,Electronics,Supplier A,2758.98,5.0,20,55179.6,159,68,11,False,3,2026,29,6,13,15.0,9.857142857142858,11.735,1.9714285714285715,13.706428571428571,0.0,STOCK SUFFICIENT
2026-03-29,S001,Delhi,P003,Mechanical Keyboard,Accessories,Supplier A,2474.53,15.0,21,51965.130000000005,262,120,4,False,3,2026,29,6,13,21.0,20.285714285714285,20.51,4.057142857142857,24.56714285714286,0.0,STOCK SUFFICIENT
2026-03-29,S002,Noida,P006,Bluetooth Speaker,Electronics,Supplier A,2591.4,5.0,17,44053.8,151,92,10,False,3,2026,29,6,13,13.0,13.142857142857142,14.185,2.6285714285714286,16.81357142857143,0.0,STOCK SUFFICIENT
2026-03-29,S002,Noida,P006,Bluetooth Speaker,Electronics,Supplier B,2728.95,5.0,25,68223.75,129,92,6,False,3,2026,29,6,13,17.0,12.571428571428571,14.66,2.5142857142857142,17.174285714285716,0.0,STOCK SUFFICIENT
2026-03-29,S006,Chandigarh,P013,Travel Adapter,Travel,Supplier B,1142.72,0.0,26,29710.72,132,115,12,False,3,2026,29,6,13,18.0,18.142857142857142,15.99,3.6285714285714286,19.61857142857143,0.0,STOCK SUFFICIENT
2026-03-29,S003,Ghaziabad,P013,Travel Adapter,Travel,Supplier D,1041.95,0.0,21,21880.95,287,136,12,False,3,2026,29,6,13,25.0,20.714285714285715,22.615,4.142857142857143,26.75785714285714,0.0,STOCK SUFFICIENT
2026-03-29,S004,Lucknow,P001,Laptop Bag,Accessories,Supplier D,1242.68,20.0,25,31067.0,285,129,14,False,3,2026,29,6,13,20.0,20.714285714285715,25.58,4.142857142857143,29.72285714285714,0.0,STOCK SUFFICIENT
2026-03-29,S005,Jaipur,P003,Mechanical Keyboard,Accessories,Supplier A,2529.23,5.0,15,37938.45,88,81,14,False,3,2026,29,6,13,10.0,11.428571428571429,13.235,2.285714285714286,15.520714285714286,0.0,STOCK SUFFICIENT
2026-03-29,S005,Jaipur,P003,Mechanical Keyboard,Accessories,Supplier A,2429.98,0.0,13,31589.74,192,81,4,False,3,2026,29,6,13,15.0,11.571428571428571,12.14,2.3142857142857145,14.454285714285716,0.0,STOCK SUFFICIENT
2026-03-30,S005,Jaipur,P011,Water Bottle,Sports,Supplier B,739.6,0.0,28,20708.8,196,204,12,True,3,2026,30,0,14,30.0,34.142857142857146,30.62,6.828571428571429,37.44857142857143,0.0,REORDER REQUIRED
2026-03-30,S005,Jaipur,P014,Desk Lamp,Home,Supplier B,1310.86,20.0,20,26217.199999999997,135,108,3,False,3,2026,30,0,14,14.0,16.857142857142858,19.0,3.371428571428572,22.371428571428574,0.0,STOCK SUFFICIENT
2026-03-30,S003,Ghaziabad,P015,Office Chair,Furniture,Supplier A,9048.21,0.0,5,45241.049999999996,76,41,7,False,3,2026,30,0,14,6.0,7.428571428571429,6.14,1.4857142857142858,7.6257142857142854,0.0,STOCK SUFFICIENT
2026-03-30,S001,Delhi,P012,Backpack,Travel,Supplier C,2026.7,0.0,19,38507.3,243,150,6,False,3,2026,30,0,14,18.0,25.285714285714285,23.995,5.057142857142857,29.052142857142858,0.0,STOCK SUFFICIENT
2026-03-30,S003,Ghaziabad,P010,Yoga Mat,Sports,Supplier C,1351.25,15.0,13,17566.25,299,129,5,False,3,2026,30,0,14,25.0,22.714285714285715,21.23,4.542857142857144,25.772857142857145,0.0,STOCK SUFFICIENT
2026-03-30,S005,Jaipur,P014,Desk Lamp,Home,Supplier C,1378.82,5.0,22,30334.039999999997,227,108,12,False,3,2026,30,0,14,20.0,17.142857142857142,16.295,3.428571428571429,19.723571428571432,0.0,STOCK SUFFICIENT
2026-03-30,S005,Jaipur,P009,Running Shoes,Sports,Supplier B,3061.64,0.0,7,21431.48,120,74,4,False,3,2026,30,0,14,8.0,8.714285714285714,10.71,1.7428571428571429,12.452857142857145,0.0,STOCK SUFFICIENT
2026-03-30,S004,Lucknow,P011,Water Bottle,Sports,Supplier B,664.33,10.0,43,28566.190000000002,288,216,6,False,3,2026,30,0,14,49.0,37.714285714285715,39.245,7.542857142857144,46.78785714285714,0.0,STOCK SUFFICIENT
2026-03-30,S006,Chandigarh,P008,Fitness Band,Wearables,Supplier A,2084.67,0.0,12,25016.04,182,83,8,False,3,2026,30,0,14,17.0,12.0,12.355,2.4000000000000004,14.755,0.0,STOCK SUFFICIENT
2026-03-30,S004,Lucknow,P005,Power Bank,Electronics,Supplier C,1657.43,0.0,23,38120.89,239,144,14,False,3,2026,30,0,14,33.0,22.428571428571427,21.275,4.485714285714286,25.760714285714286,0.0,STOCK SUFFICIENT
2026-03-30,S004,Lucknow,P005,Power Bank,Electronics,Supplier D,1662.25,0.0,21,34907.25,279,144,3,False,3,2026,30,0,14,23.0,23.142857142857142,20.875,4.628571428571429,25.50357142857143,0.0,STOCK SUFFICIENT
2026-03-31,S004,Lucknow,P012,Backpack,Travel,Supplier D,1931.14,5.0,12,23173.68,198,108,9,False,3,2026,31,1,14,11.0,14.142857142857142,15.07,2.8285714285714287,17.89857142857143,0.0,STOCK SUFFICIENT
2026-03-31,S003,Ghaziabad,P011,Water Bottle,Sports,Supplier A,657.95,0.0,32,21054.4,255,228,12,False,3,2026,31,1,14,41.0,37.285714285714285,33.74,7.457142857142857,41.19714285714286,0.0,STOCK SUFFICIENT
2026-03-31,S004,Lucknow,P012,Backpack,Travel,Supplier B,1871.79,20.0,21,39307.59,181,108,7,False,3,2026,31,1,14,12.0,14.142857142857142,16.475,2.8285714285714287,19.30357142857143,0.0,STOCK SUFFICIENT
2026-03-31,S004,Lucknow,P013,Travel Adapter,Travel,Supplier C,1106.17,10.0,20,22123.4,180,129,8,False,3,2026,31,1,14,26.0,24.571428571428573,22.505,4.914285714285715,27.419285714285714,0.0,STOCK SUFFICIENT
2026-03-31,S004,Lucknow,P013,Travel Adapter,Travel,Supplier B,1042.67,15.0,26,27109.420000000002,166,129,9,False,3,2026,31,1,14,17.0,23.0,21.75,4.6000000000000005,26.35,0.0,STOCK SUFFICIENT
2026-03-31,S003,Ghaziabad,P011,Water Bottle,Sports,Supplier A,672.83,10.0,45,30277.350000000002,304,228,6,False,3,2026,31,1,14,32.0,35.57142857142857,34.195,7.114285714285714,41.309285714285714,0.0,STOCK SUFFICIENT
2026-03-31,S004,Lucknow,P008,Fitness Band,Wearables,Supplier B,2189.88,5.0,14,30658.32,143,93,2,False,3,2026,31,1,14,23.0,18.285714285714285,16.245,3.657142857142857,19.90214285714286,0.0,STOCK SUFFICIENT
2026-03-31,S001,Delhi,P003,Mechanical Keyboard,Accessories,Supplier D,2285.14,10.0,26,59413.64,200,120,2,False,3,2026,31,1,14,21.0,19.428571428571427,20.555,3.8857142857142857,24.440714285714286,0.0,STOCK SUFFICIENT
2026-03-31,S001,Delhi,P015,Office Chair,Furniture,Supplier A,9167.83,5.0,9,82510.47,125,55,14,False,3,2026,31,1,14,11.0,9.285714285714286,8.675,1.8571428571428574,10.532142857142858,0.0,STOCK SUFFICIENT
2026-03-31,S005,Jaipur,P013,Travel Adapter,Travel,Supplier A,1068.73,10.0,21,22443.33,263,122,5,False,3,2026,31,1,14,18.0,17.142857142857142,17.945,3.428571428571429,21.37357142857143,0.0,STOCK SUFFICIENT
2026-03-31,S001,Delhi,P004,USB-C Hub,Electronics,Supplier B,1940.54,0.0,31,60156.74,290,150,13,False,3,2026,31,1,14,19.0,20.428571428571427,20.0,4.085714285714285,24.085714285714285,0.0,STOCK SUFFICIENT
2026-03-31,S001,Delhi,P001,Laptop Bag,Accessories,Supplier A,1193.87,10.0,30,35816.1,245,180,6,False,3,2026,31,1,14,34.0,32.285714285714285,29.13,6.457142857142857,35.58714285714286,0.0,STOCK SUFFICIENT
2026-03-31,S006,Chandigarh,P009,Running Shoes,Sports,Supplier C,3269.23,5.0,8,26153.84,124,70,13,False,3,2026,31,1,14,11.0,11.428571428571429,10.145,2.285714285714286,12.430714285714286,0.0,STOCK SUFFICIENT
2026-03-31,S002,Noida,P002,Wireless Mouse,Accessories,Supplier D,910.66,10.0,36,32783.76,472,239,7,False,3,2026,31,1,14,22.0,36.714285714285715,39.465,7.342857142857143,46.807857142857145,0.0,STOCK SUFFICIENT
2026-03-31,S003,Ghaziabad,P003,Mechanical Keyboard,Accessories,Supplier D,2461.6,5.0,14,34462.4,121,91,8,False,3,2026,31,1,14,17.0,17.428571428571427,15.815,3.4857142857142858,19.300714285714285,0.0,STOCK SUFFICIENT
2026-03-31,S001,Delhi,P015,Office Chair,Furniture,Supplier D,8875.92,5.0,11,97635.12,122,55,4,False,3,2026,31,1,14,7.0,9.0,7.225,1.8,9.025,0.0,STOCK SUFFICIENT
2026-03-31,S006,Chandigarh,P004,USB-C Hub,Electronics,Supplier D,1899.24,5.0,16,30387.84,183,96,13,False,3,2026,31,1,14,10.0,12.857142857142858,15.1,2.5714285714285716,17.67142857142857,0.0,STOCK SUFFICIENT
2026-03-31,S005,Jaipur,P011,Water Bottle,Sports,Supplier B,728.31,5.0,27,19664.37,628,204,12,False,3,2026,31,1,14,28.0,32.57142857142857,32.41,6.514285714285714,38.92428571428571,0.0,STOCK SUFFICIENT
2026-03-31,S005,Jaipur,P004,USB-C Hub,Electronics,Supplier C,1802.06,15.0,18,32437.079999999998,212,102,10,False,3,2026,31,1,14,14.0,17.142857142857142,18.89,3.428571428571429,22.31857142857143,0.0,STOCK SUFFICIENT
2026-04-01,S004,Lucknow,P001,Laptop Bag,Accessories,Supplier B,1145.22,5.0,25,28630.5,234,129,12,False,4,2026,1,2,14,25.0,21.714285714285715,19.58,4.342857142857143,23.92285714285714,0.0,STOCK SUFFICIENT
2026-04-01,S002,Noida,P011,Water Bottle,Sports,Supplier C,690.83,10.0,51,35232.33,577,276,9,False,4,2026,1,2,14,45.0,46.0,44.915,9.200000000000001,54.115,0.0,STOCK SUFFICIENT
2026-04-01,S003,Ghaziabad,P001,Laptop Bag,Accessories,Supplier C,1130.26,10.0,18,20344.68,197,136,8,False,4,2026,1,2,14,18.0,21.142857142857142,22.595,4.228571428571429,26.823571428571427,0.0,STOCK SUFFICIENT
2026-04-01,S002,Noida,P011,Water Bottle,Sports,Supplier A,698.15,0.0,48,33511.2,557,276,4,False,4,2026,1,2,14,51.0,46.714285714285715,42.595,9.342857142857143,51.93785714285714,0.0,STOCK SUFFICIENT
2026-04-01,S001,Delhi,P007,Smart Watch,Wearables,Supplier C,4556.36,5.0,18,82014.48,171,90,4,False,4,2026,1,2,14,11.0,13.571428571428571,13.69,2.7142857142857144,16.404285714285713,0.0,STOCK SUFFICIENT
2026-04-01,S006,Chandigarh,P002,Wireless Mouse,Accessories,Supplier A,786.97,0.0,17,13378.49,464,166,5,False,4,2026,1,2,14,37.0,27.142857142857142,20.805,5.428571428571429,26.23357142857143,0.0,STOCK SUFFICIENT
2026-04-01,S005,Jaipur,P008,Fitness Band,Wearables,Supplier D,2261.16,5.0,6,13566.96,225,88,11,False,4,2026,1,2,14,18.0,14.285714285714286,13.975,2.8571428571428577,16.832142857142856,0.0,STOCK SUFFICIENT
2026-04-01,S004,Lucknow,P015,Office Chair,Furniture,Supplier B,8629.89,0.0,6,51779.34,67,39,10,False,4,2026,1,2,14,6.0,7.285714285714286,5.7,1.4571428571428573,7.1571428571428575,0.0,STOCK SUFFICIENT
2026-04-01,S005,Jaipur,P007,Smart Watch,Wearables,Supplier C,4476.25,0.0,6,26857.5,81,61,11,False,4,2026,1,2,14,6.0,10.0,7.765,2.0,9.765,0.0,STOCK SUFFICIENT
2026-04-01,S006,Chandigarh,P004,USB-C Hub,Electronics,Supplier B,1815.05,10.0,14,25410.7,208,96,7,False,4,2026,1,2,14,16.0,14.0,16.27,2.8000000000000003,19.07,0.0,STOCK SUFFICIENT
2026-04-01,S001,Delhi,P010,Yoga Mat,Sports,Supplier B,1290.43,0.0,25,32260.75,288,170,9,False,4,2026,1,2,14,40.0,26.857142857142858,23.89,5.371428571428572,29.261428571428574,0.0,STOCK SUFFICIENT
2026-04-02,S006,Chandigarh,P011,Water Bottle,Sports,Supplier B,685.75,10.0,31,21258.25,436,192,11,False,4,2026,2,3,14,30.0,25.428571428571427,29.885,5.085714285714285,34.97071428571429,0.0,STOCK SUFFICIENT
2026-04-02,S001,Delhi,P001,Laptop Bag,Accessories,Supplier A,1249.7,15.0,29,36241.3,410,180,9,False,4,2026,2,3,14,30.0,32.0,28.72,6.4,35.12,0.0,STOCK SUFFICIENT
2026-04-02,S002,Noida,P007,Smart Watch,Wearables,Supplier D,4380.39,0.0,9,39423.51,164,82,14,False,4,2026,2,3,14,13.0,14.571428571428571,10.53,2.9142857142857146,13.444285714285714,0.0,STOCK SUFFICIENT
2026-04-02,S006,Chandigarh,P012,Backpack,Travel,Supplier C,2019.82,15.0,11,22218.02,155,96,12,False,4,2026,2,3,14,8.0,11.857142857142858,14.74,2.3714285714285714,17.111428571428572,0.0,STOCK SUFFICIENT
2026-04-02,S001,Delhi,P006,Bluetooth Speaker,Electronics,Supplier D,2782.92,5.0,13,36177.96,180,100,6,False,4,2026,2,3,14,14.0,15.285714285714286,14.335,3.0571428571428574,17.392142857142858,0.0,STOCK SUFFICIENT
2026-04-02,S005,Jaipur,P014,Desk Lamp,Home,Supplier B,1324.99,20.0,17,22524.83,175,108,6,False,4,2026,2,3,14,22.0,17.571428571428573,18.45,3.5142857142857147,21.964285714285715,0.0,STOCK SUFFICIENT
2026-04-02,S006,Chandigarh,P014,Desk Lamp,Home,Supplier B,1322.44,5.0,15,19836.600000000002,247,102,6,False,4,2026,2,3,14,11.0,17.0,14.995,3.4000000000000004,18.395,0.0,STOCK SUFFICIENT
2026-04-02,S004,Lucknow,P011,Water Bottle,Sports,Supplier C,713.61,5.0,36,25689.96,481,216,13,False,4,2026,2,3,14,43.0,39.0,34.045,7.800000000000001,41.845,0.0,STOCK SUFFICIENT
2026-04-02,S004,Lucknow,P012,Backpack,Travel,Supplier D,2035.99,0.0,9,18323.91,153,108,5,False,4,2026,2,3,14,21.0,15.428571428571429,15.88,3.085714285714286,18.965714285714288,0.0,STOCK SUFFICIENT
2026-04-02,S005,Jaipur,P010,Yoga Mat,Sports,Supplier B,1373.14,5.0,16,21970.24,222,115,6,False,4,2026,2,3,14,22.0,23.142857142857142,18.0,4.628571428571429,22.62857142857143,0.0,STOCK SUFFICIENT
2026-04-02,S005,Jaipur,P014,Desk Lamp,Home,Supplier D,1265.2,0.0,14,17712.8,291,108,6,False,4,2026,2,3,14,17.0,17.0,15.405,3.4000000000000004,18.805,0.0,STOCK SUFFICIENT
2026-04-02,S006,Chandigarh,P004,USB-C Hub,Electronics,Supplier B,1726.73,15.0,15,25900.95,176,96,6,False,4,2026,2,3,14,14.0,14.428571428571429,16.345,2.885714285714286,19.230714285714285,0.0,STOCK SUFFICIENT
2026-04-03,S001,Delhi,P013,Travel Adapter,Travel,Supplier C,1105.44,15.0,35,38690.4,306,180,10,False,4,2026,3,4,14,22.0,27.428571428571427,30.33,5.485714285714286,35.815714285714286,0.0,STOCK SUFFICIENT
2026-04-03,S006,Chandigarh,P009,Running Shoes,Sports,Supplier B,3206.44,10.0,6,19238.64,147,70,13,False,4,2026,3,4,14,8.0,10.857142857142858,11.8,2.1714285714285717,13.971428571428572,0.0,STOCK SUFFICIENT
2026-04-03,S005,Jaipur,P005,Power Bank,Electronics,Supplier C,1527.03,5.0,16,24432.48,260,136,12,False,4,2026,3,4,14,15.0,20.0,19.0,4.0,23.0,0.0,STOCK SUFFICIENT
2026-04-03,S002,Noida,P014,Desk Lamp,Home,Supplier B,1377.65,0.0,21,28930.65,343,147,8,False,4,2026,3,4,14,21.0,23.142857142857142,20.69,4.628571428571429,25.31857142857143,0.0,STOCK SUFFICIENT
2026-04-03,S002,Noida,P013,Travel Adapter,Travel,Supplier D,1084.81,15.0,37,40137.97,415,165,3,False,4,2026,3,4,14,28.0,28.285714285714285,27.72,5.6571428571428575,33.37714285714286,0.0,STOCK SUFFICIENT
2026-04-03,S006,Chandigarh,P015,Office Chair,Furniture,Supplier D,7943.85,15.0,3,23831.550000000003,74,35,11,False,4,2026,3,4,14,7.0,5.0,7.405,1.0,8.405000000000001,0.0,STOCK SUFFICIENT
2026-04-03,S004,Lucknow,P008,Fitness Band,Wearables,Supplier D,2094.03,0.0,11,23034.33,191,93,3,False,4,2026,3,4,14,14.0,17.0,13.92,3.4000000000000004,17.32,0.0,STOCK SUFFICIENT
2026-04-03,S003,Ghaziabad,P005,Power Bank,Electronics,Supplier B,1504.61,15.0,29,43633.689999999995,195,152,12,False,4,2026,3,4,14,26.0,24.428571428571427,24.735,4.885714285714286,29.620714285714286,0.0,STOCK SUFFICIENT
2026-04-04,S003,Ghaziabad,P012,Backpack,Travel,Supplier D,2047.71,0.0,20,40954.2,244,114,14,False,4,2026,4,5,14,26.0,19.285714285714285,17.265,3.857142857142857,21.122142857142858,0.0,STOCK SUFFICIENT
2026-04-04,S005,Jaipur,P012,Backpack,Travel,Supplier D,1940.6,10.0,10,19406.0,258,102,8,False,4,2026,4,5,14,14.0,18.142857142857142,17.055,3.6285714285714286,20.68357142857143,0.0,STOCK SUFFICIENT
2026-04-04,S004,Lucknow,P008,Fitness Band,Wearables,Supplier B,2099.43,5.0,13,27292.589999999997,152,93,4,False,4,2026,4,5,14,11.0,16.142857142857142,15.12,3.2285714285714286,18.34857142857143,0.0,STOCK SUFFICIENT
2026-04-04,S006,Chandigarh,P013,Travel Adapter,Travel,Supplier C,1180.87,0.0,18,21255.659999999996,266,115,4,False,4,2026,4,5,14,26.0,18.857142857142858,17.63,3.771428571428572,21.40142857142857,0.0,STOCK SUFFICIENT
2026-04-04,S004,Lucknow,P013,Travel Adapter,Travel,Supplier C,1143.31,5.0,26,29726.059999999998,209,129,13,False,4,2026,4,5,14,20.0,23.428571428571427,26.055,4.685714285714286,30.740714285714287,0.0,STOCK SUFFICIENT
2026-04-04,S001,Delhi,P011,Water Bottle,Sports,Supplier C,697.65,0.0,51,35580.15,409,300,14,False,4,2026,4,5,14,54.0,46.57142857142857,46.195,9.314285714285715,55.50928571428572,0.0,STOCK SUFFICIENT
2026-04-04,S005,Jaipur,P008,Fitness Band,Wearables,Supplier B,2095.19,0.0,10,20951.9,153,88,12,False,4,2026,4,5,14,6.0,12.857142857142858,13.76,2.5714285714285716,16.33142857142857,0.0,STOCK SUFFICIENT
2026-04-04,S003,Ghaziabad,P014,Desk Lamp,Home,Supplier B,1392.64,0.0,12,16711.68,317,121,9,False,4,2026,4,5,14,29.0,21.714285714285715,19.05,4.342857142857143,23.392857142857146,0.0,STOCK SUFFICIENT
2026-04-04,S002,Noida,P002,Wireless Mouse,Accessories,Supplier B,876.12,15.0,48,42053.76,514,239,8,False,4,2026,4,5,14,36.0,36.42857142857143,44.605,7.2857142857142865,51.89071428571428,0.0,STOCK SUFFICIENT
2026-04-04,S004,Lucknow,P002,Wireless Mouse,Accessories,Supplier B,880.05,20.0,41,36082.049999999996,227,187,8,False,4,2026,4,5,14,32.0,29.285714285714285,30.45,5.857142857142858,36.30714285714286,0.0,STOCK SUFFICIENT
2026-04-05,S001,Delhi,P013,Travel Adapter,Travel,Supplier B,1078.72,0.0,28,30204.16,285,180,5,False,4,2026,5,6,14,35.0,29.857142857142858,28.72,5.9714285714285715,34.691428571428574,0.0,STOCK SUFFICIENT
2026-04-05,S004,Lucknow,P003,Mechanical Keyboard,Accessories,Supplier B,2448.52,0.0,10,24485.2,211,86,3,False,4,2026,5,6,14,16.0,13.142857142857142,14.995,2.6285714285714286,17.623571428571427,0.0,STOCK SUFFICIENT
2026-04-05,S006,Chandigarh,P012,Backpack,Travel,Supplier A,1866.04,5.0,23,42918.92,141,96,7,False,4,2026,5,6,14,11.0,12.285714285714286,15.1,2.4571428571428573,17.557142857142857,0.0,STOCK SUFFICIENT
2026-04-05,S006,Chandigarh,P008,Fitness Band,Wearables,Supplier D,2373.4,0.0,16,37974.4,238,83,10,False,4,2026,5,6,14,12.0,13.0,13.99,2.6,16.59,0.0,STOCK SUFFICIENT
2026-04-05,S002,Noida,P010,Yoga Mat,Sports,Supplier C,1398.98,0.0,30,41969.4,236,156,2,False,4,2026,5,6,14,36.0,28.714285714285715,23.875,5.742857142857144,29.617857142857144,0.0,STOCK SUFFICIENT
2026-04-05,S005,Jaipur,P009,Running Shoes,Sports,Supplier D,3134.15,15.0,12,37609.8,108,74,12,False,4,2026,5,6,14,7.0,8.714285714285714,13.4,1.7428571428571429,15.142857142857142,0.0,STOCK SUFFICIENT
2026-04-05,S004,Lucknow,P007,Smart Watch,Wearables,Supplier B,4719.69,0.0,13,61355.969999999994,166,64,11,False,4,2026,5,6,14,12.0,8.142857142857142,10.275,1.6285714285714286,11.903571428571428,0.0,STOCK SUFFICIENT
2026-04-05,S003,Ghaziabad,P001,Laptop Bag,Accessories,Supplier B,1143.01,5.0,33,37719.33,140,136,5,False,4,2026,5,6,14,18.0,21.0,25.325,4.2,29.525,0.0,STOCK SUFFICIENT
2026-04-05,S003,Ghaziabad,P007,Smart Watch,Wearables,Supplier D,4793.73,5.0,15,71905.95,92,68,3,False,4,2026,5,6,14,7.0,9.142857142857142,11.56,1.8285714285714285,13.38857142857143,0.0,STOCK SUFFICIENT
2026-04-05,S001,Delhi,P011,Water Bottle,Sports,Supplier D,709.37,0.0,50,35468.5,418,300,6,False,4,2026,5,6,14,51.0,47.142857142857146,45.39,9.428571428571429,54.81857142857143,0.0,STOCK SUFFICIENT
2026-04-05,S003,Ghaziabad,P011,Water Bottle,Sports,Supplier C,698.62,0.0,49,34232.38,440,228,7,False,4,2026,5,6,14,45.0,36.57142857142857,37.415,7.314285714285714,44.729285714285716,0.0,STOCK SUFFICIENT
2026-04-06,S001,Delhi,P003,Mechanical Keyboard,Accessories,Supplier A,2562.63,5.0,21,53815.23,275,120,4,False,4,2026,6,0,15,26.0,20.428571428571427,20.2,4.085714285714285,24.285714285714285,0.0,STOCK SUFFICIENT
2026-04-06,S006,Chandigarh,P003,Mechanical Keyboard,Accessories,Supplier A,2295.53,0.0,11,25250.83,116,76,12,False,4,2026,6,0,15,16.0,13.571428571428571,10.24,2.7142857142857144,12.954285714285714,0.0,STOCK SUFFICIENT
2026-04-06,S004,Lucknow,P003,Mechanical Keyboard,Accessories,Supplier C,2566.15,5.0,15,38492.25,158,86,8,False,4,2026,6,0,15,10.0,12.714285714285714,12.9,2.5428571428571427,15.442857142857143,0.0,STOCK SUFFICIENT
2026-04-06,S002,Noida,P006,Bluetooth Speaker,Electronics,Supplier D,2965.66,10.0,17,50416.22,176,92,3,False,4,2026,6,0,15,25.0,14.571428571428571,17.24,2.9142857142857146,20.154285714285713,0.0,STOCK SUFFICIENT
2026-04-06,S003,Ghaziabad,P009,Running Shoes,Sports,Supplier B,3086.73,15.0,10,30867.3,158,83,13,False,4,2026,6,0,15,20.0,14.714285714285714,11.34,2.942857142857143,14.282857142857143,0.0,STOCK SUFFICIENT
2026-04-06,S005,Jaipur,P001,Laptop Bag,Accessories,Supplier D,1157.68,0.0,17,19680.56,270,122,2,False,4,2026,6,0,15,19.0,20.714285714285715,16.155,4.142857142857143,20.297857142857143,0.0,STOCK SUFFICIENT
2026-04-06,S005,Jaipur,P001,Laptop Bag,Accessories,Supplier B,1154.4,0.0,19,21933.600000000002,168,122,7,False,4,2026,6,0,15,19.0,20.142857142857142,15.545,4.0285714285714285,19.573571428571427,0.0,STOCK SUFFICIENT
2026-04-06,S003,Ghaziabad,P013,Travel Adapter,Travel,Supplier C,1034.56,0.0,23,23794.879999999997,141,136,8,False,4,2026,6,0,15,21.0,21.714285714285715,18.47,4.342857142857143,22.81285714285714,0.0,STOCK SUFFICIENT
2026-04-06,S005,Jaipur,P001,Laptop Bag,Accessories,Supplier D,1173.03,5.0,19,22287.57,141,122,13,False,4,2026,6,0,15,17.0,20.571428571428573,18.125,4.114285714285715,22.239285714285714,0.0,STOCK SUFFICIENT
2026-04-06,S001,Delhi,P015,Office Chair,Furniture,Supplier C,8856.25,15.0,11,97418.75,105,55,5,False,4,2026,6,0,15,9.0,8.714285714285714,10.12,1.7428571428571429,11.862857142857141,0.0,STOCK SUFFICIENT
2026-04-07,S001,Delhi,P001,Laptop Bag,Accessories,Supplier B,1273.71,10.0,27,34390.17,399,180,13,False,4,2026,7,1,15,29.0,30.285714285714285,29.94,6.057142857142857,35.99714285714286,0.0,STOCK SUFFICIENT
2026-04-07,S001,Delhi,P012,Backpack,Travel,Supplier C,2030.18,0.0,24,48724.32,363,150,8,False,4,2026,7,1,15,19.0,23.428571428571427,21.975,4.685714285714286,26.66071428571429,0.0,STOCK SUFFICIENT
2026-04-07,S001,Delhi,P009,Running Shoes,Sports,Supplier A,3212.4,5.0,15,48186.0,182,110,8,False,4,2026,7,1,15,18.0,19.571428571428573,19.23,3.9142857142857146,23.144285714285715,0.0,STOCK SUFFICIENT
2026-04-07,S001,Delhi,P004,USB-C Hub,Electronics,Supplier B,1757.86,10.0,18,31641.48,311,150,5,False,4,2026,7,1,15,31.0,21.285714285714285,22.975,4.257142857142857,27.232142857142858,0.0,STOCK SUFFICIENT
2026-04-07,S003,Ghaziabad,P002,Wireless Mouse,Accessories,Supplier D,893.95,0.0,33,29500.350000000002,438,197,10,False,4,2026,7,1,15,25.0,29.714285714285715,28.485,5.942857142857143,34.42785714285714,0.0,STOCK SUFFICIENT
2026-04-07,S005,Jaipur,P014,Desk Lamp,Home,Supplier A,1248.34,15.0,13,16228.419999999998,151,108,8,False,4,2026,7,1,15,14.0,17.142857142857142,18.09,3.428571428571429,21.518571428571427,0.0,STOCK SUFFICIENT
2026-04-07,S001,Delhi,P002,Wireless Mouse,Accessories,Supplier C,850.43,10.0,53,45072.79,570,260,14,False,4,2026,7,1,15,52.0,42.42857142857143,42.97,8.485714285714286,51.455714285714286,0.0,STOCK SUFFICIENT
2026-04-07,S005,Jaipur,P013,Travel Adapter,Travel,Supplier A,1083.99,0.0,18,19511.82,130,122,13,False,4,2026,7,1,15,21.0,17.857142857142858,15.875,3.5714285714285716,19.446428571428573,0.0,STOCK SUFFICIENT
2026-04-07,S004,Lucknow,P003,Mechanical Keyboard,Accessories,Supplier A,2292.71,0.0,12,27512.52,159,86,7,False,4,2026,7,1,15,15.0,13.0,12.52,2.6,15.12,0.0,STOCK SUFFICIENT
2026-04-07,S003,Ghaziabad,P004,USB-C Hub,Electronics,Supplier B,1659.63,15.0,19,31532.97,248,114,11,False,4,2026,7,1,15,24.0,19.714285714285715,20.805,3.942857142857143,24.747857142857143,0.0,STOCK SUFFICIENT
2026-04-07,S003,Ghaziabad,P006,Bluetooth Speaker,Electronics,Supplier A,2605.28,5.0,11,28658.08,175,76,11,False,4,2026,7,1,15,6.0,9.857142857142858,12.605,1.9714285714285715,14.576428571428572,0.0,STOCK SUFFICIENT
2026-04-07,S002,Noida,P012,Backpack,Travel,Supplier D,1840.43,15.0,26,47851.18,310,138,12,False,4,2026,7,1,15,24.0,25.857142857142858,21.885,5.171428571428572,27.056428571428572,0.0,STOCK SUFFICIENT
2026-04-07,S001,Delhi,P011,Water Bottle,Sports,Supplier B,750.84,15.0,48,36040.32,469,300,12,False,4,2026,7,1,15,50.0,48.0,44.22,9.600000000000001,53.82,0.0,STOCK SUFFICIENT
2026-04-07,S005,Jaipur,P003,Mechanical Keyboard,Accessories,Supplier B,2478.07,5.0,11,27258.77,205,81,4,False,4,2026,7,1,15,13.0,12.571428571428571,12.52,2.5142857142857142,15.034285714285714,0.0,STOCK SUFFICIENT
2026-04-07,S001,Delhi,P013,Travel Adapter,Travel,Supplier B,1180.09,0.0,25,29502.249999999996,318,180,2,False,4,2026,7,1,15,28.0,29.142857142857142,24.335,5.828571428571429,30.16357142857143,0.0,STOCK SUFFICIENT
2026-04-07,S006,Chandigarh,P011,Water Bottle,Sports,Supplier D,750.32,15.0,27,20258.640000000003,269,192,3,False,4,2026,7,1,15,31.0,26.142857142857142,29.355,5.228571428571429,34.58357142857143,0.0,STOCK SUFFICIENT
2026-04-07,S005,Jaipur,P011,Water Bottle,Sports,Supplier B,699.76,5.0,30,20992.8,504,204,2,False,4,2026,7,1,15,27.0,32.0,31.27,6.4,37.67,0.0,STOCK SUFFICIENT
2026-04-07,S003,Ghaziabad,P008,Fitness Band,Wearables,Supplier B,2365.6,0.0,19,44946.4,161,98,4,False,4,2026,7,1,15,21.0,17.142857142857142,14.39,3.428571428571429,17.81857142857143,0.0,STOCK SUFFICIENT
2026-04-07,S003,Ghaziabad,P007,Smart Watch,Wearables,Supplier A,4507.97,0.0,5,22539.850000000002,121,68,4,False,4,2026,7,1,15,15.0,10.714285714285714,9.415,2.142857142857143,11.557857142857141,0.0,STOCK SUFFICIENT
2026-04-07,S004,Lucknow,P007,Smart Watch,Wearables,Supplier A,4349.33,0.0,12,52191.96,151,64,2,False,4,2026,7,1,15,13.0,9.0,8.835,1.8,10.635000000000002,0.0,STOCK SUFFICIENT
2026-04-07,S006,Chandigarh,P012,Backpack,Travel,Supplier D,2016.35,0.0,23,46376.049999999996,272,96,10,False,4,2026,7,1,15,23.0,13.714285714285714,14.3,2.742857142857143,17.042857142857144,0.0,STOCK SUFFICIENT
2026-04-07,S004,Lucknow,P013,Travel Adapter,Travel,Supplier A,1033.46,15.0,27,27903.420000000002,151,129,2,False,4,2026,7,1,15,26.0,23.142857142857142,21.14,4.628571428571429,25.76857142857143,0.0,STOCK SUFFICIENT
2026-04-07,S003,Ghaziabad,P014,Desk Lamp,Home,Supplier A,1290.34,10.0,20,25806.8,229,121,9,False,4,2026,7,1,15,12.0,19.857142857142858,21.215,3.9714285714285715,25.18642857142857,0.0,STOCK SUFFICIENT
2026-04-08,S004,Lucknow,P007,Smart Watch,Wearables,Supplier B,4831.96,0.0,8,38655.68,95,64,7,False,4,2026,8,2,15,12.0,9.571428571428571,9.34,1.9142857142857144,11.254285714285714,0.0,STOCK SUFFICIENT
2026-04-08,S005,Jaipur,P007,Smart Watch,Wearables,Supplier C,4788.43,0.0,1,4788.43,141,61,8,False,4,2026,8,2,15,6.0,9.714285714285714,10.075,1.9428571428571428,12.017857142857142,0.0,STOCK SUFFICIENT
2026-04-08,S001,Delhi,P004,USB-C Hub,Electronics,Supplier D,1723.33,20.0,30,51699.899999999994,314,150,10,False,4,2026,8,2,15,18.0,20.285714285714285,24.685,4.057142857142857,28.742142857142856,0.0,STOCK SUFFICIENT
2026-04-08,S006,Chandigarh,P008,Fitness Band,Wearables,Supplier D,2072.31,0.0,7,14506.17,152,83,6,False,4,2026,8,2,15,16.0,13.571428571428571,11.49,2.7142857142857144,14.204285714285714,0.0,STOCK SUFFICIENT
2026-04-08,S005,Jaipur,P002,Wireless Mouse,Accessories,Supplier C,805.5,15.0,27,21748.5,471,176,10,False,4,2026,8,2,15,33.0,28.857142857142858,27.505,5.771428571428572,33.27642857142857,0.0,STOCK SUFFICIENT
2026-04-08,S006,Chandigarh,P006,Bluetooth Speaker,Electronics,Supplier B,2907.86,5.0,17,49433.62,140,64,12,False,4,2026,8,2,15,13.0,9.142857142857142,11.22,1.8285714285714285,13.04857142857143,0.0,STOCK SUFFICIENT
2026-04-08,S002,Noida,P012,Backpack,Travel,Supplier B,1889.68,0.0,21,39683.28,225,138,11,False,4,2026,8,2,15,26.0,25.428571428571427,20.875,5.085714285714285,25.960714285714285,0.0,STOCK SUFFICIENT
2026-04-08,S005,Jaipur,P015,Office Chair,Furniture,Supplier D,7964.64,0.0,9,71681.76000000001,65,37,2,False,4,2026,8,2,15,5.0,6.428571428571429,7.02,1.2857142857142858,8.305714285714286,0.0,STOCK SUFFICIENT
2026-04-08,S002,Noida,P005,Power Bank,Electronics,Supplier D,1636.38,0.0,26,42545.880000000005,374,184,11,False,4,2026,8,2,15,31.0,29.285714285714285,25.79,5.857142857142858,31.647142857142857,0.0,STOCK SUFFICIENT
2026-04-08,S003,Ghaziabad,P012,Backpack,Travel,Supplier A,2050.51,10.0,27,55363.770000000004,107,114,4,True,4,2026,8,2,15,20.0,18.857142857142858,18.295,3.771428571428572,22.066428571428574,0.0,REORDER REQUIRED
2026-04-08,S004,Lucknow,P008,Fitness Band,Wearables,Supplier A,2031.65,10.0,14,28443.100000000002,192,93,10,False,4,2026,8,2,15,13.0,15.714285714285714,15.65,3.142857142857143,18.792857142857144,0.0,STOCK SUFFICIENT
2026-04-08,S001,Delhi,P011,Water Bottle,Sports,Supplier B,686.11,10.0,61,41852.71,514,300,13,False,4,2026,8,2,15,48.0,49.42857142857143,49.275,9.885714285714286,59.160714285714285,0.0,STOCK SUFFICIENT
2026-04-08,S006,Chandigarh,P004,USB-C Hub,Electronics,Supplier D,1780.69,15.0,18,32052.420000000002,74,96,6,True,4,2026,8,2,15,15.0,14.142857142857142,17.165,2.8285714285714287,19.99357142857143,0.0,REORDER REQUIRED
2026-04-08,S003,Ghaziabad,P008,Fitness Band,Wearables,Supplier C,2080.41,10.0,14,29125.739999999998,150,98,12,False,4,2026,8,2,15,19.0,17.428571428571427,15.75,3.4857142857142858,19.235714285714288,0.0,STOCK SUFFICIENT
2026-04-08,S006,Chandigarh,P014,Desk Lamp,Home,Supplier C,1271.68,15.0,18,22890.24,168,102,13,False,4,2026,8,2,15,15.0,16.142857142857142,16.705,3.2285714285714286,19.933571428571426,0.0,STOCK SUFFICIENT
2026-04-08,S005,Jaipur,P014,Desk Lamp,Home,Supplier C,1275.2,10.0,15,19128.0,187,108,3,False,4,2026,8,2,15,13.0,16.571428571428573,17.56,3.314285714285715,20.874285714285712,0.0,STOCK SUFFICIENT
2026-04-08,S005,Jaipur,P007,Smart Watch,Wearables,Supplier D,4141.83,0.0,8,33134.64,113,61,4,False,4,2026,8,2,15,1.0,8.571428571428571,7.71,1.7142857142857144,9.424285714285714,0.0,STOCK SUFFICIENT
2026-04-09,S005,Jaipur,P008,Fitness Band,Wearables,Supplier D,2293.17,0.0,15,34397.55,130,88,12,False,4,2026,9,3,15,10.0,11.142857142857142,14.3,2.2285714285714286,16.52857142857143,0.0,STOCK SUFFICIENT
2026-04-09,S003,Ghaziabad,P007,Smart Watch,Wearables,Supplier A,4217.68,0.0,9,37959.12,164,68,4,False,4,2026,9,3,15,5.0,10.714285714285714,9.975,2.142857142857143,12.117857142857142,0.0,STOCK SUFFICIENT
2026-04-09,S003,Ghaziabad,P007,Smart Watch,Wearables,Supplier D,4569.16,0.0,9,41122.44,122,68,11,False,4,2026,9,3,15,9.0,10.857142857142858,9.745,2.1714285714285717,11.916428571428572,0.0,STOCK SUFFICIENT
2026-04-09,S003,Ghaziabad,P011,Water Bottle,Sports,Supplier B,724.36,10.0,52,37666.72,483,228,12,False,4,2026,9,3,15,49.0,38.714285714285715,40.075,7.742857142857144,47.81785714285715,0.0,STOCK SUFFICIENT
2026-04-09,S002,Noida,P003,Mechanical Keyboard,Accessories,Supplier B,2324.26,20.0,24,55782.240000000005,233,110,8,False,4,2026,9,3,15,18.0,15.285714285714286,19.76,3.0571428571428574,22.81714285714286,0.0,STOCK SUFFICIENT
2026-04-09,S006,Chandigarh,P010,Yoga Mat,Sports,Supplier C,1415.78,0.0,15,21236.7,243,108,14,False,4,2026,9,3,15,15.0,17.714285714285715,15.335,3.542857142857143,18.877857142857145,0.0,STOCK SUFFICIENT
2026-04-09,S004,Lucknow,P003,Mechanical Keyboard,Accessories,Supplier D,2221.69,15.0,19,42212.11,100,86,8,False,4,2026,9,3,15,12.0,13.571428571428571,14.08,2.7142857142857144,16.794285714285714,0.0,STOCK SUFFICIENT
2026-04-09,S005,Jaipur,P004,USB-C Hub,Electronics,Supplier C,1689.46,0.0,13,21962.98,80,102,4,True,4,2026,9,3,15,18.0,16.142857142857142,16.325,3.2285714285714286,19.553571428571427,0.0,REORDER REQUIRED
2026-04-09,S002,Noida,P014,Desk Lamp,Home,Supplier C,1283.58,0.0,20,25671.6,254,147,5,False,4,2026,9,3,15,21.0,22.142857142857142,23.055,4.428571428571429,27.48357142857143,0.0,STOCK SUFFICIENT
2026-04-09,S003,Ghaziabad,P013,Travel Adapter,Travel,Supplier B,1023.04,15.0,26,26599.04,264,136,6,False,4,2026,9,3,15,23.0,22.428571428571427,20.82,4.485714285714286,25.305714285714288,0.0,STOCK SUFFICIENT
2026-04-09,S005,Jaipur,P011,Water Bottle,Sports,Supplier D,735.77,10.0,38,27959.26,291,204,10,False,4,2026,9,3,15,30.0,31.285714285714285,30.375,6.257142857142857,36.63214285714286,0.0,STOCK SUFFICIENT
2026-04-09,S005,Jaipur,P006,Bluetooth Speaker,Electronics,Supplier D,2836.02,5.0,8,22688.16,152,68,8,False,4,2026,9,3,15,20.0,12.0,9.84,2.4000000000000004,12.24,0.0,STOCK SUFFICIENT
2026-04-09,S006,Chandigarh,P005,Power Bank,Electronics,Supplier C,1651.17,5.0,22,36325.740000000005,244,128,12,False,4,2026,9,3,15,19.0,21.285714285714285,19.585,4.257142857142857,23.842142857142857,0.0,STOCK SUFFICIENT
2026-04-09,S005,Jaipur,P005,Power Bank,Electronics,Supplier D,1643.82,15.0,23,37807.86,353,136,8,False,4,2026,9,3,15,16.0,18.571428571428573,22.31,3.714285714285715,26.024285714285714,0.0,STOCK SUFFICIENT
2026-04-09,S003,Ghaziabad,P009,Running Shoes,Sports,Supplier B,3235.45,0.0,16,51767.2,132,83,4,False,4,2026,9,3,15,10.0,14.428571428571429,11.85,2.885714285714286,14.735714285714286,0.0,STOCK SUFFICIENT
2026-04-09,S001,Delhi,P002,Wireless Mouse,Accessories,Supplier B,875.34,5.0,38,33262.92,600,260,3,False,4,2026,9,3,15,53.0,42.857142857142854,42.335,8.571428571428571,50.90642857142857,0.0,STOCK SUFFICIENT
2026-04-10,S003,Ghaziabad,P011,Water Bottle,Sports,Supplier D,666.04,5.0,30,19981.199999999997,473,228,12,False,4,2026,10,4,15,52.0,41.285714285714285,39.765,8.257142857142858,48.02214285714286,0.0,STOCK SUFFICIENT
2026-04-10,S003,Ghaziabad,P005,Power Bank,Electronics,Supplier B,1706.77,5.0,20,34135.4,283,152,14,False,4,2026,10,4,15,29.0,26.142857142857142,23.79,5.228571428571429,29.018571428571427,0.0,STOCK SUFFICIENT
2026-04-10,S001,Delhi,P012,Backpack,Travel,Supplier A,1976.15,10.0,27,53356.05,164,150,6,False,4,2026,10,4,15,22.0,23.285714285714285,25.54,4.6571428571428575,30.197142857142858,0.0,STOCK SUFFICIENT
2026-04-10,S003,Ghaziabad,P015,Office Chair,Furniture,Supplier C,8726.77,0.0,9,78540.93000000001,80,41,7,False,4,2026,10,4,15,6.0,6.428571428571429,5.345,1.2857142857142858,6.630714285714285,0.0,STOCK SUFFICIENT
2026-04-10,S006,Chandigarh,P010,Yoga Mat,Sports,Supplier C,1305.23,0.0,22,28715.06,147,108,3,False,4,2026,10,4,15,15.0,17.142857142857142,16.815,3.428571428571429,20.24357142857143,0.0,STOCK SUFFICIENT
2026-04-10,S006,Chandigarh,P015,Office Chair,Furniture,Supplier A,8332.62,0.0,3,24997.86,50,35,8,False,4,2026,10,4,15,3.0,4.857142857142857,6.235,0.9714285714285714,7.206428571428572,0.0,STOCK SUFFICIENT
2026-04-10,S001,Delhi,P012,Backpack,Travel,Supplier A,1902.36,5.0,22,41851.92,250,150,6,False,4,2026,10,4,15,24.0,24.142857142857142,21.02,4.828571428571429,25.84857142857143,0.0,STOCK SUFFICIENT
2026-04-10,S003,Ghaziabad,P015,Office Chair,Furniture,Supplier D,8970.7,20.0,6,53824.200000000004,99,41,4,False,4,2026,10,4,15,5.0,6.0,6.97,1.2000000000000002,8.17,0.0,STOCK SUFFICIENT
2026-04-10,S005,Jaipur,P014,Desk Lamp,Home,Supplier D,1338.76,5.0,16,21420.16,248,108,9,False,4,2026,10,4,15,15.0,16.428571428571427,15.19,3.2857142857142856,18.475714285714286,0.0,STOCK SUFFICIENT
2026-04-10,S002,Noida,P014,Desk Lamp,Home,Supplier B,1393.52,10.0,28,39018.56,241,147,14,False,4,2026,10,4,15,20.0,20.571428571428573,23.445,4.114285714285715,27.559285714285714,0.0,STOCK SUFFICIENT
2026-04-10,S002,Noida,P011,Water Bottle,Sports,Supplier D,677.08,15.0,52,35208.16,707,276,6,False,4,2026,10,4,15,48.0,47.42857142857143,45.535,9.485714285714286,55.020714285714284,0.0,STOCK SUFFICIENT
2026-04-10,S003,Ghaziabad,P001,Laptop Bag,Accessories,Supplier D,1141.42,0.0,17,19404.14,170,136,4,False,4,2026,10,4,15,33.0,21.857142857142858,19.075,4.371428571428572,23.44642857142857,0.0,STOCK SUFFICIENT
2026-04-10,S003,Ghaziabad,P001,Laptop Bag,Accessories,Supplier D,1222.25,10.0,22,26889.5,206,136,9,False,4,2026,10,4,15,17.0,20.0,23.77,4.0,27.77,0.0,STOCK SUFFICIENT
2026-04-10,S003,Ghaziabad,P014,Desk Lamp,Home,Supplier C,1199.54,15.0,26,31188.04,165,121,3,False,4,2026,10,4,15,20.0,18.857142857142858,20.975,3.771428571428572,24.746428571428574,0.0,STOCK SUFFICIENT
2026-04-10,S001,Delhi,P009,Running Shoes,Sports,Supplier B,3375.06,0.0,12,40500.72,290,110,3,False,4,2026,10,4,15,15.0,18.714285714285715,15.905,3.7428571428571433,19.64785714285714,0.0,STOCK SUFFICIENT
2026-04-10,S002,Noida,P009,Running Shoes,Sports,Supplier C,3347.87,5.0,11,36826.57,209,101,5,False,4,2026,10,4,15,18.0,16.142857142857142,15.76,3.2285714285714286,18.98857142857143,0.0,STOCK SUFFICIENT
2026-04-10,S004,Lucknow,P012,Backpack,Travel,Supplier A,2011.45,10.0,19,38217.55,270,108,4,False,4,2026,10,4,15,9.0,14.428571428571429,16.735,2.885714285714286,19.620714285714286,0.0,STOCK SUFFICIENT
2026-04-10,S005,Jaipur,P010,Yoga Mat,Sports,Supplier D,1457.57,0.0,15,21863.55,220,115,12,False,4,2026,10,4,15,16.0,23.0,18.455,4.6000000000000005,23.055,0.0,STOCK SUFFICIENT
2026-04-11,S002,Noida,P013,Travel Adapter,Travel,Supplier D,1105.59,10.0,30,33167.7,285,165,13,False,4,2026,11,5,15,37.0,30.285714285714285,34.34,6.057142857142857,40.39714285714286,0.0,STOCK SUFFICIENT
2026-04-11,S001,Delhi,P010,Yoga Mat,Sports,Supplier A,1291.34,0.0,27,34866.18,296,170,5,False,4,2026,11,5,15,25.0,27.428571428571427,26.445,5.485714285714286,31.930714285714288,0.0,STOCK SUFFICIENT
2026-04-11,S001,Delhi,P002,Wireless Mouse,Accessories,Supplier C,900.5,0.0,47,42323.5,557,260,6,False,4,2026,11,5,15,38.0,41.0,38.79,8.200000000000001,46.99,0.0,STOCK SUFFICIENT
2026-04-11,S004,Lucknow,P008,Fitness Band,Wearables,Supplier C,2368.54,5.0,11,26053.94,200,93,13,False,4,2026,11,5,15,14.0,14.857142857142858,15.64,2.9714285714285715,18.611428571428572,0.0,STOCK SUFFICIENT
2026-04-11,S002,Noida,P004,USB-C Hub,Electronics,Supplier D,1735.89,10.0,24,41661.36,304,138,11,False,4,2026,11,5,15,27.0,21.571428571428573,27.13,4.314285714285715,31.444285714285712,0.0,STOCK SUFFICIENT
2026-04-11,S006,Chandigarh,P007,Smart Watch,Wearables,Supplier B,4726.25,0.0,3,14178.75,76,57,6,False,4,2026,11,5,15,13.0,11.142857142857142,8.26,2.2285714285714286,10.48857142857143,0.0,STOCK SUFFICIENT
2026-04-11,S005,Jaipur,P002,Wireless Mouse,Accessories,Supplier A,865.23,10.0,23,19900.29,391,176,7,False,4,2026,11,5,15,27.0,29.142857142857142,29.77,5.828571428571429,35.59857142857143,0.0,STOCK SUFFICIENT
2026-04-11,S003,Ghaziabad,P014,Desk Lamp,Home,Supplier C,1353.83,5.0,28,37907.24,246,121,14,False,4,2026,11,5,15,26.0,19.857142857142858,20.13,3.9714285714285715,24.10142857142857,0.0,STOCK SUFFICIENT
2026-04-11,S006,Chandigarh,P008,Fitness Band,Wearables,Supplier B,2144.01,0.0,13,27872.130000000005,140,83,4,False,4,2026,11,5,15,7.0,12.285714285714286,12.435,2.4571428571428573,14.892142857142858,0.0,STOCK SUFFICIENT
2026-04-11,S003,Ghaziabad,P010,Yoga Mat,Sports,Supplier D,1339.78,0.0,12,16077.36,222,129,2,False,4,2026,11,5,15,13.0,22.428571428571427,20.89,4.485714285714286,25.375714285714288,0.0,STOCK SUFFICIENT
2026-04-11,S004,Lucknow,P013,Travel Adapter,Travel,Supplier C,1182.64,5.0,19,22470.160000000003,212,129,2,False,4,2026,11,5,15,27.0,23.285714285714285,24.19,4.6571428571428575,28.84714285714286,0.0,STOCK SUFFICIENT
2026-04-11,S006,Chandigarh,P005,Power Bank,Electronics,Supplier D,1717.09,0.0,23,39493.07,173,128,9,False,4,2026,11,5,15,22.0,20.857142857142858,21.275,4.171428571428572,25.44642857142857,0.0,STOCK SUFFICIENT
2026-04-11,S002,Noida,P002,Wireless Mouse,Accessories,Supplier B,854.03,0.0,54,46117.619999999995,436,239,13,False,4,2026,11,5,15,48.0,37.714285714285715,40.37,7.542857142857144,47.91285714285714,0.0,STOCK SUFFICIENT
2026-04-11,S001,Delhi,P004,USB-C Hub,Electronics,Supplier B,1699.36,5.0,20,33987.2,287,150,4,False,4,2026,11,5,15,30.0,21.857142857142858,25.86,4.371428571428572,30.231428571428573,0.0,STOCK SUFFICIENT
2026-04-11,S005,Jaipur,P014,Desk Lamp,Home,Supplier C,1387.47,5.0,19,26361.93,209,108,6,False,4,2026,11,5,15,16.0,16.714285714285715,18.26,3.3428571428571434,21.602857142857147,0.0,STOCK SUFFICIENT
2026-04-11,S003,Ghaziabad,P007,Smart Watch,Wearables,Supplier A,4193.22,15.0,22,92250.84000000001,125,68,8,False,4,2026,11,5,15,9.0,10.285714285714286,11.97,2.0571428571428574,14.027142857142858,0.0,STOCK SUFFICIENT
2026-04-11,S006,Chandigarh,P015,Office Chair,Furniture,Supplier D,8883.63,10.0,5,44418.149999999994,84,35,3,False,4,2026,11,5,15,3.0,4.285714285714286,7.36,0.8571428571428572,8.217142857142857,0.0,STOCK SUFFICIENT
2026-04-11,S003,Ghaziabad,P011,Water Bottle,Sports,Supplier D,681.21,5.0,41,27929.61,460,228,2,False,4,2026,11,5,15,30.0,41.285714285714285,44.3,8.257142857142858,52.55714285714286,0.0,STOCK SUFFICIENT
2026-04-11,S001,Delhi,P012,Backpack,Travel,Supplier B,1999.92,0.0,22,43998.240000000005,317,150,2,False,4,2026,11,5,15,27.0,23.428571428571427,24.045,4.685714285714286,28.73071428571429,0.0,STOCK SUFFICIENT
2026-04-11,S002,Noida,P012,Backpack,Travel,Supplier A,1767.74,0.0,21,37122.54,161,138,9,False,4,2026,11,5,15,21.0,24.0,22.105,4.800000000000001,26.905,0.0,STOCK SUFFICIENT
2026-04-11,S005,Jaipur,P009,Running Shoes,Sports,Supplier A,3242.74,0.0,9,29184.659999999996,133,74,11,False,4,2026,11,5,15,12.0,9.0,13.055,1.8,14.855,0.0,STOCK SUFFICIENT
2026-04-12,S003,Ghaziabad,P013,Travel Adapter,Travel,Supplier A,1141.33,15.0,28,31957.239999999998,200,136,9,False,4,2026,12,6,15,26.0,23.714285714285715,27.075,4.742857142857143,31.817857142857143,0.0,STOCK SUFFICIENT
2026-04-12,S003,Ghaziabad,P008,Fitness Band,Wearables,Supplier C,2087.02,10.0,14,29218.28,216,98,12,False,4,2026,12,6,15,14.0,16.571428571428573,16.485,3.314285714285715,19.799285714285716,0.0,STOCK SUFFICIENT
2026-04-12,S005,Jaipur,P014,Desk Lamp,Home,Supplier B,1364.75,20.0,28,38213.0,220,108,4,False,4,2026,12,6,15,18.0,16.0,18.765,3.2,21.965,0.0,STOCK SUFFICIENT
2026-04-12,S005,Jaipur,P011,Water Bottle,Sports,Supplier A,646.65,5.0,33,21339.45,0,204,7,True,4,2026,12,6,15,38.0,31.857142857142858,32.835,6.371428571428572,39.206428571428575,39.206428571428575,REORDER REQUIRED
2026-04-12,S001,Delhi,P004,USB-C Hub,Electronics,Supplier D,1744.2,10.0,26,45349.200000000004,207,150,13,False,4,2026,12,6,15,20.0,21.714285714285715,25.53,4.342857142857143,29.872857142857143,0.0,STOCK SUFFICIENT
2026-04-12,S005,Jaipur,P002,Wireless Mouse,Accessories,Supplier A,907.43,5.0,36,32667.48,315,176,3,False,4,2026,12,6,15,23.0,29.285714285714285,32.16,5.857142857142858,38.01714285714286,0.0,STOCK SUFFICIENT
2026-04-12,S003,Ghaziabad,P015,Office Chair,Furniture,Supplier B,8025.81,10.0,5,40129.05,114,41,12,False,4,2026,12,6,15,9.0,6.714285714285714,8.39,1.342857142857143,9.732857142857144,0.0,STOCK SUFFICIENT
2026-04-12,S005,Jaipur,P014,Desk Lamp,Home,Supplier A,1403.26,10.0,18,25258.68,179,108,11,False,4,2026,12,6,15,19.0,16.571428571428573,18.635,3.314285714285715,21.949285714285715,0.0,STOCK SUFFICIENT
2026-04-12,S003,Ghaziabad,P002,Wireless Mouse,Accessories,Supplier D,796.88,15.0,41,32672.079999999998,462,197,8,False,4,2026,12,6,15,33.0,30.571428571428573,34.91,6.114285714285715,41.02428571428571,0.0,STOCK SUFFICIENT
2026-04-12,S001,Delhi,P013,Travel Adapter,Travel,Supplier B,1022.83,5.0,42,42958.86,288,180,10,False,4,2026,12,6,15,25.0,28.0,29.7,5.6000000000000005,35.3,0.0,STOCK SUFFICIENT
2026-04-12,S001,Delhi,P006,Bluetooth Speaker,Electronics,Supplier D,2701.31,0.0,18,48623.58,177,100,3,False,4,2026,12,6,15,13.0,15.285714285714286,16.795,3.0571428571428574,19.85214285714286,0.0,STOCK SUFFICIENT
2026-04-12,S002,Noida,P008,Fitness Band,Wearables,Supplier C,2202.45,10.0,10,22024.5,250,119,10,False,4,2026,12,6,15,24.0,20.428571428571427,18.92,4.085714285714285,23.005714285714287,0.0,STOCK SUFFICIENT
2026-04-12,S004,Lucknow,P013,Travel Adapter,Travel,Supplier D,1157.71,15.0,24,27785.04,295,129,2,False,4,2026,12,6,15,19.0,23.428571428571427,26.405,4.685714285714286,31.090714285714288,0.0,STOCK SUFFICIENT
2026-04-12,S004,Lucknow,P010,Yoga Mat,Sports,Supplier C,1396.25,0.0,22,30717.5,221,122,12,False,4,2026,12,6,15,12.0,19.571428571428573,18.785,3.9142857142857146,22.699285714285715,0.0,STOCK SUFFICIENT
2026-04-12,S005,Jaipur,P008,Fitness Band,Wearables,Supplier A,2253.11,5.0,7,15771.77,114,88,2,False,4,2026,12,6,15,15.0,12.0,15.72,2.4000000000000004,18.12,0.0,STOCK SUFFICIENT
2026-04-12,S002,Noida,P004,USB-C Hub,Electronics,Supplier C,1725.69,15.0,27,46593.630000000005,227,138,9,False,4,2026,12,6,15,24.0,22.142857142857142,28.76,4.428571428571429,33.18857142857143,0.0,STOCK SUFFICIENT
2026-04-13,S003,Ghaziabad,P005,Power Bank,Electronics,Supplier A,1695.05,0.0,17,28815.85,287,152,4,False,4,2026,13,0,16,21.0,24.857142857142858,21.365,4.9714285714285715,26.33642857142857,0.0,STOCK SUFFICIENT
2026-04-13,S002,Noida,P015,Office Chair,Furniture,Supplier B,8219.66,0.0,6,49317.96,102,50,6,False,4,2026,13,0,16,10.0,8.714285714285714,8.84,1.7428571428571429,10.582857142857144,0.0,STOCK SUFFICIENT
2026-04-13,S003,Ghaziabad,P005,Power Bank,Electronics,Supplier D,1667.33,0.0,21,35013.93,211,152,9,False,4,2026,13,0,16,20.0,26.285714285714285,22.475,5.257142857142857,27.732142857142858,0.0,STOCK SUFFICIENT
2026-04-13,S001,Delhi,P013,Travel Adapter,Travel,Supplier D,1185.64,10.0,40,47425.600000000006,277,180,13,False,4,2026,13,0,16,42.0,30.428571428571427,28.185,6.085714285714285,34.270714285714284,0.0,STOCK SUFFICIENT
2026-04-13,S004,Lucknow,P004,USB-C Hub,Electronics,Supplier B,1817.02,5.0,17,30889.34,130,108,2,False,4,2026,13,0,16,10.0,13.571428571428571,14.245,2.7142857142857144,16.959285714285713,0.0,STOCK SUFFICIENT
2026-04-13,S005,Jaipur,P013,Travel Adapter,Travel,Supplier A,1146.21,20.0,24,27509.04,272,122,11,False,4,2026,13,0,16,18.0,18.142857142857142,21.2,3.6285714285714286,24.82857142857143,0.0,STOCK SUFFICIENT
2026-04-13,S003,Ghaziabad,P009,Running Shoes,Sports,Supplier C,3182.31,15.0,17,54099.27,119,83,9,False,4,2026,13,0,16,16.0,14.428571428571429,11.965,2.885714285714286,14.850714285714286,0.0,STOCK SUFFICIENT
2026-04-13,S006,Chandigarh,P008,Fitness Band,Wearables,Supplier B,2043.16,10.0,11,22474.760000000002,179,83,14,False,4,2026,13,0,16,13.0,12.428571428571429,12.795,2.4857142857142858,15.280714285714286,0.0,STOCK SUFFICIENT
2026-04-13,S003,Ghaziabad,P008,Fitness Band,Wearables,Supplier C,2305.34,10.0,16,36885.44,174,98,10,False,4,2026,13,0,16,14.0,15.285714285714286,15.655,3.0571428571428574,18.712142857142858,0.0,STOCK SUFFICIENT
2026-04-13,S001,Delhi,P004,USB-C Hub,Electronics,Supplier C,1753.97,0.0,24,42095.28,298,150,2,False,4,2026,13,0,16,26.0,22.714285714285715,22.12,4.542857142857144,26.662857142857145,0.0,STOCK SUFFICIENT
2026-04-13,S004,Lucknow,P008,Fitness Band,Wearables,Supplier D,2178.21,5.0,13,28316.73,153,93,13,False,4,2026,13,0,16,11.0,14.285714285714286,13.96,2.8571428571428577,16.81714285714286,0.0,STOCK SUFFICIENT
2026-04-13,S001,Delhi,P010,Yoga Mat,Sports,Supplier B,1320.74,5.0,29,38301.46,346,170,6,False,4,2026,13,0,16,27.0,28.142857142857142,29.05,5.628571428571429,34.67857142857143,0.0,STOCK SUFFICIENT
2026-04-13,S001,Delhi,P003,Mechanical Keyboard,Accessories,Supplier A,2509.52,10.0,28,70266.56,116,120,2,True,4,2026,13,0,16,21.0,21.0,20.16,4.2,24.36,0.0,REORDER REQUIRED
2026-04-13,S006,Chandigarh,P002,Wireless Mouse,Accessories,Supplier D,858.92,5.0,24,20614.079999999998,218,166,6,False,4,2026,13,0,16,17.0,24.857142857142858,24.105,4.9714285714285715,29.076428571428572,0.0,STOCK SUFFICIENT
2026-04-13,S002,Noida,P008,Fitness Band,Wearables,Supplier D,2126.33,0.0,20,42526.6,159,119,14,False,4,2026,13,0,16,10.0,18.428571428571427,20.255,3.6857142857142855,23.940714285714286,0.0,STOCK SUFFICIENT
2026-04-13,S003,Ghaziabad,P008,Fitness Band,Wearables,Supplier C,2167.92,5.0,21,45526.32,217,98,4,False,4,2026,13,0,16,16.0,15.571428571428571,15.075,3.1142857142857143,18.189285714285713,0.0,STOCK SUFFICIENT
2026-04-13,S006,Chandigarh,P010,Yoga Mat,Sports,Supplier C,1397.89,0.0,17,23764.13,193,108,5,False,4,2026,13,0,16,22.0,17.857142857142858,16.345,3.5714285714285716,19.916428571428572,0.0,STOCK SUFFICIENT
2026-04-14,S002,Noida,P008,Fitness Band,Wearables,Supplier A,2048.58,0.0,18,36874.44,193,119,9,False,4,2026,14,1,16,20.0,17.714285714285715,16.81,3.542857142857143,20.352857142857143,0.0,STOCK SUFFICIENT
2026-04-14,S003,Ghaziabad,P006,Bluetooth Speaker,Electronics,Supplier A,2736.7,10.0,8,21893.6,170,76,3,False,4,2026,14,1,16,11.0,9.714285714285714,12.805,1.9428571428571428,14.747857142857143,0.0,STOCK SUFFICIENT
2026-04-14,S005,Jaipur,P007,Smart Watch,Wearables,Supplier D,4155.37,10.0,4,16621.48,83,61,8,False,4,2026,14,1,16,8.0,6.857142857142857,8.525,1.3714285714285714,9.896428571428572,0.0,STOCK SUFFICIENT
2026-04-14,S001,Delhi,P005,Power Bank,Electronics,Supplier A,1721.29,0.0,30,51638.7,381,200,9,False,4,2026,14,1,16,39.0,32.0,31.455,6.4,37.855,0.0,STOCK SUFFICIENT
2026-04-14,S003,Ghaziabad,P012,Backpack,Travel,Supplier C,1808.19,5.0,23,41588.37,244,114,7,False,4,2026,14,1,16,27.0,19.857142857142858,17.43,3.9714285714285715,21.40142857142857,0.0,STOCK SUFFICIENT
2026-04-14,S001,Delhi,P003,Mechanical Keyboard,Accessories,Supplier C,2480.56,0.0,12,29766.72,238,120,13,False,4,2026,14,1,16,28.0,22.0,18.17,4.4,22.57,0.0,STOCK SUFFICIENT
2026-04-14,S005,Jaipur,P015,Office Chair,Furniture,Supplier B,8817.82,0.0,5,44089.1,60,37,12,False,4,2026,14,1,16,9.0,6.428571428571429,5.43,1.2857142857142858,6.715714285714285,0.0,STOCK SUFFICIENT
2026-04-14,S004,Lucknow,P010,Yoga Mat,Sports,Supplier D,1350.6,15.0,18,24310.8,249,122,2,False,4,2026,14,1,16,22.0,20.0,21.955,4.0,25.955,0.0,STOCK SUFFICIENT
2026-04-14,S003,Ghaziabad,P008,Fitness Band,Wearables,Supplier B,2289.67,20.0,16,36634.72,78,98,11,True,4,2026,14,1,16,21.0,17.0,17.74,3.4000000000000004,21.14,0.0,REORDER REQUIRED
2026-04-14,S005,Jaipur,P010,Yoga Mat,Sports,Supplier C,1369.73,5.0,14,19176.22,155,115,5,False,4,2026,14,1,16,15.0,22.428571428571427,17.695,4.485714285714286,22.180714285714288,0.0,STOCK SUFFICIENT
2026-04-14,S003,Ghaziabad,P002,Wireless Mouse,Accessories,Supplier A,867.43,15.0,32,27757.76,285,197,14,False,4,2026,14,1,16,41.0,31.428571428571427,32.485,6.285714285714286,38.770714285714284,0.0,STOCK SUFFICIENT
2026-04-15,S005,Jaipur,P013,Travel Adapter,Travel,Supplier C,1014.38,10.0,19,19273.22,297,122,14,False,4,2026,15,2,16,24.0,19.571428571428573,21.075,3.9142857142857146,24.989285714285714,0.0,STOCK SUFFICIENT
2026-04-15,S001,Delhi,P013,Travel Adapter,Travel,Supplier B,1047.46,15.0,33,34566.18,404,180,12,False,4,2026,15,2,16,40.0,33.0,28.31,6.6000000000000005,34.91,0.0,STOCK SUFFICIENT
2026-04-15,S006,Chandigarh,P010,Yoga Mat,Sports,Supplier B,1313.72,5.0,17,22333.24,113,108,6,False,4,2026,15,2,16,17.0,18.285714285714285,17.05,3.657142857142857,20.70714285714286,0.0,STOCK SUFFICIENT
2026-04-15,S001,Delhi,P008,Fitness Band,Wearables,Supplier A,2327.69,15.0,26,60519.94,323,130,11,False,4,2026,15,2,16,17.0,19.0,22.115,3.8000000000000003,25.915,0.0,STOCK SUFFICIENT
2026-04-15,S006,Chandigarh,P015,Office Chair,Furniture,Supplier D,8310.87,10.0,4,33243.48,64,35,14,False,4,2026,15,2,16,5.0,4.714285714285714,6.005,0.942857142857143,6.947857142857143,0.0,STOCK SUFFICIENT
2026-04-15,S001,Delhi,P008,Fitness Band,Wearables,Supplier B,2159.32,0.0,17,36708.44,219,130,12,False,4,2026,15,2,16,13.0,19.428571428571427,19.235,3.8857142857142857,23.120714285714286,0.0,STOCK SUFFICIENT
2026-04-15,S005,Jaipur,P011,Water Bottle,Sports,Supplier D,671.35,5.0,28,18797.8,464,204,6,False,4,2026,15,2,16,33.0,31.714285714285715,30.01,6.342857142857143,36.35285714285715,0.0,STOCK SUFFICIENT
2026-04-15,S001,Delhi,P009,Running Shoes,Sports,Supplier D,3355.31,10.0,14,46974.34,217,110,2,False,4,2026,15,2,16,12.0,18.571428571428573,19.475,3.714285714285715,23.189285714285717,0.0,STOCK SUFFICIENT
2026-04-15,S005,Jaipur,P006,Bluetooth Speaker,Electronics,Supplier A,2872.21,0.0,13,37338.73,115,68,8,False,4,2026,15,2,16,8.0,11.714285714285714,8.935,2.342857142857143,11.277857142857144,0.0,STOCK SUFFICIENT
2026-04-15,S006,Chandigarh,P007,Smart Watch,Wearables,Supplier D,4819.32,0.0,8,38554.56,110,57,7,False,4,2026,15,2,16,3.0,9.857142857142858,8.34,1.9714285714285715,10.311428571428571,0.0,STOCK SUFFICIENT
2026-04-15,S003,Ghaziabad,P013,Travel Adapter,Travel,Supplier D,1080.37,5.0,30,32411.1,223,136,8,False,4,2026,15,2,16,26.0,25.142857142857142,20.72,5.0285714285714285,25.748571428571427,0.0,STOCK SUFFICIENT
2026-04-15,S003,Ghaziabad,P015,Office Chair,Furniture,Supplier A,8695.83,10.0,4,34783.32,47,41,2,False,4,2026,15,2,16,5.0,6.714285714285714,6.37,1.342857142857143,7.712857142857143,0.0,STOCK SUFFICIENT
2026-04-15,S002,Noida,P005,Power Bank,Electronics,Supplier C,1475.96,0.0,26,38374.96,359,184,2,False,4,2026,15,2,16,26.0,29.571428571428573,24.885,5.914285714285715,30.799285714285716,0.0,STOCK SUFFICIENT
2026-04-15,S002,Noida,P011,Water Bottle,Sports,Supplier A,738.22,5.0,48,35434.56,488,276,2,False,4,2026,15,2,16,52.0,49.857142857142854,41.73,9.971428571428572,51.701428571428565,0.0,STOCK SUFFICIENT
2026-04-15,S003,Ghaziabad,P013,Travel Adapter,Travel,Supplier D,1079.7,5.0,26,28072.2,272,136,10,False,4,2026,15,2,16,28.0,23.857142857142858,19.575,4.771428571428571,24.34642857142857,0.0,STOCK SUFFICIENT
2026-04-16,S005,Jaipur,P011,Water Bottle,Sports,Supplier B,725.36,0.0,34,24662.24,358,204,5,False,4,2026,16,3,16,28.0,30.571428571428573,28.53,6.114285714285715,34.644285714285715,0.0,STOCK SUFFICIENT
2026-04-16,S001,Delhi,P008,Fitness Band,Wearables,Supplier B,2181.3,10.0,23,50169.9,286,130,7,False,4,2026,16,3,16,26.0,19.285714285714285,20.775,3.857142857142857,24.632142857142856,0.0,STOCK SUFFICIENT
2026-04-16,S005,Jaipur,P004,USB-C Hub,Electronics,Supplier B,1890.53,5.0,18,34029.54,163,102,14,False,4,2026,16,3,16,13.0,16.285714285714285,14.515,3.257142857142857,17.772142857142857,0.0,STOCK SUFFICIENT
2026-04-16,S006,Chandigarh,P003,Mechanical Keyboard,Accessories,Supplier A,2273.46,5.0,10,22734.6,78,76,13,False,4,2026,16,3,16,11.0,12.428571428571429,10.5,2.4857142857142858,12.985714285714286,0.0,STOCK SUFFICIENT
2026-04-16,S001,Delhi,P004,USB-C Hub,Electronics,Supplier C,1876.88,15.0,26,48798.880000000005,307,150,12,False,4,2026,16,3,16,24.0,24.0,25.335,4.800000000000001,30.135,0.0,STOCK SUFFICIENT
2026-04-16,S004,Lucknow,P015,Office Chair,Furniture,Supplier D,8199.3,5.0,5,40996.5,54,39,7,False,4,2026,16,3,16,6.0,6.571428571428571,6.515,1.3142857142857143,7.829285714285714,0.0,STOCK SUFFICIENT
2026-04-16,S006,Chandigarh,P013,Travel Adapter,Travel,Supplier B,1069.22,5.0,17,18176.74,310,115,8,False,4,2026,16,3,16,18.0,20.0,19.17,4.0,23.17,0.0,STOCK SUFFICIENT
2026-04-16,S003,Ghaziabad,P014,Desk Lamp,Home,Supplier C,1391.26,0.0,20,27825.2,29,121,13,True,4,2026,16,3,16,28.0,22.142857142857142,18.8,4.428571428571429,23.228571428571428,0.0,REORDER REQUIRED
2026-04-16,S006,Chandigarh,P009,Running Shoes,Sports,Supplier C,2991.97,15.0,14,41887.579999999994,178,70,12,False,4,2026,16,3,16,6.0,10.285714285714286,13.075,2.0571428571428574,15.132142857142856,0.0,STOCK SUFFICIENT
2026-04-16,S001,Delhi,P006,Bluetooth Speaker,Electronics,Supplier C,2643.81,10.0,20,52876.2,200,100,5,False,4,2026,16,3,16,18.0,15.857142857142858,16.085,3.1714285714285717,19.25642857142857,0.0,STOCK SUFFICIENT
2026-04-16,S004,Lucknow,P001,Laptop Bag,Accessories,Supplier C,1291.16,10.0,28,36152.48,210,129,10,False,4,2026,16,3,16,25.0,21.0,21.755,4.2,25.955,0.0,STOCK SUFFICIENT
2026-04-16,S003,Ghaziabad,P012,Backpack,Travel,Supplier A,1914.91,15.0,17,32553.47,163,114,3,False,4,2026,16,3,16,23.0,20.714285714285715,18.335,4.142857142857143,22.477857142857143,0.0,STOCK SUFFICIENT
2026-04-16,S005,Jaipur,P003,Mechanical Keyboard,Accessories,Supplier A,2250.86,5.0,7,15756.02,116,81,11,False,4,2026,16,3,16,11.0,12.142857142857142,11.965,2.428571428571429,14.393571428571429,0.0,STOCK SUFFICIENT
2026-04-16,S004,Lucknow,P009,Running Shoes,Sports,Supplier B,2957.3,5.0,12,35487.600000000006,109,79,14,False,4,2026,16,3,16,11.0,11.0,11.51,2.2,13.71,0.0,STOCK SUFFICIENT
2026-04-16,S001,Delhi,P012,Backpack,Travel,Supplier C,1770.23,0.0,18,31864.14,318,150,9,False,4,2026,16,3,16,22.0,22.714285714285715,21.105,4.542857142857144,25.647857142857145,0.0,STOCK SUFFICIENT
2026-04-17,S003,Ghaziabad,P008,Fitness Band,Wearables,Supplier D,2068.72,10.0,13,26893.359999999997,163,98,6,False,4,2026,17,4,16,16.0,17.285714285714285,16.215,3.4571428571428573,19.67214285714286,0.0,STOCK SUFFICIENT
2026-04-17,S002,Noida,P006,Bluetooth Speaker,Electronics,Supplier B,2782.34,0.0,13,36170.42,156,92,2,False,4,2026,17,4,16,17.0,15.571428571428571,13.62,3.1142857142857143,16.734285714285715,0.0,STOCK SUFFICIENT
2026-04-17,S004,Lucknow,P003,Mechanical Keyboard,Accessories,Supplier C,2413.24,15.0,9,21719.159999999996,179,86,2,False,4,2026,17,4,16,11.0,13.428571428571429,14.615,2.685714285714286,17.300714285714285,0.0,STOCK SUFFICIENT
2026-04-17,S006,Chandigarh,P014,Desk Lamp,Home,Supplier B,1260.52,5.0,11,13865.72,227,102,9,False,4,2026,17,4,16,18.0,16.0,15.28,3.2,18.48,0.0,STOCK SUFFICIENT
2026-04-17,S004,Lucknow,P003,Mechanical Keyboard,Accessories,Supplier A,2390.5,0.0,11,26295.5,193,86,6,False,4,2026,17,4,16,19.0,14.142857142857142,14.355,2.8285714285714287,17.18357142857143,0.0,STOCK SUFFICIENT
2026-04-17,S004,Lucknow,P014,Desk Lamp,Home,Supplier C,1305.67,0.0,19,24807.730000000003,222,115,2,False,4,2026,17,4,16,16.0,20.285714285714285,16.475,4.057142857142857,20.53214285714286,0.0,STOCK SUFFICIENT
2026-04-17,S001,Delhi,P012,Backpack,Travel,Supplier D,1941.72,5.0,18,34950.96,267,150,14,False,4,2026,17,4,16,18.0,21.428571428571427,22.69,4.285714285714286,26.975714285714286,0.0,STOCK SUFFICIENT
2026-04-17,S004,Lucknow,P004,USB-C Hub,Electronics,Supplier D,1805.11,0.0,19,34297.09,156,108,3,False,4,2026,17,4,16,17.0,14.428571428571429,14.755,2.885714285714286,17.64071428571429,0.0,STOCK SUFFICIENT
2026-04-17,S005,Jaipur,P006,Bluetooth Speaker,Electronics,Supplier B,2739.36,5.0,12,32872.32,90,68,2,False,4,2026,17,4,16,13.0,12.428571428571429,9.325,2.4857142857142858,11.810714285714285,0.0,STOCK SUFFICIENT
2026-04-17,S001,Delhi,P013,Travel Adapter,Travel,Supplier C,1163.9,10.0,28,32589.200000000004,416,180,3,False,4,2026,17,4,16,33.0,32.142857142857146,28.01,6.42857142857143,34.43857142857143,0.0,STOCK SUFFICIENT
2026-04-17,S004,Lucknow,P008,Fitness Band,Wearables,Supplier B,2131.1,15.0,11,23442.1,224,93,6,False,4,2026,17,4,16,13.0,14.142857142857142,15.14,2.8285714285714287,17.96857142857143,0.0,STOCK SUFFICIENT
2026-04-17,S004,Lucknow,P015,Office Chair,Furniture,Supplier D,8464.96,5.0,5,42324.799999999996,87,39,8,False,4,2026,17,4,16,5.0,6.428571428571429,6.275,1.2857142857142858,7.560714285714286,0.0,STOCK SUFFICIENT
2026-04-17,S001,Delhi,P006,Bluetooth Speaker,Electronics,Supplier D,2834.83,0.0,18,51026.94,177,100,14,False,4,2026,17,4,16,20.0,16.0,13.465,3.2,16.665,0.0,STOCK SUFFICIENT
2026-04-17,S002,Noida,P003,Mechanical Keyboard,Accessories,Supplier B,2424.72,5.0,11,26671.92,187,110,11,False,4,2026,17,4,16,24.0,17.0,17.445,3.4000000000000004,20.845,0.0,STOCK SUFFICIENT
2026-04-17,S002,Noida,P011,Water Bottle,Sports,Supplier B,645.78,0.0,45,29060.1,478,276,12,False,4,2026,17,4,16,48.0,48.0,39.425,9.600000000000001,49.025,0.0,STOCK SUFFICIENT
2026-04-17,S003,Ghaziabad,P003,Mechanical Keyboard,Accessories,Supplier C,2434.28,15.0,10,24342.800000000003,98,91,7,False,4,2026,17,4,16,14.0,16.142857142857142,16.905,3.2285714285714286,20.13357142857143,0.0,STOCK SUFFICIENT
2026-04-18,S005,Jaipur,P014,Desk Lamp,Home,Supplier C,1392.51,5.0,15,20887.65,223,108,7,False,4,2026,18,5,16,28.0,17.571428571428573,18.905,3.5142857142857147,22.419285714285717,0.0,STOCK SUFFICIENT
2026-04-18,S002,Noida,P014,Desk Lamp,Home,Supplier B,1316.89,5.0,19,25020.910000000003,287,147,10,False,4,2026,18,5,16,28.0,20.714285714285715,24.49,4.142857142857143,28.63285714285714,0.0,STOCK SUFFICIENT
2026-04-18,S003,Ghaziabad,P008,Fitness Band,Wearables,Supplier D,2250.15,0.0,21,47253.15,186,98,8,False,4,2026,18,5,16,13.0,16.142857142857142,15.09,3.2285714285714286,18.318571428571428,0.0,STOCK SUFFICIENT
2026-04-18,S006,Chandigarh,P002,Wireless Mouse,Accessories,Supplier A,917.0,5.0,30,27510.0,224,166,2,False,4,2026,18,5,16,24.0,25.428571428571427,27.005,5.085714285714285,32.090714285714284,0.0,STOCK SUFFICIENT
2026-04-18,S006,Chandigarh,P005,Power Bank,Electronics,Supplier A,1484.55,5.0,27,40082.85,328,128,2,False,4,2026,18,5,16,23.0,20.571428571428573,22.965,4.114285714285715,27.079285714285714,0.0,STOCK SUFFICIENT
2026-04-18,S004,Lucknow,P009,Running Shoes,Sports,Supplier D,3140.93,5.0,9,28268.37,87,79,8,False,4,2026,18,5,16,12.0,10.857142857142858,13.52,2.1714285714285717,15.69142857142857,0.0,STOCK SUFFICIENT
2026-04-18,S003,Ghaziabad,P005,Power Bank,Electronics,Supplier C,1599.83,10.0,28,44795.24,175,152,3,False,4,2026,18,5,16,17.0,23.714285714285715,26.395,4.742857142857143,31.137857142857143,0.0,STOCK SUFFICIENT
2026-04-18,S003,Ghaziabad,P014,Desk Lamp,Home,Supplier B,1351.8,0.0,24,32443.199999999997,238,121,13,False,4,2026,18,5,16,20.0,21.571428571428573,18.995,4.314285714285715,23.309285714285714,0.0,STOCK SUFFICIENT
2026-04-18,S002,Noida,P009,Running Shoes,Sports,Supplier C,3398.78,0.0,34,115558.52,187,101,12,False,4,2026,18,5,16,11.0,16.285714285714285,15.37,3.257142857142857,18.627142857142857,0.0,STOCK SUFFICIENT
2026-04-18,S003,Ghaziabad,P014,Desk Lamp,Home,Supplier D,1267.81,15.0,21,26624.01,255,121,6,False,4,2026,18,5,16,24.0,22.714285714285715,22.08,4.542857142857144,26.622857142857143,0.0,STOCK SUFFICIENT
2026-04-18,S003,Ghaziabad,P012,Backpack,Travel,Supplier A,1877.67,0.0,21,39431.07,85,114,7,True,4,2026,18,5,16,17.0,21.285714285714285,17.535,4.257142857142857,21.792142857142856,0.0,REORDER REQUIRED
2026-04-18,S002,Noida,P005,Power Bank,Electronics,Supplier B,1652.03,5.0,27,44604.81,341,184,14,False,4,2026,18,5,16,26.0,28.571428571428573,33.765,5.714285714285715,39.479285714285716,0.0,STOCK SUFFICIENT
2026-04-19,S006,Chandigarh,P011,Water Bottle,Sports,Supplier D,742.92,5.0,39,28973.879999999997,145,192,6,True,4,2026,19,6,16,27.0,26.857142857142858,28.65,5.371428571428572,34.02142857142857,0.0,REORDER REQUIRED
2026-04-19,S004,Lucknow,P006,Bluetooth Speaker,Electronics,Supplier B,2863.76,0.0,17,48683.920000000006,134,72,6,False,4,2026,19,6,16,7.0,8.857142857142858,12.575,1.7714285714285716,14.346428571428572,0.0,STOCK SUFFICIENT
2026-04-19,S004,Lucknow,P009,Running Shoes,Sports,Supplier C,2987.1,5.0,21,62729.1,186,79,11,False,4,2026,19,6,16,9.0,10.714285714285714,13.265,2.142857142857143,15.407857142857143,0.0,STOCK SUFFICIENT
2026-04-19,S003,Ghaziabad,P012,Backpack,Travel,Supplier B,2034.03,10.0,28,56952.84,240,114,10,False,4,2026,19,6,16,21.0,22.142857142857142,19.705,4.428571428571429,24.13357142857143,0.0,STOCK SUFFICIENT
2026-04-19,S004,Lucknow,P007,Smart Watch,Wearables,Supplier D,4730.84,0.0,8,37846.72,143,64,3,False,4,2026,19,6,16,8.0,8.857142857142858,10.83,1.7714285714285716,12.601428571428572,0.0,STOCK SUFFICIENT
2026-04-19,S006,Chandigarh,P013,Travel Adapter,Travel,Supplier B,1062.66,20.0,27,28691.820000000003,217,115,8,False,4,2026,19,6,16,17.0,20.714285714285715,23.545,4.142857142857143,27.687857142857144,0.0,STOCK SUFFICIENT
2026-04-19,S003,Ghaziabad,P002,Wireless Mouse,Accessories,Supplier C,833.73,10.0,44,36684.12,479,197,7,False,4,2026,19,6,16,32.0,31.285714285714285,33.325,6.257142857142857,39.58214285714286,0.0,STOCK SUFFICIENT
2026-04-19,S005,Jaipur,P004,USB-C Hub,Electronics,Supplier B,1793.97,0.0,16,28703.52,188,102,11,False,4,2026,19,6,16,18.0,16.285714285714285,17.7,3.257142857142857,20.957142857142856,0.0,STOCK SUFFICIENT
2026-04-19,S006,Chandigarh,P005,Power Bank,Electronics,Supplier D,1621.61,5.0,21,34053.81,296,128,10,False,4,2026,19,6,16,27.0,21.571428571428573,21.155,4.314285714285715,25.469285714285718,0.0,STOCK SUFFICIENT
2026-04-19,S004,Lucknow,P012,Backpack,Travel,Supplier C,1892.54,15.0,22,41635.88,245,108,8,False,4,2026,19,6,16,19.0,15.142857142857142,17.645,3.0285714285714285,20.673571428571428,0.0,STOCK SUFFICIENT
2026-04-20,S002,Noida,P001,Laptop Bag,Accessories,Supplier D,1220.35,0.0,36,43932.6,254,165,4,False,4,2026,20,0,17,33.0,30.428571428571427,25.63,6.085714285714285,31.715714285714284,0.0,STOCK SUFFICIENT
2026-04-20,S001,Delhi,P014,Desk Lamp,Home,Supplier C,1382.01,0.0,26,35932.26,304,160,11,False,4,2026,20,0,17,34.0,27.714285714285715,21.155,5.542857142857144,26.697857142857146,0.0,STOCK SUFFICIENT
2026-04-20,S004,Lucknow,P009,Running Shoes,Sports,Supplier A,3316.74,5.0,10,33167.399999999994,125,79,5,False,4,2026,20,0,17,21.0,12.428571428571429,11.29,2.4857142857142858,13.775714285714285,0.0,STOCK SUFFICIENT
2026-04-20,S003,Ghaziabad,P003,Mechanical Keyboard,Accessories,Supplier B,2239.09,20.0,10,22390.9,225,91,3,False,4,2026,20,0,17,10.0,15.0,16.19,3.0,19.19,0.0,STOCK SUFFICIENT
2026-04-20,S003,Ghaziabad,P003,Mechanical Keyboard,Accessories,Supplier D,2228.75,5.0,13,28973.75,236,91,8,False,4,2026,20,0,17,10.0,15.0,15.07,3.0,18.07,0.0,STOCK SUFFICIENT
2026-04-20,S003,Ghaziabad,P005,Power Bank,Electronics,Supplier B,1577.62,5.0,24,37862.88,290,152,2,False,4,2026,20,0,17,28.0,23.142857142857142,22.805,4.628571428571429,27.43357142857143,0.0,STOCK SUFFICIENT
2026-04-20,S004,Lucknow,P003,Mechanical Keyboard,Accessories,Supplier A,2536.24,0.0,3,7608.719999999999,204,86,9,False,4,2026,20,0,17,9.0,13.142857142857142,13.31,2.6285714285714286,15.938571428571429,0.0,STOCK SUFFICIENT
2026-04-20,S003,Ghaziabad,P015,Office Chair,Furniture,Supplier C,9138.96,0.0,5,45694.799999999996,86,41,10,False,4,2026,20,0,17,4.0,6.0,6.715,1.2000000000000002,7.915,0.0,STOCK SUFFICIENT
2026-04-20,S003,Ghaziabad,P004,USB-C Hub,Electronics,Supplier B,1795.38,0.0,16,28726.08,221,114,3,False,4,2026,20,0,17,19.0,19.285714285714285,16.37,3.857142857142857,20.22714285714286,0.0,STOCK SUFFICIENT
2026-04-20,S001,Delhi,P010,Yoga Mat,Sports,Supplier B,1420.3,5.0,22,31246.6,261,170,6,False,4,2026,20,0,17,29.0,27.857142857142858,27.345,5.571428571428572,32.91642857142857,0.0,STOCK SUFFICIENT
2026-04-20,S002,Noida,P003,Mechanical Keyboard,Accessories,Supplier D,2242.96,20.0,15,33644.4,245,110,13,False,4,2026,20,0,17,11.0,16.571428571428573,20.365,3.314285714285715,23.67928571428571,0.0,STOCK SUFFICIENT
2026-04-20,S002,Noida,P007,Smart Watch,Wearables,Supplier B,4448.34,5.0,13,57828.42,165,82,2,False,4,2026,20,0,17,9.0,13.285714285714286,11.885,2.6571428571428575,14.542142857142856,0.0,STOCK SUFFICIENT
2026-04-21,S006,Chandigarh,P014,Desk Lamp,Home,Supplier C,1299.07,5.0,16,20785.12,291,102,7,False,4,2026,21,1,17,11.0,15.0,14.73,3.0,17.73,0.0,STOCK SUFFICIENT
2026-04-21,S002,Noida,P010,Yoga Mat,Sports,Supplier A,1496.44,15.0,17,25439.48,180,156,11,False,4,2026,21,1,17,30.0,28.714285714285715,28.005,5.742857142857144,33.74785714285714,0.0,STOCK SUFFICIENT
2026-04-21,S006,Chandigarh,P009,Running Shoes,Sports,Supplier B,3375.18,10.0,14,47252.52,169,70,13,False,4,2026,21,1,17,14.0,10.285714285714286,11.385,2.0571428571428574,13.442142857142857,0.0,STOCK SUFFICIENT
2026-04-21,S002,Noida,P004,USB-C Hub,Electronics,Supplier D,1760.98,0.0,19,33458.62,345,138,12,False,4,2026,21,1,17,27.0,23.0,21.095,4.6000000000000005,25.695,0.0,STOCK SUFFICIENT
2026-04-21,S003,Ghaziabad,P012,Backpack,Travel,Supplier C,2050.8,5.0,15,30762.000000000004,158,114,12,False,4,2026,21,1,17,28.0,23.142857142857142,18.03,4.628571428571429,22.65857142857143,0.0,STOCK SUFFICIENT
2026-04-21,S004,Lucknow,P008,Fitness Band,Wearables,Supplier B,2316.77,0.0,10,23167.7,157,93,7,False,4,2026,21,1,17,11.0,12.428571428571429,12.97,2.4857142857142858,15.455714285714286,0.0,STOCK SUFFICIENT
2026-04-21,S004,Lucknow,P012,Backpack,Travel,Supplier B,2043.97,20.0,12,24527.64,198,108,3,False,4,2026,21,1,17,22.0,15.428571428571429,17.45,3.085714285714286,20.535714285714285,0.0,STOCK SUFFICIENT
2026-04-21,S003,Ghaziabad,P011,Water Bottle,Sports,Supplier B,722.53,5.0,27,19508.309999999998,437,228,7,False,4,2026,21,1,17,41.0,41.42857142857143,36.16,8.285714285714286,44.44571428571428,0.0,STOCK SUFFICIENT
2026-04-21,S001,Delhi,P006,Bluetooth Speaker,Electronics,Supplier A,2911.28,0.0,14,40757.920000000006,182,100,5,False,4,2026,21,1,17,18.0,17.0,14.245,3.4000000000000004,17.645,0.0,STOCK SUFFICIENT
2026-04-21,S004,Lucknow,P003,Mechanical Keyboard,Accessories,Supplier A,2482.79,0.0,15,37241.85,104,86,8,False,4,2026,21,1,17,3.0,11.285714285714286,13.56,2.2571428571428576,15.817142857142859,0.0,STOCK SUFFICIENT
2026-04-21,S003,Ghaziabad,P013,Travel Adapter,Travel,Supplier D,1160.01,10.0,20,23200.2,175,136,3,False,4,2026,21,1,17,30.0,25.571428571428573,20.535,5.114285714285715,25.649285714285714,0.0,STOCK SUFFICIENT
2026-04-21,S003,Ghaziabad,P004,USB-C Hub,Electronics,Supplier A,1836.28,5.0,10,18362.8,179,114,4,False,4,2026,21,1,17,16.0,18.428571428571427,17.385,3.6857142857142855,21.07071428571429,0.0,STOCK SUFFICIENT
2026-04-21,S006,Chandigarh,P006,Bluetooth Speaker,Electronics,Supplier B,2831.46,10.0,6,16988.760000000002,175,64,9,False,4,2026,21,1,17,17.0,10.571428571428571,9.75,2.1142857142857143,11.864285714285714,0.0,STOCK SUFFICIENT
2026-04-21,S002,Noida,P007,Smart Watch,Wearables,Supplier C,4420.09,15.0,8,35360.72,227,82,9,False,4,2026,21,1,17,13.0,13.428571428571429,12.35,2.685714285714286,15.035714285714285,0.0,STOCK SUFFICIENT
2026-04-21,S004,Lucknow,P006,Bluetooth Speaker,Electronics,Supplier C,2786.5,0.0,10,27865.0,166,72,10,False,4,2026,21,1,17,17.0,10.142857142857142,8.255,2.0285714285714285,10.28357142857143,0.0,STOCK SUFFICIENT
2026-04-21,S003,Ghaziabad,P005,Power Bank,Electronics,Supplier B,1520.11,0.0,26,39522.86,380,152,12,False,4,2026,21,1,17,24.0,23.571428571428573,21.445,4.714285714285714,26.159285714285716,0.0,STOCK SUFFICIENT
2026-04-21,S001,Delhi,P009,Running Shoes,Sports,Supplier C,3026.67,10.0,13,39346.71,181,110,3,False,4,2026,21,1,17,14.0,17.285714285714285,19.315,3.4571428571428573,22.77214285714286,0.0,STOCK SUFFICIENT
2026-04-21,S004,Lucknow,P004,USB-C Hub,Electronics,Supplier B,1714.28,10.0,13,22285.64,122,108,4,False,4,2026,21,1,17,19.0,15.571428571428571,17.38,3.1142857142857143,20.494285714285713,0.0,STOCK SUFFICIENT
2026-04-22,S006,Chandigarh,P007,Smart Watch,Wearables,Supplier B,4252.71,0.0,8,34021.68,82,57,2,False,4,2026,22,2,17,8.0,10.142857142857142,7.77,2.0285714285714285,9.798571428571428,0.0,STOCK SUFFICIENT
2026-04-22,S005,Jaipur,P003,Mechanical Keyboard,Accessories,Supplier B,2589.39,10.0,11,28483.289999999997,107,81,2,False,4,2026,22,2,17,7.0,11.571428571428571,12.67,2.3142857142857145,14.984285714285715,0.0,STOCK SUFFICIENT
2026-04-22,S006,Chandigarh,P002,Wireless Mouse,Accessories,Supplier A,864.72,0.0,24,20753.28,168,166,12,False,4,2026,22,2,17,30.0,26.571428571428573,20.8,5.314285714285715,26.114285714285714,0.0,STOCK SUFFICIENT
2026-04-22,S002,Noida,P001,Laptop Bag,Accessories,Supplier C,1108.68,10.0,20,22173.600000000002,277,165,13,False,4,2026,22,2,17,36.0,29.142857142857142,26.57,5.828571428571429,32.39857142857143,0.0,STOCK SUFFICIENT
2026-04-22,S005,Jaipur,P006,Bluetooth Speaker,Electronics,Supplier A,2971.88,5.0,7,20803.16,64,68,5,True,4,2026,22,2,17,12.0,13.0,9.43,2.6,12.03,0.0,REORDER REQUIRED
2026-04-22,S005,Jaipur,P002,Wireless Mouse,Accessories,Supplier A,837.6,0.0,26,21777.600000000002,243,176,5,False,4,2026,22,2,17,36.0,30.571428571428573,25.83,6.114285714285715,31.944285714285712,0.0,STOCK SUFFICIENT
2026-04-22,S001,Delhi,P015,Office Chair,Furniture,Supplier A,8902.94,10.0,5,44514.700000000004,96,55,14,False,4,2026,22,2,17,11.0,8.714285714285714,9.48,1.7428571428571429,11.222857142857144,0.0,STOCK SUFFICIENT
2026-04-22,S002,Noida,P013,Travel Adapter,Travel,Supplier B,1170.93,10.0,24,28102.32,359,165,3,False,4,2026,22,2,17,30.0,30.571428571428573,28.71,6.114285714285715,34.824285714285715,0.0,STOCK SUFFICIENT
2026-04-22,S003,Ghaziabad,P007,Smart Watch,Wearables,Supplier C,4550.08,5.0,9,40950.72,146,68,3,False,4,2026,22,2,17,22.0,11.0,10.82,2.2,13.02,0.0,STOCK SUFFICIENT
2026-04-22,S005,Jaipur,P012,Backpack,Travel,Supplier B,2032.74,0.0,22,44720.28,222,102,9,False,4,2026,22,2,17,10.0,17.285714285714285,15.345,3.4571428571428573,18.802142857142858,0.0,STOCK SUFFICIENT
2026-04-22,S002,Noida,P008,Fitness Band,Wearables,Supplier D,2369.21,0.0,14,33168.94,173,119,4,False,4,2026,22,2,17,18.0,17.714285714285715,16.545,3.542857142857143,20.087857142857146,0.0,STOCK SUFFICIENT
2026-04-23,S001,Delhi,P007,Smart Watch,Wearables,Supplier A,4532.17,15.0,14,63450.380000000005,192,90,4,False,4,2026,23,3,17,18.0,13.714285714285714,15.36,2.742857142857143,18.102857142857143,0.0,STOCK SUFFICIENT
2026-04-23,S001,Delhi,P005,Power Bank,Electronics,Supplier C,1542.72,10.0,25,38568.0,165,200,3,True,4,2026,23,3,17,30.0,31.285714285714285,30.01,6.257142857142857,36.26714285714286,0.0,REORDER REQUIRED
2026-04-23,S006,Chandigarh,P011,Water Bottle,Sports,Supplier B,655.84,0.0,21,13772.640000000001,324,192,4,False,4,2026,23,3,17,39.0,27.857142857142858,27.04,5.571428571428572,32.61142857142857,0.0,STOCK SUFFICIENT
2026-04-23,S005,Jaipur,P008,Fitness Band,Wearables,Supplier B,2072.26,10.0,10,20722.600000000002,160,88,9,False,4,2026,23,3,17,7.0,11.571428571428571,13.47,2.3142857142857145,15.784285714285716,0.0,STOCK SUFFICIENT
2026-04-23,S004,Lucknow,P001,Laptop Bag,Accessories,Supplier D,1194.69,0.0,14,16725.66,154,129,7,False,4,2026,23,3,17,28.0,23.142857142857142,19.555,4.628571428571429,24.18357142857143,0.0,STOCK SUFFICIENT
2026-04-23,S003,Ghaziabad,P001,Laptop Bag,Accessories,Supplier B,1277.33,5.0,24,30655.92,239,136,11,False,4,2026,23,3,17,22.0,20.0,21.245,4.0,25.245,0.0,STOCK SUFFICIENT
2026-04-23,S001,Delhi,P001,Laptop Bag,Accessories,Supplier B,1196.16,0.0,22,26315.52,412,180,2,False,4,2026,23,3,17,27.0,30.0,27.41,6.0,33.41,0.0,STOCK SUFFICIENT
2026-04-23,S005,Jaipur,P012,Backpack,Travel,Supplier D,1930.83,0.0,16,30893.28,125,102,13,False,4,2026,23,3,17,22.0,17.857142857142858,14.49,3.5714285714285716,18.06142857142857,0.0,STOCK SUFFICIENT
2026-04-23,S003,Ghaziabad,P003,Mechanical Keyboard,Accessories,Supplier B,2406.82,0.0,13,31288.660000000003,280,91,13,False,4,2026,23,3,17,13.0,14.0,13.94,2.8000000000000003,16.74,0.0,STOCK SUFFICIENT
2026-04-23,S001,Delhi,P007,Smart Watch,Wearables,Supplier A,4183.55,5.0,10,41835.5,162,90,10,False,4,2026,23,3,17,14.0,13.285714285714286,13.115,2.6571428571428575,15.772142857142857,0.0,STOCK SUFFICIENT
2026-04-23,S006,Chandigarh,P007,Smart Watch,Wearables,Supplier C,4237.73,15.0,10,42377.299999999996,91,57,11,False,4,2026,23,3,17,8.0,9.285714285714286,10.935,1.8571428571428574,12.792142857142858,0.0,STOCK SUFFICIENT
2026-04-23,S003,Ghaziabad,P014,Desk Lamp,Home,Supplier D,1320.01,0.0,15,19800.15,259,121,14,False,4,2026,23,3,17,21.0,21.571428571428573,18.505,4.314285714285715,22.819285714285712,0.0,STOCK SUFFICIENT
2026-04-23,S004,Lucknow,P006,Bluetooth Speaker,Electronics,Supplier C,2986.95,10.0,11,32856.45,149,72,4,False,4,2026,23,3,17,10.0,10.428571428571429,11.015,2.085714285714286,13.100714285714286,0.0,STOCK SUFFICIENT
2026-04-23,S004,Lucknow,P009,Running Shoes,Sports,Supplier A,3339.86,0.0,5,16699.3,200,79,7,False,4,2026,23,3,17,10.0,12.857142857142858,12.43,2.5714285714285716,15.001428571428571,0.0,STOCK SUFFICIENT
2026-04-23,S005,Jaipur,P007,Smart Watch,Wearables,Supplier D,4778.79,0.0,4,19115.16,92,61,4,False,4,2026,23,3,17,4.0,6.428571428571429,8.115,1.2857142857142858,9.400714285714287,0.0,STOCK SUFFICIENT
2026-04-23,S004,Lucknow,P011,Water Bottle,Sports,Supplier B,651.36,15.0,36,23448.96,401,216,10,False,4,2026,23,3,17,36.0,37.714285714285715,38.74,7.542857142857144,46.28285714285715,0.0,STOCK SUFFICIENT
2026-04-23,S006,Chandigarh,P005,Power Bank,Electronics,Supplier C,1580.57,5.0,20,31611.399999999998,276,128,2,False,4,2026,23,3,17,21.0,21.142857142857142,18.74,4.228571428571429,22.968571428571426,0.0,STOCK SUFFICIENT
2026-04-24,S003,Ghaziabad,P012,Backpack,Travel,Supplier A,1798.47,5.0,16,28775.52,335,114,8,False,4,2026,24,4,17,20.0,21.571428571428573,19.55,4.314285714285715,23.864285714285714,0.0,STOCK SUFFICIENT
2026-04-24,S004,Lucknow,P007,Smart Watch,Wearables,Supplier D,4781.12,0.0,14,66935.68,75,64,11,False,4,2026,24,4,17,8.0,9.142857142857142,10.315,1.8285714285714285,12.143571428571429,0.0,STOCK SUFFICIENT
2026-04-24,S005,Jaipur,P002,Wireless Mouse,Accessories,Supplier A,842.22,0.0,31,26108.82,380,176,10,False,4,2026,24,4,17,26.0,30.714285714285715,26.325,6.142857142857143,32.46785714285714,0.0,STOCK SUFFICIENT
2026-04-24,S002,Noida,P014,Desk Lamp,Home,Supplier D,1325.98,5.0,31,41105.38,313,147,12,False,4,2026,24,4,17,22.0,21.285714285714285,21.74,4.257142857142857,25.997142857142855,0.0,STOCK SUFFICIENT
2026-04-24,S004,Lucknow,P011,Water Bottle,Sports,Supplier B,659.05,5.0,20,13181.0,488,216,8,False,4,2026,24,4,17,36.0,36.857142857142854,32.36,7.371428571428571,39.73142857142857,0.0,STOCK SUFFICIENT
2026-04-24,S001,Delhi,P008,Fitness Band,Wearables,Supplier A,2314.17,15.0,19,43969.23,276,130,2,False,4,2026,24,4,17,23.0,19.285714285714285,21.13,3.857142857142857,24.987142857142857,0.0,STOCK SUFFICIENT
2026-04-24,S006,Chandigarh,P009,Running Shoes,Sports,Supplier C,3311.84,15.0,10,33118.4,163,70,3,False,4,2026,24,4,17,14.0,11.0,12.16,2.2,14.36,0.0,STOCK SUFFICIENT
2026-04-24,S004,Lucknow,P005,Power Bank,Electronics,Supplier A,1524.29,0.0,24,36582.96,306,144,9,False,4,2026,24,4,17,21.0,23.0,20.215,4.6000000000000005,24.815,0.0,STOCK SUFFICIENT
2026-04-24,S003,Ghaziabad,P001,Laptop Bag,Accessories,Supplier B,1280.72,5.0,23,29456.56,278,136,11,False,4,2026,24,4,17,24.0,20.714285714285715,19.745,4.142857142857143,23.887857142857143,0.0,STOCK SUFFICIENT
2026-04-24,S005,Jaipur,P003,Mechanical Keyboard,Accessories,Supplier C,2387.63,10.0,12,28651.56,138,81,12,False,4,2026,24,4,17,11.0,11.428571428571429,12.675,2.285714285714286,14.960714285714287,0.0,STOCK SUFFICIENT
2026-04-24,S003,Ghaziabad,P002,Wireless Mouse,Accessories,Supplier B,852.11,0.0,23,19598.53,538,197,11,False,4,2026,24,4,17,38.0,35.142857142857146,30.435,7.028571428571429,37.46357142857143,0.0,STOCK SUFFICIENT
2026-04-24,S002,Noida,P014,Desk Lamp,Home,Supplier D,1216.64,5.0,22,26766.08,254,147,7,False,4,2026,24,4,17,19.0,21.428571428571427,20.94,4.285714285714286,25.225714285714286,0.0,STOCK SUFFICIENT
2026-04-24,S003,Ghaziabad,P001,Laptop Bag,Accessories,Supplier C,1215.16,10.0,27,32809.32,402,136,7,False,4,2026,24,4,17,23.0,22.142857142857142,21.78,4.428571428571429,26.20857142857143,0.0,STOCK SUFFICIENT
2026-04-24,S003,Ghaziabad,P002,Wireless Mouse,Accessories,Supplier C,914.9,15.0,38,34766.2,353,197,2,False,4,2026,24,4,17,44.0,33.714285714285715,31.625,6.742857142857144,38.36785714285715,0.0,STOCK SUFFICIENT
2026-04-24,S005,Jaipur,P005,Power Bank,Electronics,Supplier C,1670.9,10.0,30,50127.0,246,136,10,False,4,2026,24,4,17,23.0,18.571428571428573,22.905,3.714285714285715,26.619285714285716,0.0,STOCK SUFFICIENT
2026-04-24,S004,Lucknow,P012,Backpack,Travel,Supplier B,1923.07,10.0,15,28846.05,175,108,2,False,4,2026,24,4,17,12.0,15.142857142857142,15.65,3.0285714285714285,18.67857142857143,0.0,STOCK SUFFICIENT
2026-04-24,S004,Lucknow,P015,Office Chair,Furniture,Supplier C,8335.49,20.0,4,33341.96,65,39,8,False,4,2026,24,4,17,5.0,6.0,6.445,1.2000000000000002,7.6450000000000005,0.0,STOCK SUFFICIENT
2026-04-24,S003,Ghaziabad,P012,Backpack,Travel,Supplier B,1998.88,10.0,20,39977.600000000006,188,114,8,False,4,2026,24,4,17,15.0,21.571428571428573,17.62,4.314285714285715,21.934285714285714,0.0,STOCK SUFFICIENT
2026-04-24,S001,Delhi,P007,Smart Watch,Wearables,Supplier A,4346.21,0.0,14,60846.94,195,90,8,False,4,2026,24,4,17,10.0,12.857142857142858,14.005,2.5714285714285716,16.576428571428572,0.0,STOCK SUFFICIENT
2026-04-24,S005,Jaipur,P014,Desk Lamp,Home,Supplier A,1253.86,0.0,14,17554.039999999997,288,108,7,False,4,2026,24,4,17,15.0,17.714285714285715,16.29,3.542857142857143,19.832857142857144,0.0,STOCK SUFFICIENT
2026-04-24,S005,Jaipur,P014,Desk Lamp,Home,Supplier D,1257.4,10.0,13,16346.2,238,108,7,False,4,2026,24,4,17,14.0,17.857142857142858,16.91,3.5714285714285716,20.481428571428573,0.0,STOCK SUFFICIENT
2026-04-24,S006,Chandigarh,P011,Water Bottle,Sports,Supplier A,741.58,0.0,26,19281.08,338,192,11,False,4,2026,24,4,17,21.0,27.571428571428573,26.335,5.514285714285715,31.849285714285717,0.0,STOCK SUFFICIENT
2026-04-25,S006,Chandigarh,P001,Laptop Bag,Accessories,Supplier C,1163.51,10.0,27,31414.77,161,115,5,False,4,2026,25,5,17,23.0,19.857142857142858,19.075,3.9714285714285715,23.04642857142857,0.0,STOCK SUFFICIENT
2026-04-25,S004,Lucknow,P008,Fitness Band,Wearables,Supplier A,2093.99,0.0,19,39785.81,65,93,9,True,4,2026,25,5,17,10.0,11.857142857142858,13.39,2.3714285714285714,15.761428571428572,0.0,REORDER REQUIRED
2026-04-25,S005,Jaipur,P003,Mechanical Keyboard,Accessories,Supplier D,2342.74,0.0,12,28112.879999999997,177,81,8,False,4,2026,25,5,17,12.0,11.285714285714286,11.365,2.2571428571428576,13.622142857142858,0.0,STOCK SUFFICIENT
2026-04-25,S002,Noida,P015,Office Chair,Furniture,Supplier B,8348.76,10.0,7,58441.32,73,50,12,False,4,2026,25,5,17,6.0,8.857142857142858,9.065,1.7714285714285716,10.836428571428572,0.0,STOCK SUFFICIENT
2026-04-25,S004,Lucknow,P007,Smart Watch,Wearables,Supplier C,4646.39,0.0,11,51110.29,159,64,9,False,4,2026,25,5,17,14.0,9.714285714285714,10.43,1.9428571428571428,12.372857142857143,0.0,STOCK SUFFICIENT
2026-04-25,S003,Ghaziabad,P007,Smart Watch,Wearables,Supplier C,4809.81,0.0,10,48098.100000000006,120,68,3,False,4,2026,25,5,17,9.0,10.857142857142858,9.8,2.1714285714285717,11.971428571428572,0.0,STOCK SUFFICIENT
2026-04-25,S001,Delhi,P010,Yoga Mat,Sports,Supplier A,1366.73,5.0,29,39635.17,385,170,2,False,4,2026,25,5,17,22.0,26.571428571428573,31.97,5.314285714285715,37.284285714285716,0.0,STOCK SUFFICIENT
2026-04-25,S004,Lucknow,P013,Travel Adapter,Travel,Supplier C,1161.8,10.0,21,24397.8,281,129,4,False,4,2026,25,5,17,24.0,22.714285714285715,25.365,4.542857142857144,29.907857142857143,0.0,STOCK SUFFICIENT
2026-04-25,S002,Noida,P009,Running Shoes,Sports,Supplier B,2953.38,5.0,20,59067.600000000006,236,101,7,False,4,2026,25,5,17,34.0,18.285714285714285,17.645,3.657142857142857,21.302142857142858,0.0,STOCK SUFFICIENT
2026-04-25,S002,Noida,P013,Travel Adapter,Travel,Supplier A,1127.17,0.0,31,34942.270000000004,181,165,4,False,4,2026,25,5,17,24.0,31.0,28.13,6.2,34.33,0.0,STOCK SUFFICIENT
2026-04-25,S004,Lucknow,P012,Backpack,Travel,Supplier C,1859.53,0.0,21,39050.13,161,108,7,False,4,2026,25,5,17,15.0,15.714285714285714,16.685,3.142857142857143,19.82785714285714,0.0,STOCK SUFFICIENT
2026-04-25,S003,Ghaziabad,P009,Running Shoes,Sports,Supplier C,3176.01,0.0,12,38112.12,171,83,3,False,4,2026,25,5,17,17.0,14.857142857142858,15.035,2.9714285714285715,18.00642857142857,0.0,STOCK SUFFICIENT
2026-04-25,S006,Chandigarh,P005,Power Bank,Electronics,Supplier A,1687.46,0.0,22,37124.12,272,128,4,False,4,2026,25,5,17,20.0,22.0,19.035,4.4,23.435000000000002,0.0,STOCK SUFFICIENT
2026-04-25,S003,Ghaziabad,P013,Travel Adapter,Travel,Supplier C,1021.75,0.0,25,25543.75,264,136,9,False,4,2026,25,5,17,20.0,24.857142857142858,21.19,4.9714285714285715,26.161428571428573,0.0,STOCK SUFFICIENT
2026-04-25,S004,Lucknow,P015,Office Chair,Furniture,Supplier C,8288.83,0.0,7,58021.81,42,39,14,False,4,2026,25,5,17,4.0,5.714285714285714,6.405,1.142857142857143,7.5478571428571435,0.0,STOCK SUFFICIENT
2026-04-25,S003,Ghaziabad,P008,Fitness Band,Wearables,Supplier D,2310.5,15.0,17,39278.5,166,98,9,False,4,2026,25,5,17,21.0,16.428571428571427,17.45,3.2857142857142856,20.735714285714284,0.0,STOCK SUFFICIENT
2026-04-25,S006,Chandigarh,P006,Bluetooth Speaker,Electronics,Supplier A,3001.26,0.0,13,39016.380000000005,121,64,10,False,4,2026,25,5,17,6.0,10.714285714285714,10.245,2.142857142857143,12.387857142857142,0.0,STOCK SUFFICIENT
2026-04-25,S004,Lucknow,P005,Power Bank,Electronics,Supplier D,1529.51,15.0,28,42826.28,325,144,2,False,4,2026,25,5,17,24.0,23.714285714285715,26.48,4.742857142857143,31.222857142857144,0.0,STOCK SUFFICIENT
2026-04-25,S005,Jaipur,P007,Smart Watch,Wearables,Supplier B,4339.82,5.0,5,21699.1,111,61,14,False,4,2026,25,5,17,4.0,5.428571428571429,8.83,1.0857142857142859,9.915714285714285,0.0,STOCK SUFFICIENT
2026-04-25,S001,Delhi,P009,Running Shoes,Sports,Supplier C,3332.35,10.0,23,76644.05,301,110,2,False,4,2026,25,5,17,13.0,17.142857142857142,19.755,3.428571428571429,23.183571428571426,0.0,STOCK SUFFICIENT
2026-04-25,S004,Lucknow,P006,Bluetooth Speaker,Electronics,Supplier D,2788.15,5.0,13,36245.950000000004,136,72,5,False,4,2026,25,5,17,11.0,10.571428571428571,12.78,2.1142857142857143,14.894285714285713,0.0,STOCK SUFFICIENT
2026-04-25,S002,Noida,P004,USB-C Hub,Electronics,Supplier C,1677.01,5.0,22,36894.22,352,138,9,False,4,2026,25,5,17,19.0,23.857142857142858,25.235,4.771428571428571,30.00642857142857,0.0,STOCK SUFFICIENT
2026-04-26,S006,Chandigarh,P006,Bluetooth Speaker,Electronics,Supplier D,2651.53,0.0,12,31818.36,59,64,11,True,4,2026,26,6,17,13.0,11.571428571428571,10.97,2.3142857142857145,13.284285714285716,0.0,REORDER REQUIRED
2026-04-26,S003,Ghaziabad,P005,Power Bank,Electronics,Supplier D,1636.08,0.0,25,40902.0,221,152,6,False,4,2026,26,6,17,26.0,23.571428571428573,23.665,4.714285714285714,28.379285714285714,0.0,STOCK SUFFICIENT
2026-04-26,S005,Jaipur,P015,Office Chair,Furniture,Supplier D,8494.15,10.0,4,33976.6,57,37,11,False,4,2026,26,6,17,5.0,6.0,5.935,1.2000000000000002,7.135,0.0,STOCK SUFFICIENT
2026-04-26,S005,Jaipur,P002,Wireless Mouse,Accessories,Supplier D,899.36,10.0,33,29678.88,443,176,5,False,4,2026,26,6,17,31.0,29.714285714285715,30.795,5.942857142857143,36.737857142857145,0.0,STOCK SUFFICIENT
2026-04-26,S004,Lucknow,P012,Backpack,Travel,Supplier D,1798.35,10.0,20,35967.0,189,108,8,False,4,2026,26,6,17,24.0,17.428571428571427,17.595,3.4857142857142858,21.080714285714286,0.0,STOCK SUFFICIENT
2026-04-26,S003,Ghaziabad,P008,Fitness Band,Wearables,Supplier B,2237.78,0.0,16,35804.48,150,98,4,False,4,2026,26,6,17,17.0,16.857142857142858,14.395,3.371428571428572,17.76642857142857,0.0,STOCK SUFFICIENT
2026-04-26,S005,Jaipur,P014,Desk Lamp,Home,Supplier C,1269.02,0.0,17,21573.34,184,108,12,False,4,2026,26,6,17,13.0,17.571428571428573,16.68,3.5142857142857147,20.194285714285716,0.0,STOCK SUFFICIENT
2026-04-26,S001,Delhi,P010,Yoga Mat,Sports,Supplier D,1366.9,10.0,27,36906.3,307,170,10,False,4,2026,26,6,17,29.0,27.857142857142858,29.715,5.571428571428572,35.28642857142857,0.0,STOCK SUFFICIENT
2026-04-26,S004,Lucknow,P012,Backpack,Travel,Supplier B,1990.23,0.0,24,47765.520000000004,269,108,10,False,4,2026,26,6,17,21.0,17.0,16.125,3.4000000000000004,19.525,0.0,STOCK SUFFICIENT
2026-04-26,S002,Noida,P004,USB-C Hub,Electronics,Supplier C,1785.4,10.0,27,48205.8,214,138,13,False,4,2026,26,6,17,22.0,24.142857142857142,28.065,4.828571428571429,32.893571428571434,0.0,STOCK SUFFICIENT
2026-04-26,S002,Noida,P013,Travel Adapter,Travel,Supplier C,1032.0,0.0,25,25800.0,343,165,4,False,4,2026,26,6,17,31.0,31.142857142857142,29.97,6.228571428571429,36.19857142857143,0.0,STOCK SUFFICIENT
2026-04-26,S001,Delhi,P002,Wireless Mouse,Accessories,Supplier A,808.31,5.0,53,42840.43,438,260,4,False,4,2026,26,6,17,47.0,44.0,48.36,8.8,57.16,0.0,STOCK SUFFICIENT
2026-04-26,S001,Delhi,P007,Smart Watch,Wearables,Supplier B,4185.78,15.0,13,54415.14,172,90,14,False,4,2026,26,6,17,14.0,12.0,19.725,2.4000000000000004,22.125,0.0,STOCK SUFFICIENT
2026-04-26,S002,Noida,P003,Mechanical Keyboard,Accessories,Supplier D,2273.86,5.0,12,27286.32,215,110,3,False,4,2026,26,6,17,15.0,16.285714285714285,20.235,3.257142857142857,23.492142857142856,0.0,STOCK SUFFICIENT
2026-04-26,S002,Noida,P015,Office Chair,Furniture,Supplier D,8648.55,5.0,16,138376.8,77,50,3,False,4,2026,26,6,17,6.0,8.428571428571429,8.35,1.685714285714286,10.035714285714285,0.0,STOCK SUFFICIENT
2026-04-26,S002,Noida,P015,Office Chair,Furniture,Supplier C,8480.27,10.0,6,50881.62,118,50,12,False,4,2026,26,6,17,7.0,8.428571428571429,10.995,1.685714285714286,12.680714285714284,0.0,STOCK SUFFICIENT
2026-04-26,S006,Chandigarh,P008,Fitness Band,Wearables,Supplier C,2173.04,15.0,17,36941.68,174,83,3,False,4,2026,26,6,17,11.0,12.142857142857142,14.245,2.428571428571429,16.673571428571428,0.0,STOCK SUFFICIENT
2026-04-26,S003,Ghaziabad,P014,Desk Lamp,Home,Supplier B,1280.0,15.0,23,29440.0,203,121,11,False,4,2026,26,6,17,15.0,22.0,22.885,4.4,27.285000000000004,0.0,STOCK SUFFICIENT
2026-04-26,S003,Ghaziabad,P009,Running Shoes,Sports,Supplier B,3339.47,5.0,15,50092.049999999996,181,83,4,False,4,2026,26,6,17,12.0,14.285714285714286,16.365,2.8571428571428577,19.222142857142856,0.0,STOCK SUFFICIENT
2026-04-27,S003,Ghaziabad,P005,Power Bank,Electronics,Supplier A,1726.89,0.0,12,20722.68,234,152,11,False,4,2026,27,0,18,19.0,22.857142857142858,21.255,4.571428571428572,25.826428571428572,0.0,STOCK SUFFICIENT
2026-04-27,S004,Lucknow,P004,USB-C Hub,Electronics,Supplier D,1923.03,0.0,14,26922.42,156,108,2,False,4,2026,27,0,18,13.0,14.714285714285714,12.94,2.942857142857143,15.882857142857143,0.0,STOCK SUFFICIENT
2026-04-27,S002,Noida,P010,Yoga Mat,Sports,Supplier D,1412.03,5.0,29,40948.87,275,156,13,False,4,2026,27,0,18,17.0,25.857142857142858,24.72,5.171428571428572,29.89142857142857,0.0,STOCK SUFFICIENT
2026-04-27,S003,Ghaziabad,P005,Power Bank,Electronics,Supplier A,1635.49,15.0,19,31074.31,301,152,13,False,4,2026,27,0,18,25.0,23.0,23.105,4.6000000000000005,27.705000000000002,0.0,STOCK SUFFICIENT
2026-04-27,S006,Chandigarh,P003,Mechanical Keyboard,Accessories,Supplier C,2287.68,5.0,9,20589.12,103,76,5,False,4,2026,27,0,18,10.0,12.285714285714286,11.37,2.4571428571428573,13.827142857142857,0.0,STOCK SUFFICIENT
2026-04-27,S006,Chandigarh,P011,Water Bottle,Sports,Supplier D,655.22,5.0,31,20311.82,383,192,10,False,4,2026,27,0,18,26.0,28.142857142857142,30.58,5.628571428571429,36.208571428571425,0.0,STOCK SUFFICIENT
2026-04-27,S002,Noida,P002,Wireless Mouse,Accessories,Supplier D,883.36,5.0,33,29150.88,449,239,5,False,4,2026,27,0,18,54.0,40.142857142857146,36.325,8.02857142857143,44.353571428571435,0.0,STOCK SUFFICIENT
2026-04-27,S003,Ghaziabad,P010,Yoga Mat,Sports,Supplier C,1489.91,5.0,17,25328.47,160,129,6,False,4,2026,27,0,18,12.0,21.571428571428573,19.88,4.314285714285715,24.194285714285712,0.0,STOCK SUFFICIENT
2026-04-27,S006,Chandigarh,P002,Wireless Mouse,Accessories,Supplier A,839.09,20.0,31,26011.79,343,166,13,False,4,2026,27,0,18,24.0,25.428571428571427,26.55,5.085714285714285,31.635714285714286,0.0,STOCK SUFFICIENT
2026-04-27,S006,Chandigarh,P009,Running Shoes,Sports,Supplier B,3337.64,5.0,6,20025.84,174,70,11,False,4,2026,27,0,18,10.0,11.285714285714286,10.16,2.2571428571428576,12.417142857142858,0.0,STOCK SUFFICIENT
2026-04-27,S001,Delhi,P014,Desk Lamp,Home,Supplier C,1228.03,0.0,23,28244.69,291,160,6,False,4,2026,27,0,18,26.0,28.714285714285715,24.02,5.742857142857144,29.762857142857143,0.0,STOCK SUFFICIENT
2026-04-27,S004,Lucknow,P004,USB-C Hub,Electronics,Supplier D,1865.64,0.0,13,24253.32,152,108,12,False,4,2026,27,0,18,13.0,14.428571428571429,12.92,2.885714285714286,15.805714285714286,0.0,STOCK SUFFICIENT
2026-04-28,S004,Lucknow,P002,Wireless Mouse,Accessories,Supplier D,828.0,0.0,32,26496.0,417,187,6,False,4,2026,28,1,18,41.0,31.857142857142858,26.94,6.371428571428572,33.31142857142857,0.0,STOCK SUFFICIENT
2026-04-28,S003,Ghaziabad,P012,Backpack,Travel,Supplier D,1957.55,10.0,21,41108.549999999996,211,114,11,False,4,2026,28,1,18,16.0,20.0,17.47,4.0,21.47,0.0,STOCK SUFFICIENT
2026-04-28,S001,Delhi,P010,Yoga Mat,Sports,Supplier A,1338.93,0.0,19,25439.670000000002,323,170,7,False,4,2026,28,1,18,27.0,28.428571428571427,22.49,5.685714285714286,28.175714285714285,0.0,STOCK SUFFICIENT
2026-04-28,S003,Ghaziabad,P005,Power Bank,Electronics,Supplier B,1571.78,10.0,30,47153.4,395,152,13,False,4,2026,28,1,18,12.0,21.571428571428573,22.25,4.314285714285715,26.564285714285717,0.0,STOCK SUFFICIENT
2026-04-28,S003,Ghaziabad,P009,Running Shoes,Sports,Supplier C,3203.02,10.0,14,44842.28,174,83,13,False,4,2026,28,1,18,15.0,14.142857142857142,11.135,2.8285714285714287,13.963571428571429,0.0,STOCK SUFFICIENT
2026-04-28,S003,Ghaziabad,P003,Mechanical Keyboard,Accessories,Supplier A,2412.96,0.0,18,43433.28,187,91,8,False,4,2026,28,1,18,13.0,13.0,12.585,2.6,15.185,0.0,STOCK SUFFICIENT
2026-04-28,S002,Noida,P004,USB-C Hub,Electronics,Supplier D,1831.9,15.0,16,29310.4,265,138,13,False,4,2026,28,1,18,27.0,24.142857142857142,21.845,4.828571428571429,26.673571428571428,0.0,STOCK SUFFICIENT
2026-04-28,S006,Chandigarh,P012,Backpack,Travel,Supplier A,2004.04,10.0,14,28056.559999999998,120,96,14,False,4,2026,28,1,18,13.0,14.571428571428571,15.36,2.9142857142857146,18.274285714285714,0.0,STOCK SUFFICIENT
2026-04-28,S006,Chandigarh,P007,Smart Watch,Wearables,Supplier B,4497.96,10.0,13,58473.48,44,57,2,True,4,2026,28,1,18,10.0,9.142857142857142,9.08,1.8285714285714285,10.90857142857143,0.0,REORDER REQUIRED
2026-04-28,S006,Chandigarh,P015,Office Chair,Furniture,Supplier B,8245.04,0.0,4,32980.16,62,35,3,False,4,2026,28,1,18,4.0,4.857142857142857,6.1,0.9714285714285714,7.071428571428571,0.0,STOCK SUFFICIENT
2026-04-28,S001,Delhi,P005,Power Bank,Electronics,Supplier A,1708.06,15.0,34,58074.04,531,200,10,False,4,2026,28,1,18,25.0,30.142857142857142,35.265,6.0285714285714285,41.293571428571425,0.0,STOCK SUFFICIENT
2026-04-28,S004,Lucknow,P015,Office Chair,Furniture,Supplier C,8168.15,20.0,5,40840.75,58,39,4,False,4,2026,28,1,18,7.0,5.428571428571429,6.91,1.0857142857142859,7.9957142857142856,0.0,STOCK SUFFICIENT
2026-04-28,S003,Ghaziabad,P013,Travel Adapter,Travel,Supplier B,1033.38,10.0,20,20667.600000000002,259,136,6,False,4,2026,28,1,18,25.0,25.428571428571427,21.385,5.085714285714285,26.470714285714287,0.0,STOCK SUFFICIENT
2026-04-28,S006,Chandigarh,P012,Backpack,Travel,Supplier C,2015.14,5.0,13,26196.82,221,96,6,False,4,2026,28,1,18,23.0,15.285714285714286,14.655,3.0571428571428574,17.712142857142858,0.0,STOCK SUFFICIENT
2026-04-28,S002,Noida,P002,Wireless Mouse,Accessories,Supplier B,855.96,15.0,33,28246.68,434,239,4,False,4,2026,28,1,18,33.0,39.142857142857146,38.97,7.828571428571429,46.79857142857143,0.0,STOCK SUFFICIENT
2026-04-28,S003,Ghaziabad,P010,Yoga Mat,Sports,Supplier B,1367.89,10.0,17,23254.13,241,129,5,False,4,2026,28,1,18,17.0,20.142857142857142,21.2,4.0285714285714285,25.228571428571428,0.0,STOCK SUFFICIENT
2026-04-28,S003,Ghaziabad,P010,Yoga Mat,Sports,Supplier D,1440.24,5.0,19,27364.56,202,129,4,False,4,2026,28,1,18,17.0,19.571428571428573,21.47,3.9142857142857146,25.384285714285713,0.0,STOCK SUFFICIENT
2026-04-29,S005,Jaipur,P015,Office Chair,Furniture,Supplier C,9043.34,0.0,11,99476.74,77,37,3,False,4,2026,29,2,18,9.0,6.714285714285714,5.505,1.342857142857143,6.847857142857142,0.0,STOCK SUFFICIENT
2026-04-29,S005,Jaipur,P004,USB-C Hub,Electronics,Supplier C,1911.84,20.0,16,30589.44,240,102,6,False,4,2026,29,2,18,16.0,16.285714285714285,16.335,3.257142857142857,19.592142857142857,0.0,STOCK SUFFICIENT
2026-04-29,S006,Chandigarh,P005,Power Bank,Electronics,Supplier A,1606.02,5.0,20,32120.4,286,128,7,False,4,2026,29,2,18,22.0,22.0,17.74,4.4,22.14,0.0,STOCK SUFFICIENT
2026-04-29,S001,Delhi,P004,USB-C Hub,Electronics,Supplier A,1747.16,0.0,18,31448.88,188,150,10,False,4,2026,29,2,18,26.0,25.0,20.905,5.0,25.905,0.0,STOCK SUFFICIENT
2026-04-29,S006,Chandigarh,P010,Yoga Mat,Sports,Supplier C,1422.88,0.0,13,18497.440000000002,97,108,6,True,4,2026,29,2,18,17.0,17.571428571428573,16.07,3.5142857142857147,19.584285714285716,0.0,REORDER REQUIRED
2026-04-29,S004,Lucknow,P014,Desk Lamp,Home,Supplier C,1304.15,15.0,18,23474.7,286,115,8,False,4,2026,29,2,18,19.0,20.142857142857142,22.425,4.0285714285714285,26.45357142857143,0.0,STOCK SUFFICIENT
2026-04-29,S006,Chandigarh,P007,Smart Watch,Wearables,Supplier B,4327.59,10.0,9,38948.31,193,57,3,False,4,2026,29,2,18,13.0,9.285714285714286,10.26,1.8571428571428574,12.117142857142857,0.0,STOCK SUFFICIENT
2026-04-29,S003,Ghaziabad,P010,Yoga Mat,Sports,Supplier A,1314.39,15.0,21,27602.190000000002,337,129,14,False,4,2026,29,2,18,19.0,18.571428571428573,22.2,3.714285714285715,25.914285714285715,0.0,STOCK SUFFICIENT
2026-04-29,S005,Jaipur,P015,Office Chair,Furniture,Supplier D,8769.51,10.0,9,78925.59,52,37,5,False,4,2026,29,2,18,4.0,6.142857142857143,6.815,1.2285714285714286,8.043571428571429,0.0,STOCK SUFFICIENT
2026-04-29,S001,Delhi,P002,Wireless Mouse,Accessories,Supplier A,813.46,15.0,50,40673.0,451,260,11,False,4,2026,29,2,18,53.0,46.714285714285715,45.57,9.342857142857143,54.91285714285714,0.0,STOCK SUFFICIENT
2026-04-29,S001,Delhi,P003,Mechanical Keyboard,Accessories,Supplier A,2326.37,15.0,22,51180.14,286,120,7,False,4,2026,29,2,18,12.0,21.428571428571427,22.565,4.285714285714286,26.850714285714286,0.0,STOCK SUFFICIENT
2026-04-29,S004,Lucknow,P007,Smart Watch,Wearables,Supplier B,4223.81,0.0,11,46461.91,79,64,10,False,4,2026,29,2,18,11.0,11.142857142857142,8.76,2.2285714285714286,10.98857142857143,0.0,STOCK SUFFICIENT
2026-04-29,S002,Noida,P002,Wireless Mouse,Accessories,Supplier C,792.46,0.0,42,33283.32,482,239,10,False,4,2026,29,2,18,33.0,39.142857142857146,34.125,7.828571428571429,41.95357142857143,0.0,STOCK SUFFICIENT
2026-04-29,S004,Lucknow,P002,Wireless Mouse,Accessories,Supplier D,863.56,20.0,26,22452.559999999998,217,187,11,False,4,2026,29,2,18,32.0,32.142857142857146,30.385,6.42857142857143,36.81357142857143,0.0,STOCK SUFFICIENT
2026-04-29,S002,Noida,P005,Power Bank,Electronics,Supplier A,1574.43,5.0,29,45658.47,232,184,5,False,4,2026,29,2,18,27.0,28.0,28.105,5.6000000000000005,33.705,0.0,STOCK SUFFICIENT
2026-04-29,S005,Jaipur,P011,Water Bottle,Sports,Supplier D,729.01,20.0,31,22599.31,399,204,10,False,4,2026,29,2,18,34.0,31.142857142857142,34.755,6.228571428571429,40.98357142857143,0.0,STOCK SUFFICIENT
2026-04-30,S003,Ghaziabad,P005,Power Bank,Electronics,Supplier B,1710.43,0.0,24,41050.32,375,152,14,False,4,2026,30,3,18,30.0,23.428571428571427,24.92,4.685714285714286,29.60571428571429,0.0,STOCK SUFFICIENT
2026-04-30,S006,Chandigarh,P001,Laptop Bag,Accessories,Supplier D,1275.37,20.0,8,10202.96,141,115,8,False,4,2026,30,3,18,27.0,21.285714285714285,20.42,4.257142857142857,24.677142857142858,0.0,STOCK SUFFICIENT
2026-04-30,S001,Delhi,P006,Bluetooth Speaker,Electronics,Supplier B,2786.88,0.0,12,33442.56,179,100,5,False,4,2026,30,3,18,14.0,16.714285714285715,13.825,3.3428571428571434,17.167857142857144,0.0,STOCK SUFFICIENT
2026-04-30,S006,Chandigarh,P003,Mechanical Keyboard,Accessories,Supplier C,2250.53,0.0,9,20254.77,142,76,3,False,4,2026,30,3,18,9.0,12.0,10.915,2.4000000000000004,13.315,0.0,STOCK SUFFICIENT
2026-04-30,S006,Chandigarh,P011,Water Bottle,Sports,Supplier B,733.76,5.0,18,13207.68,401,192,7,False,4,2026,30,3,18,31.0,29.285714285714285,29.14,5.857142857142858,34.99714285714286,0.0,STOCK SUFFICIENT
2026-04-30,S005,Jaipur,P010,Yoga Mat,Sports,Supplier C,1504.48,10.0,19,28585.12,161,115,4,False,4,2026,30,3,18,14.0,20.714285714285715,18.265,4.142857142857143,22.407857142857143,0.0,STOCK SUFFICIENT
2026-04-30,S004,Lucknow,P013,Travel Adapter,Travel,Supplier D,1075.48,5.0,16,17207.68,183,129,7,False,4,2026,30,3,18,21.0,23.285714285714285,19.63,4.6571428571428575,24.287142857142857,0.0,STOCK SUFFICIENT
2026-04-30,S002,Noida,P005,Power Bank,Electronics,Supplier C,1727.55,5.0,25,43188.75,346,184,4,False,4,2026,30,3,18,29.0,28.285714285714285,29.115,5.6571428571428575,34.77214285714285,0.0,STOCK SUFFICIENT
2026-04-30,S003,Ghaziabad,P011,Water Bottle,Sports,Supplier C,683.14,0.0,42,28691.88,339,228,12,False,4,2026,30,3,18,27.0,39.42857142857143,33.94,7.885714285714286,41.825714285714284,0.0,STOCK SUFFICIENT
2026-04-30,S002,Noida,P010,Yoga Mat,Sports,Supplier C,1431.76,0.0,25,35794.0,298,156,9,False,4,2026,30,3,18,29.0,25.857142857142858,23.485,5.171428571428572,28.65642857142857,0.0,STOCK SUFFICIENT
2026-04-30,S003,Ghaziabad,P014,Desk Lamp,Home,Supplier B,1226.48,0.0,9,11038.32,309,121,12,False,4,2026,30,3,18,23.0,22.428571428571427,17.71,4.485714285714286,22.19571428571429,0.0,STOCK SUFFICIENT
2026-04-30,S006,Chandigarh,P005,Power Bank,Electronics,Supplier B,1511.06,5.0,13,19643.78,304,128,11,False,4,2026,30,3,18,20.0,22.142857142857142,18.54,4.428571428571429,22.96857142857143,0.0,STOCK SUFFICIENT
2026-05-01,S002,Noida,P008,Fitness Band,Wearables,Supplier D,2119.3,0.0,16,33908.8,251,119,12,False,5,2026,1,4,18,14.0,17.428571428571427,17.485,3.4857142857142858,20.970714285714287,0.0,STOCK SUFFICIENT
2026-05-01,S002,Noida,P015,Office Chair,Furniture,Supplier A,8312.91,10.0,9,74816.19,105,50,6,False,5,2026,1,4,18,16.0,9.0,8.61,1.8,10.41,0.0,STOCK SUFFICIENT
2026-05-01,S002,Noida,P006,Bluetooth Speaker,Electronics,Supplier C,2597.19,5.0,12,31166.28,184,92,9,False,5,2026,1,4,18,13.0,15.571428571428571,13.19,3.1142857142857143,16.304285714285715,0.0,STOCK SUFFICIENT
2026-05-01,S005,Jaipur,P006,Bluetooth Speaker,Electronics,Supplier C,2930.72,10.0,7,20515.039999999997,126,68,9,False,5,2026,1,4,18,7.0,12.142857142857142,9.94,2.428571428571429,12.368571428571428,0.0,STOCK SUFFICIENT
2026-05-01,S002,Noida,P002,Wireless Mouse,Accessories,Supplier A,812.76,0.0,44,35761.44,380,239,2,False,5,2026,1,4,18,42.0,38.285714285714285,35.225,7.6571428571428575,42.88214285714286,0.0,STOCK SUFFICIENT
2026-05-01,S004,Lucknow,P009,Running Shoes,Sports,Supplier A,3389.55,10.0,9,30505.95,176,79,9,False,5,2026,1,4,18,5.0,12.0,12.04,2.4000000000000004,14.44,0.0,STOCK SUFFICIENT
2026-05-01,S006,Chandigarh,P001,Laptop Bag,Accessories,Supplier B,1222.6,5.0,18,22006.8,124,115,8,False,5,2026,1,4,18,8.0,18.857142857142858,16.95,3.771428571428572,20.72142857142857,0.0,STOCK SUFFICIENT
2026-05-01,S006,Chandigarh,P002,Wireless Mouse,Accessories,Supplier D,854.52,0.0,15,12817.8,330,166,13,False,5,2026,1,4,18,31.0,26.285714285714285,21.025,5.257142857142857,26.282142857142855,0.0,STOCK SUFFICIENT
2026-05-01,S005,Jaipur,P006,Bluetooth Speaker,Electronics,Supplier B,2620.03,20.0,18,47160.54,149,68,3,False,5,2026,1,4,18,7.0,11.714285714285714,10.835,2.342857142857143,13.177857142857144,0.0,STOCK SUFFICIENT
2026-05-01,S003,Ghaziabad,P003,Mechanical Keyboard,Accessories,Supplier C,2464.7,15.0,10,24647.0,183,91,13,False,5,2026,1,4,18,18.0,13.571428571428571,15.64,2.7142857142857144,18.354285714285716,0.0,STOCK SUFFICIENT
2026-05-01,S004,Lucknow,P012,Backpack,Travel,Supplier A,1946.65,0.0,12,23359.800000000003,229,108,14,False,5,2026,1,4,18,20.0,19.0,14.675,3.8000000000000003,18.475,0.0,STOCK SUFFICIENT
2026-05-01,S004,Lucknow,P001,Laptop Bag,Accessories,Supplier C,1226.55,0.0,13,15945.15,353,129,11,False,5,2026,1,4,18,14.0,21.714285714285715,17.52,4.342857142857143,21.862857142857145,0.0,STOCK SUFFICIENT
2026-05-01,S003,Ghaziabad,P007,Smart Watch,Wearables,Supplier A,4215.71,10.0,10,42157.1,138,68,14,False,5,2026,1,4,18,10.0,11.285714285714286,11.365,2.2571428571428576,13.622142857142858,0.0,STOCK SUFFICIENT
2026-05-01,S003,Ghaziabad,P013,Travel Adapter,Travel,Supplier C,1056.38,0.0,19,20071.22,352,136,5,False,5,2026,1,4,18,20.0,25.0,19.82,5.0,24.82,0.0,STOCK SUFFICIENT
2026-05-01,S003,Ghaziabad,P005,Power Bank,Electronics,Supplier C,1495.59,5.0,23,34398.57,163,152,13,False,5,2026,1,4,18,24.0,22.857142857142858,23.92,4.571428571428572,28.491428571428575,0.0,STOCK SUFFICIENT
2026-05-01,S001,Delhi,P002,Wireless Mouse,Accessories,Supplier D,904.75,0.0,38,34380.5,582,260,6,False,5,2026,1,4,18,50.0,47.857142857142854,41.13,9.571428571428571,50.70142857142857,0.0,STOCK SUFFICIENT
2026-05-01,S006,Chandigarh,P004,USB-C Hub,Electronics,Supplier C,1784.8,0.0,14,24987.2,282,96,8,False,5,2026,1,4,18,18.0,14.714285714285714,12.935,2.942857142857143,15.877857142857144,0.0,STOCK SUFFICIENT
2026-05-01,S005,Jaipur,P010,Yoga Mat,Sports,Supplier C,1415.64,0.0,12,16987.68,283,115,4,False,5,2026,1,4,18,19.0,20.714285714285715,15.855,4.142857142857143,19.997857142857143,0.0,STOCK SUFFICIENT
2026-05-01,S005,Jaipur,P015,Office Chair,Furniture,Supplier B,8493.82,0.0,7,59456.74,100,37,6,False,5,2026,1,4,18,11.0,7.0,6.56,1.4000000000000001,7.96,0.0,STOCK SUFFICIENT
2026-05-01,S003,Ghaziabad,P010,Yoga Mat,Sports,Supplier A,1312.31,0.0,25,32807.75,401,129,3,False,5,2026,1,4,18,21.0,17.714285714285715,18.105,3.542857142857143,21.647857142857145,0.0,STOCK SUFFICIENT
2026-05-02,S003,Ghaziabad,P009,Running Shoes,Sports,Supplier B,3426.39,0.0,14,47969.46,170,83,10,False,5,2026,2,5,18,14.0,14.857142857142858,15.045,2.9714285714285715,18.01642857142857,0.0,STOCK SUFFICIENT
2026-05-02,S005,Jaipur,P001,Laptop Bag,Accessories,Supplier C,1210.52,10.0,23,27841.96,340,122,4,False,5,2026,2,5,18,19.0,21.428571428571427,21.385,4.285714285714286,25.670714285714286,0.0,STOCK SUFFICIENT
2026-05-02,S002,Noida,P011,Water Bottle,Sports,Supplier B,749.75,0.0,45,33738.75,674,276,13,False,5,2026,2,5,18,45.0,48.714285714285715,40.83,9.742857142857144,50.572857142857146,0.0,STOCK SUFFICIENT
2026-05-02,S003,Ghaziabad,P012,Backpack,Travel,Supplier B,2045.88,0.0,17,34779.96,163,114,8,False,5,2026,2,5,18,21.0,19.714285714285715,17.46,3.942857142857143,21.402857142857144,0.0,STOCK SUFFICIENT
2026-05-02,S005,Jaipur,P009,Running Shoes,Sports,Supplier C,3049.94,5.0,14,42699.16,127,74,8,False,5,2026,2,5,18,9.0,9.0,14.215,1.8,16.015,0.0,STOCK SUFFICIENT
2026-05-02,S003,Ghaziabad,P001,Laptop Bag,Accessories,Supplier D,1123.47,0.0,21,23592.87,317,136,9,False,5,2026,2,5,18,27.0,23.428571428571427,20.375,4.685714285714286,25.060714285714287,0.0,STOCK SUFFICIENT
2026-05-02,S006,Chandigarh,P005,Power Bank,Electronics,Supplier A,1672.45,0.0,20,33449.0,208,128,13,False,5,2026,2,5,18,13.0,20.857142857142858,19.575,4.171428571428572,23.74642857142857,0.0,STOCK SUFFICIENT
2026-05-02,S002,Noida,P006,Bluetooth Speaker,Electronics,Supplier A,2991.9,5.0,9,26927.100000000002,170,92,10,False,5,2026,2,5,18,12.0,15.714285714285714,14.595,3.142857142857143,17.737857142857145,0.0,STOCK SUFFICIENT
2026-05-02,S004,Lucknow,P012,Backpack,Travel,Supplier B,1915.86,15.0,22,42148.92,170,108,10,False,5,2026,2,5,18,12.0,18.0,18.48,3.6,22.080000000000002,0.0,STOCK SUFFICIENT
2026-05-02,S006,Chandigarh,P011,Water Bottle,Sports,Supplier D,755.33,0.0,31,23415.23,367,192,9,False,5,2026,2,5,18,18.0,27.571428571428573,26.635,5.514285714285715,32.14928571428572,0.0,STOCK SUFFICIENT
2026-05-02,S004,Lucknow,P008,Fitness Band,Wearables,Supplier B,2309.55,15.0,21,48500.55,113,93,8,False,5,2026,2,5,18,19.0,13.0,16.785,2.6,19.385,0.0,STOCK SUFFICIENT
2026-05-02,S001,Delhi,P010,Yoga Mat,Sports,Supplier D,1359.08,5.0,27,36695.159999999996,365,170,3,False,5,2026,2,5,18,19.0,25.428571428571427,27.935,5.085714285714285,33.020714285714284,0.0,STOCK SUFFICIENT
2026-05-02,S004,Lucknow,P013,Travel Adapter,Travel,Supplier A,1107.37,0.0,22,24362.14,174,129,3,False,5,2026,2,5,18,16.0,21.857142857142858,20.165,4.371428571428572,24.536428571428573,0.0,STOCK SUFFICIENT
2026-05-03,S003,Ghaziabad,P013,Travel Adapter,Travel,Supplier B,1094.09,5.0,23,25164.07,311,136,13,False,5,2026,3,6,18,19.0,24.0,23.265,4.800000000000001,28.065,0.0,STOCK SUFFICIENT
2026-05-03,S004,Lucknow,P002,Wireless Mouse,Accessories,Supplier C,811.89,10.0,29,23544.81,296,187,10,False,5,2026,3,6,18,26.0,31.857142857142858,32.395,6.371428571428572,38.76642857142858,0.0,STOCK SUFFICIENT
2026-05-03,S005,Jaipur,P013,Travel Adapter,Travel,Supplier A,1060.61,5.0,16,16969.76,185,122,11,False,5,2026,3,6,18,19.0,20.142857142857142,18.33,4.0285714285714285,22.358571428571427,0.0,STOCK SUFFICIENT
2026-05-03,S005,Jaipur,P009,Running Shoes,Sports,Supplier D,3146.39,0.0,9,28317.51,151,74,5,False,5,2026,3,6,18,14.0,10.428571428571429,10.685,2.085714285714286,12.770714285714286,0.0,STOCK SUFFICIENT
2026-05-03,S003,Ghaziabad,P013,Travel Adapter,Travel,Supplier D,1066.48,0.0,21,22396.08,302,136,7,False,5,2026,3,6,18,23.0,23.285714285714285,21.705,4.6571428571428575,26.362142857142857,0.0,STOCK SUFFICIENT
2026-05-03,S003,Ghaziabad,P014,Desk Lamp,Home,Supplier A,1245.81,20.0,24,29899.44,246,121,11,False,5,2026,3,6,18,9.0,20.0,22.025,4.0,26.025,0.0,STOCK SUFFICIENT
2026-05-03,S004,Lucknow,P011,Water Bottle,Sports,Supplier D,674.71,15.0,35,23614.850000000002,461,216,11,False,5,2026,3,6,18,20.0,34.0,42.075,6.800000000000001,48.875,0.0,STOCK SUFFICIENT
2026-05-03,S001,Delhi,P006,Bluetooth Speaker,Electronics,Supplier C,2901.64,15.0,12,34819.68,198,100,13,False,5,2026,3,6,18,12.0,15.571428571428571,17.635,3.1142857142857143,20.749285714285715,0.0,STOCK SUFFICIENT
2026-05-03,S001,Delhi,P009,Running Shoes,Sports,Supplier B,3346.29,15.0,19,63579.51,165,110,10,False,5,2026,3,6,18,23.0,17.714285714285715,20.565,3.542857142857143,24.107857142857146,0.0,STOCK SUFFICIENT
2026-05-03,S003,Ghaziabad,P006,Bluetooth Speaker,Electronics,Supplier D,2998.54,5.0,13,38981.02,140,76,6,False,5,2026,3,6,18,8.0,10.142857142857142,14.38,2.0285714285714285,16.408571428571427,0.0,STOCK SUFFICIENT
2026-05-03,S002,Noida,P011,Water Bottle,Sports,Supplier B,671.99,0.0,43,28895.57,518,276,7,False,5,2026,3,6,18,45.0,47.714285714285715,43.275,9.542857142857143,52.81785714285714,0.0,STOCK SUFFICIENT
2026-05-03,S006,Chandigarh,P015,Office Chair,Furniture,Supplier C,8550.61,5.0,5,42753.05,75,35,7,False,5,2026,3,6,18,4.0,4.857142857142857,5.73,0.9714285714285714,6.701428571428572,0.0,STOCK SUFFICIENT
2026-05-03,S003,Ghaziabad,P004,USB-C Hub,Electronics,Supplier C,1661.5,10.0,22,36553.0,165,114,8,False,5,2026,3,6,18,10.0,16.714285714285715,18.96,3.3428571428571434,22.302857142857142,0.0,STOCK SUFFICIENT
2026-05-03,S004,Lucknow,P006,Bluetooth Speaker,Electronics,Supplier C,2623.24,10.0,17,44595.079999999994,127,72,10,False,5,2026,3,6,18,13.0,11.0,12.165,2.2,14.364999999999998,0.0,STOCK SUFFICIENT
2026-05-03,S006,Chandigarh,P009,Running Shoes,Sports,Supplier A,3446.11,10.0,15,51691.65,94,70,12,False,5,2026,3,6,18,6.0,9.857142857142858,12.165,1.9714285714285715,14.13642857142857,0.0,STOCK SUFFICIENT
2026-05-04,S005,Jaipur,P013,Travel Adapter,Travel,Supplier D,1062.18,10.0,16,16994.88,194,122,9,False,5,2026,4,0,19,19.0,19.285714285714285,19.62,3.857142857142857,23.47714285714286,0.0,STOCK SUFFICIENT
2026-05-04,S006,Chandigarh,P003,Mechanical Keyboard,Accessories,Supplier D,2208.15,0.0,10,22081.5,116,76,2,False,5,2026,4,0,19,9.0,11.714285714285714,10.49,2.342857142857143,12.832857142857144,0.0,STOCK SUFFICIENT
2026-05-04,S004,Lucknow,P011,Water Bottle,Sports,Supplier A,644.0,10.0,39,25116.0,70,216,4,True,5,2026,4,0,19,35.0,35.57142857142857,34.005,7.114285714285714,41.119285714285716,0.0,REORDER REQUIRED
2026-05-04,S005,Jaipur,P013,Travel Adapter,Travel,Supplier B,1134.42,5.0,19,21553.980000000003,195,122,3,False,5,2026,4,0,19,16.0,20.571428571428573,17.67,4.114285714285715,21.784285714285716,0.0,STOCK SUFFICIENT
2026-05-04,S004,Lucknow,P001,Laptop Bag,Accessories,Supplier D,1202.35,5.0,14,16832.899999999998,106,129,6,True,5,2026,4,0,19,13.0,20.714285714285715,19.695,4.142857142857143,23.837857142857143,0.0,REORDER REQUIRED
2026-05-04,S003,Ghaziabad,P012,Backpack,Travel,Supplier D,1887.75,20.0,19,35867.25,219,114,3,False,5,2026,4,0,19,17.0,19.714285714285715,19.755,3.942857142857143,23.697857142857142,0.0,STOCK SUFFICIENT
2026-05-04,S003,Ghaziabad,P002,Wireless Mouse,Accessories,Supplier B,857.47,20.0,46,39443.62,195,197,10,True,5,2026,4,0,19,23.0,33.714285714285715,30.52,6.742857142857144,37.26285714285714,0.0,REORDER REQUIRED
2026-05-04,S001,Delhi,P004,USB-C Hub,Electronics,,1769.03,10.0,28,49532.84,252,150,7,False,5,2026,4,0,19,18.0,23.142857142857142,23.0,4.628571428571429,27.62857142857143,0.0,STOCK SUFFICIENT
2026-05-04,S005,Jaipur,P011,Water Bottle,Sports,Supplier A,693.02,5.0,43,29799.86,317,204,2,False,5,2026,4,0,19,31.0,31.571428571428573,29.645,6.314285714285715,35.95928571428571,0.0,STOCK SUFFICIENT
2026-05-04,S004,Lucknow,P015,Office Chair,Furniture,Supplier C,8553.76,15.0,9,76983.84,47,39,9,False,5,2026,4,0,19,5.0,5.428571428571429,6.345,1.0857142857142859,7.430714285714286,0.0,STOCK SUFFICIENT
2026-05-04,S002,Noida,P014,Desk Lamp,Home,Supplier C,1228.28,10.0,23,28250.44,219,147,5,False,5,2026,4,0,19,31.0,23.142857142857142,23.4,4.628571428571429,28.02857142857143,0.0,STOCK SUFFICIENT
2026-05-04,S003,Ghaziabad,P003,Mechanical Keyboard,Accessories,Supplier C,2494.36,10.0,14,34921.04,193,91,12,False,5,2026,4,0,19,10.0,12.571428571428571,15.175,2.5142857142857142,17.689285714285717,0.0,STOCK SUFFICIENT
2026-05-04,S005,Jaipur,P012,Backpack,Travel,Supplier D,1881.28,0.0,17,31981.76,196,102,5,False,5,2026,4,0,19,16.0,15.857142857142858,14.86,3.1714285714285717,18.03142857142857,0.0,STOCK SUFFICIENT
2026-05-05,S002,Noida,P011,Water Bottle,Sports,Supplier C,668.06,10.0,56,37411.36,280,276,13,False,5,2026,5,1,19,43.0,47.42857142857143,42.96,9.485714285714286,52.44571428571429,0.0,STOCK SUFFICIENT
2026-05-05,S001,Delhi,P006,Bluetooth Speaker,Electronics,Supplier B,2850.26,0.0,10,28502.600000000002,227,100,9,False,5,2026,5,1,19,12.0,15.285714285714286,14.38,3.0571428571428574,17.43714285714286,0.0,STOCK SUFFICIENT
2026-05-05,S006,Chandigarh,P012,Backpack,Travel,Supplier B,1811.43,15.0,25,45285.75,159,96,4,False,5,2026,5,1,19,14.0,15.571428571428571,16.03,3.1142857142857143,19.144285714285715,0.0,STOCK SUFFICIENT
2026-05-05,S001,Delhi,P009,Running Shoes,Sports,Supplier B,3386.65,20.0,14,47413.1,190,110,12,False,5,2026,5,1,19,19.0,16.285714285714285,19.915,3.257142857142857,23.172142857142855,0.0,STOCK SUFFICIENT
2026-05-05,S006,Chandigarh,P011,Water Bottle,Sports,Supplier A,749.7,15.0,37,27738.9,314,192,3,False,5,2026,5,1,19,31.0,27.571428571428573,28.475,5.514285714285715,33.989285714285714,0.0,STOCK SUFFICIENT
2026-05-05,S003,Ghaziabad,P006,Bluetooth Speaker,Electronics,Supplier C,2838.87,20.0,14,39744.18,148,76,6,False,5,2026,5,1,19,13.0,10.285714285714286,12.69,2.0571428571428574,14.747142857142856,0.0,STOCK SUFFICIENT
2026-05-05,S001,Delhi,P013,Travel Adapter,Travel,Supplier D,1153.04,0.0,30,34591.2,204,180,9,False,5,2026,5,1,19,28.0,33.0,24.3,6.6000000000000005,30.900000000000002,0.0,STOCK SUFFICIENT
2026-05-05,S001,Delhi,P015,Office Chair,Furniture,Supplier C,9108.1,10.0,9,81972.90000000001,100,55,14,False,5,2026,5,1,19,5.0,7.571428571428571,9.23,1.5142857142857142,10.744285714285715,0.0,STOCK SUFFICIENT
2026-05-05,S004,Lucknow,P006,Bluetooth Speaker,Electronics,Supplier D,2804.53,0.0,10,28045.300000000003,76,72,8,False,5,2026,5,1,19,17.0,12.142857142857142,9.89,2.428571428571429,12.31857142857143,0.0,STOCK SUFFICIENT
2026-05-05,S003,Ghaziabad,P003,Mechanical Keyboard,Accessories,Supplier C,2413.52,15.0,22,53097.44,162,91,9,False,5,2026,5,1,19,14.0,12.571428571428571,15.07,2.5142857142857142,17.584285714285713,0.0,STOCK SUFFICIENT
2026-05-05,S003,Ghaziabad,P013,Travel Adapter,Travel,Supplier B,1112.35,15.0,17,18909.949999999997,251,136,2,False,5,2026,5,1,19,21.0,22.571428571428573,18.325,4.514285714285715,22.839285714285715,0.0,STOCK SUFFICIENT
2026-05-05,S004,Lucknow,P003,Mechanical Keyboard,Accessories,Supplier D,2318.98,0.0,10,23189.8,173,86,12,False,5,2026,5,1,19,15.0,12.0,11.54,2.4000000000000004,13.94,0.0,STOCK SUFFICIENT
2026-05-05,S005,Jaipur,P006,Bluetooth Speaker,Electronics,Supplier C,2714.85,0.0,11,29863.35,117,68,8,False,5,2026,5,1,19,18.0,12.142857142857142,9.29,2.428571428571429,11.718571428571428,0.0,STOCK SUFFICIENT
2026-05-06,S003,Ghaziabad,P010,Yoga Mat,Sports,Supplier D,1440.36,15.0,30,43210.799999999996,310,129,9,False,5,2026,6,2,19,25.0,17.714285714285715,19.88,3.542857142857143,23.422857142857143,0.0,STOCK SUFFICIENT
2026-05-06,S006,Chandigarh,P009,Running Shoes,Sports,Supplier A,3293.84,0.0,12,39526.08,157,70,12,False,5,2026,6,2,19,15.0,10.428571428571429,9.785,2.085714285714286,11.870714285714286,0.0,STOCK SUFFICIENT
2026-05-06,S005,Jaipur,P013,Travel Adapter,Travel,Supplier B,1104.81,0.0,19,20991.39,184,122,2,False,5,2026,6,2,19,16.0,19.0,16.315,3.8000000000000003,20.115000000000002,0.0,STOCK SUFFICIENT
2026-05-06,S006,Chandigarh,P010,Yoga Mat,Sports,Supplier C,1293.01,0.0,25,32325.25,267,108,5,False,5,2026,6,2,19,13.0,16.0,13.21,3.2,16.41,0.0,STOCK SUFFICIENT
2026-05-06,S003,Ghaziabad,P012,Backpack,Travel,Supplier D,1978.9,0.0,14,27704.600000000002,239,114,14,False,5,2026,6,2,19,19.0,19.428571428571427,15.19,3.8857142857142857,19.075714285714284,0.0,STOCK SUFFICIENT
2026-05-06,S004,Lucknow,P002,Wireless Mouse,Accessories,Supplier B,865.5,10.0,29,25099.5,395,187,7,False,5,2026,6,2,19,29.0,31.857142857142858,29.355,6.371428571428572,35.72642857142857,0.0,STOCK SUFFICIENT
2026-05-06,S002,Noida,P003,Mechanical Keyboard,Accessories,Supplier C,2501.79,5.0,16,40028.64,262,110,7,False,5,2026,6,2,19,12.0,14.571428571428571,15.94,2.9142857142857146,18.854285714285716,0.0,STOCK SUFFICIENT
2026-05-06,S005,Jaipur,P007,Smart Watch,Wearables,Supplier A,4182.23,0.0,9,37640.06999999999,70,61,13,False,5,2026,6,2,19,5.0,4.857142857142857,7.825,0.9714285714285714,8.79642857142857,0.0,STOCK SUFFICIENT
2026-05-06,S005,Jaipur,P003,Mechanical Keyboard,Accessories,Supplier A,2361.08,0.0,7,16527.559999999998,161,81,2,False,5,2026,6,2,19,12.0,11.571428571428571,12.075,2.3142857142857145,14.389285714285714,0.0,STOCK SUFFICIENT
2026-05-06,S006,Chandigarh,P003,Mechanical Keyboard,Accessories,Supplier B,2236.56,0.0,11,24602.16,140,76,6,False,5,2026,6,2,19,10.0,10.857142857142858,11.985,2.1714285714285717,14.15642857142857,0.0,STOCK SUFFICIENT
2026-05-06,S002,Noida,P001,Laptop Bag,Accessories,Supplier B,1238.67,10.0,28,34682.76,314,165,12,False,5,2026,6,2,19,20.0,28.857142857142858,26.02,5.771428571428572,31.791428571428572,0.0,STOCK SUFFICIENT
2026-05-06,S006,Chandigarh,P004,USB-C Hub,Electronics,Supplier A,1780.92,5.0,15,26713.800000000003,241,96,8,False,5,2026,6,2,19,14.0,14.428571428571429,14.625,2.885714285714286,17.510714285714286,0.0,STOCK SUFFICIENT
2026-05-06,S001,Delhi,P010,Yoga Mat,Sports,Supplier A,1465.15,0.0,21,30768.15,385,170,12,False,5,2026,6,2,19,27.0,25.714285714285715,22.18,5.142857142857143,27.322857142857142,0.0,STOCK SUFFICIENT
2026-05-06,S001,Delhi,P008,Fitness Band,Wearables,Supplier A,2250.85,5.0,16,36013.6,211,130,5,False,5,2026,6,2,19,19.0,19.285714285714285,20.64,3.857142857142857,24.497142857142858,0.0,STOCK SUFFICIENT
2026-05-07,S002,Noida,P001,Laptop Bag,Accessories,Supplier B,1111.73,20.0,23,25569.79,337,165,6,False,5,2026,7,3,19,28.0,29.571428571428573,28.13,5.914285714285715,34.044285714285714,0.0,STOCK SUFFICIENT
2026-05-07,S005,Jaipur,P012,Backpack,Travel,Supplier D,1806.61,5.0,13,23485.93,141,102,6,False,5,2026,7,3,19,17.0,16.285714285714285,14.435,3.257142857142857,17.69214285714286,0.0,STOCK SUFFICIENT
2026-05-07,S006,Chandigarh,P010,Yoga Mat,Sports,Supplier D,1493.46,0.0,10,14934.6,260,108,5,False,5,2026,7,3,19,25.0,17.714285714285715,15.94,3.542857142857143,19.482857142857142,0.0,STOCK SUFFICIENT
2026-05-07,S006,Chandigarh,P013,Travel Adapter,Travel,Supplier D,1182.23,10.0,14,16551.22,120,115,7,False,5,2026,7,3,19,27.0,21.142857142857142,17.875,4.228571428571429,22.103571428571428,0.0,STOCK SUFFICIENT
2026-05-07,S001,Delhi,P007,Smart Watch,Wearables,Supplier D,4372.98,10.0,15,65594.7,165,90,7,False,5,2026,7,3,19,13.0,13.428571428571429,14.04,2.685714285714286,16.725714285714286,0.0,STOCK SUFFICIENT
2026-05-07,S005,Jaipur,P015,Office Chair,Furniture,Supplier C,8261.52,0.0,2,16523.04,112,37,4,False,5,2026,7,3,19,7.0,7.142857142857143,6.13,1.4285714285714288,7.558571428571429,0.0,STOCK SUFFICIENT
2026-05-07,S001,Delhi,P001,Laptop Bag,Accessories,Supplier C,1168.73,5.0,24,28049.52,316,180,9,False,5,2026,7,3,19,22.0,29.428571428571427,26.45,5.885714285714286,32.33571428571429,0.0,STOCK SUFFICIENT
2026-05-07,S002,Noida,P014,Desk Lamp,Home,Supplier B,1400.97,15.0,25,35024.25,169,147,12,False,5,2026,7,3,19,23.0,23.428571428571427,22.67,4.685714285714286,27.35571428571429,0.0,STOCK SUFFICIENT
2026-05-07,S006,Chandigarh,P003,Mechanical Keyboard,Accessories,Supplier B,2458.6,15.0,17,41796.2,117,76,12,False,5,2026,7,3,19,11.0,10.857142857142858,12.265,2.1714285714285717,14.436428571428571,0.0,STOCK SUFFICIENT
2026-05-07,S005,Jaipur,P010,Yoga Mat,Sports,Supplier B,1451.06,15.0,14,20314.84,133,115,11,False,5,2026,7,3,19,12.0,17.285714285714285,18.76,3.4571428571428573,22.21714285714286,0.0,STOCK SUFFICIENT
2026-05-07,S004,Lucknow,P007,Smart Watch,Wearables,Supplier C,4407.0,5.0,10,44070.0,113,64,13,False,5,2026,7,3,19,11.0,11.0,10.06,2.2,12.260000000000002,0.0,STOCK SUFFICIENT
2026-05-07,S002,Noida,P012,Backpack,Travel,Supplier D,1870.67,0.0,15,28060.050000000003,197,138,7,False,5,2026,7,3,19,21.0,23.571428571428573,20.6,4.714285714285714,25.314285714285717,0.0,STOCK SUFFICIENT
2026-05-07,S006,Chandigarh,P008,Fitness Band,Wearables,Supplier B,2066.78,5.0,7,14467.460000000001,291,83,13,False,5,2026,7,3,19,17.0,13.285714285714286,14.125,2.6571428571428575,16.78214285714286,0.0,STOCK SUFFICIENT
2026-05-07,S001,Delhi,P013,Travel Adapter,Travel,Supplier D,1058.59,5.0,19,20113.21,319,180,12,False,5,2026,7,3,19,30.0,32.285714285714285,26.405,6.457142857142857,32.86214285714286,0.0,STOCK SUFFICIENT
2026-05-07,S004,Lucknow,P005,Power Bank,Electronics,Supplier C,1703.14,0.0,24,40875.36,176,144,5,False,5,2026,7,3,19,28.0,24.714285714285715,20.985,4.942857142857143,25.927857142857142,0.0,STOCK SUFFICIENT
2026-05-07,S004,Lucknow,P010,Yoga Mat,Sports,Supplier D,1404.73,15.0,20,28094.6,195,122,6,False,5,2026,7,3,19,18.0,20.0,19.215,4.0,23.215,0.0,STOCK SUFFICIENT
2026-05-07,S001,Delhi,P005,Power Bank,Electronics,Supplier B,1538.21,0.0,32,49222.72,275,200,10,False,5,2026,7,3,19,34.0,31.857142857142858,27.37,6.371428571428572,33.74142857142857,0.0,STOCK SUFFICIENT
2026-05-08,S001,Delhi,P005,Power Bank,Electronics,Supplier B,1537.49,15.0,32,49199.68,338,200,9,False,5,2026,8,4,19,32.0,31.857142857142858,31.765,6.371428571428572,38.136428571428574,0.0,STOCK SUFFICIENT
2026-05-08,S005,Jaipur,P002,Wireless Mouse,Accessories,Supplier B,783.14,5.0,32,25060.48,379,176,2,False,5,2026,8,4,19,33.0,29.857142857142858,28.04,5.9714285714285715,34.01142857142857,0.0,STOCK SUFFICIENT
2026-05-08,S005,Jaipur,P010,Yoga Mat,Sports,Supplier B,1307.64,5.0,15,19614.600000000002,234,115,6,False,5,2026,8,4,19,14.0,16.0,18.98,3.2,22.18,0.0,STOCK SUFFICIENT
2026-05-08,S006,Chandigarh,P011,Water Bottle,Sports,Supplier B,658.0,0.0,28,18424.0,349,192,2,False,5,2026,8,4,19,37.0,29.0,27.945,5.800000000000001,33.745000000000005,0.0,STOCK SUFFICIENT
2026-05-08,S003,Ghaziabad,P013,Travel Adapter,Travel,Supplier C,1106.51,10.0,18,19917.18,229,136,10,False,5,2026,8,4,19,17.0,20.714285714285715,20.715,4.142857142857143,24.857857142857142,0.0,STOCK SUFFICIENT
2026-05-08,S005,Jaipur,P003,Mechanical Keyboard,Accessories,Supplier B,2511.42,10.0,12,30137.04,220,81,7,False,5,2026,8,4,19,7.0,10.428571428571429,12.64,2.085714285714286,14.725714285714286,0.0,STOCK SUFFICIENT
2026-05-08,S002,Noida,P003,Mechanical Keyboard,Accessories,Supplier B,2430.6,10.0,17,41320.2,126,110,10,False,5,2026,8,4,19,16.0,15.571428571428571,19.45,3.1142857142857143,22.564285714285713,0.0,STOCK SUFFICIENT
2026-05-08,S004,Lucknow,P013,Travel Adapter,Travel,Supplier D,1100.0,0.0,24,26400.0,234,129,4,False,5,2026,8,4,19,22.0,22.142857142857142,17.22,4.428571428571429,21.64857142857143,0.0,STOCK SUFFICIENT
2026-05-08,S001,Delhi,P012,Backpack,Travel,Supplier D,1769.7,0.0,17,30084.9,221,150,5,False,5,2026,8,4,19,18.0,21.428571428571427,23.965,4.285714285714286,28.250714285714285,0.0,STOCK SUFFICIENT
2026-05-08,S006,Chandigarh,P014,Desk Lamp,Home,Supplier D,1291.89,5.0,17,21962.13,169,102,10,False,5,2026,8,4,19,16.0,14.571428571428571,15.535,2.9142857142857146,18.449285714285715,0.0,STOCK SUFFICIENT
2026-05-08,S002,Noida,P012,Backpack,Travel,Supplier B,2040.58,0.0,17,34689.86,232,138,2,False,5,2026,8,4,19,15.0,22.571428571428573,19.74,4.514285714285715,24.254285714285714,0.0,STOCK SUFFICIENT
2026-05-08,S006,Chandigarh,P010,Yoga Mat,Sports,Supplier A,1389.0,0.0,14,19446.0,291,108,6,False,5,2026,8,4,19,10.0,17.0,14.505,3.4000000000000004,17.905,0.0,STOCK SUFFICIENT
2026-05-08,S002,Noida,P011,Water Bottle,Sports,Supplier B,664.01,5.0,42,27888.42,394,276,10,False,5,2026,8,4,19,56.0,48.142857142857146,44.54,9.62857142857143,54.168571428571425,0.0,STOCK SUFFICIENT
2026-05-08,S006,Chandigarh,P009,Running Shoes,Sports,Supplier C,3429.26,5.0,13,44580.380000000005,132,70,11,False,5,2026,8,4,19,12.0,11.0,11.185,2.2,13.385000000000002,0.0,STOCK SUFFICIENT
2026-05-08,S003,Ghaziabad,P002,Wireless Mouse,Accessories,Supplier B,842.56,10.0,29,24434.239999999998,269,197,8,False,5,2026,8,4,19,46.0,36.714285714285715,30.505,7.342857142857143,37.847857142857144,0.0,STOCK SUFFICIENT
2026-05-08,S005,Jaipur,P008,Fitness Band,Wearables,Supplier C,2180.58,0.0,14,30528.12,218,88,6,False,5,2026,8,4,19,10.0,11.571428571428571,13.79,2.3142857142857145,16.104285714285712,0.0,STOCK SUFFICIENT
2026-05-08,S001,Delhi,P009,Running Shoes,Sports,Supplier A,3225.13,0.0,19,61277.47,231,110,14,False,5,2026,8,4,19,14.0,15.714285714285714,16.37,3.142857142857143,19.512857142857143,0.0,STOCK SUFFICIENT
2026-05-08,S004,Lucknow,P008,Fitness Band,Wearables,Supplier B,2214.85,0.0,10,22148.5,235,93,13,False,5,2026,8,4,19,21.0,14.142857142857142,13.84,2.8285714285714287,16.66857142857143,0.0,STOCK SUFFICIENT
2026-05-09,S005,Jaipur,P012,Backpack,Travel,Supplier B,1890.76,10.0,17,32142.92,144,102,10,False,5,2026,9,5,19,13.0,15.0,17.015,3.0,20.015,0.0,STOCK SUFFICIENT
2026-05-09,S002,Noida,P001,Laptop Bag,Accessories,Supplier C,1247.11,0.0,26,32424.859999999997,454,165,14,False,5,2026,9,5,19,23.0,28.857142857142858,27.875,5.771428571428572,33.64642857142857,0.0,STOCK SUFFICIENT
2026-05-09,S003,Ghaziabad,P013,Travel Adapter,Travel,Supplier A,1071.56,10.0,28,30003.68,163,136,2,False,5,2026,9,5,19,18.0,20.428571428571427,22.395,4.085714285714285,26.480714285714285,0.0,STOCK SUFFICIENT
2026-05-09,S004,Lucknow,P002,Wireless Mouse,Accessories,Supplier B,840.99,5.0,31,26070.69,384,187,7,False,5,2026,9,5,19,29.0,31.714285714285715,30.69,6.342857142857143,37.03285714285715,0.0,STOCK SUFFICIENT
2026-05-09,S003,Ghaziabad,P012,Backpack,Travel,Supplier C,1937.99,15.0,15,29069.85,163,114,8,False,5,2026,9,5,19,14.0,17.428571428571427,19.335,3.4857142857142858,22.82071428571429,0.0,STOCK SUFFICIENT
2026-05-09,S001,Delhi,P001,Laptop Bag,Accessories,Supplier B,1264.68,10.0,38,48057.840000000004,260,180,7,False,5,2026,9,5,19,24.0,28.285714285714285,27.62,5.6571428571428575,33.277142857142856,0.0,STOCK SUFFICIENT
2026-05-09,S003,Ghaziabad,P006,Bluetooth Speaker,Electronics,Supplier D,2788.51,10.0,14,39039.14,187,76,3,False,5,2026,9,5,19,14.0,10.857142857142858,13.73,2.1714285714285717,15.901428571428571,0.0,STOCK SUFFICIENT
2026-05-09,S006,Chandigarh,P002,Wireless Mouse,Accessories,Supplier D,912.63,10.0,28,25553.64,263,166,3,False,5,2026,9,5,19,15.0,25.428571428571427,26.035,5.085714285714285,31.120714285714286,0.0,STOCK SUFFICIENT
2026-05-09,S005,Jaipur,P007,Smart Watch,Wearables,Supplier D,4397.09,0.0,10,43970.9,61,61,7,True,5,2026,9,5,19,9.0,5.285714285714286,8.085,1.0571428571428572,9.142142857142858,0.0,REORDER REQUIRED
2026-05-09,S003,Ghaziabad,P005,Power Bank,Electronics,Supplier A,1584.81,15.0,26,41205.06,325,152,6,False,5,2026,9,5,19,23.0,22.714285714285715,26.65,4.542857142857144,31.192857142857143,0.0,STOCK SUFFICIENT
2026-05-09,S002,Noida,P015,Office Chair,Furniture,Supplier D,8424.65,10.0,6,50547.899999999994,98,50,2,False,5,2026,9,5,19,9.0,9.285714285714286,9.455,1.8571428571428574,11.312142857142858,0.0,STOCK SUFFICIENT
2026-05-09,S002,Noida,P003,Mechanical Keyboard,Accessories,Supplier B,2241.36,15.0,15,33620.4,202,110,10,False,5,2026,9,5,19,17.0,16.142857142857142,21.18,3.2285714285714286,24.408571428571427,0.0,STOCK SUFFICIENT
2026-05-09,S006,Chandigarh,P006,Bluetooth Speaker,Electronics,Supplier A,2829.26,15.0,10,28292.600000000002,95,64,13,False,5,2026,9,5,19,12.0,11.0,11.335,2.2,13.535,0.0,STOCK SUFFICIENT
2026-05-09,S002,Noida,P005,Power Bank,Electronics,Supplier D,1718.77,5.0,28,48125.56,313,184,12,False,5,2026,9,5,19,25.0,28.0,31.63,5.6000000000000005,37.23,0.0,STOCK SUFFICIENT
2026-05-09,S005,Jaipur,P011,Water Bottle,Sports,Supplier C,739.52,0.0,25,18488.0,467,204,3,False,5,2026,9,5,19,43.0,33.857142857142854,30.56,6.771428571428571,37.33142857142857,0.0,STOCK SUFFICIENT
2026-05-09,S002,Noida,P008,Fitness Band,Wearables,Supplier D,2283.17,5.0,24,54796.08,218,119,14,False,5,2026,9,5,19,16.0,16.428571428571427,20.69,3.2857142857142856,23.975714285714286,0.0,STOCK SUFFICIENT
2026-05-10,S004,Lucknow,P007,Smart Watch,Wearables,Supplier D,4461.0,0.0,13,57993.0,118,64,6,False,5,2026,10,6,19,10.0,10.571428571428571,9.4,2.1142857142857143,11.514285714285714,0.0,STOCK SUFFICIENT
2026-05-10,S005,Jaipur,P004,USB-C Hub,Electronics,Supplier D,1824.33,15.0,18,32837.94,308,102,3,False,5,2026,10,6,19,16.0,16.142857142857142,18.33,3.2285714285714286,21.558571428571426,0.0,STOCK SUFFICIENT
2026-05-10,S002,Noida,P012,Backpack,Travel,Supplier D,1907.94,15.0,33,62962.020000000004,199,138,6,False,5,2026,10,6,19,17.0,21.285714285714285,22.635,4.257142857142857,26.892142857142858,0.0,STOCK SUFFICIENT
2026-05-10,S001,Delhi,P008,Fitness Band,Wearables,Supplier A,2029.47,0.0,32,64943.04,264,130,14,False,5,2026,10,6,19,16.0,18.714285714285715,19.86,3.7428571428571433,23.602857142857143,0.0,STOCK SUFFICIENT
2026-05-10,S006,Chandigarh,P015,Office Chair,Furniture,Supplier C,8133.07,0.0,2,16266.14,60,35,5,False,5,2026,10,6,19,5.0,4.428571428571429,6.195,0.8857142857142858,7.080714285714286,0.0,STOCK SUFFICIENT
2026-05-10,S004,Lucknow,P003,Mechanical Keyboard,Accessories,Supplier A,2224.48,20.0,12,26693.760000000002,199,86,13,False,5,2026,10,6,19,10.0,11.285714285714286,15.805,2.2571428571428576,18.062142857142856,0.0,STOCK SUFFICIENT
2026-05-10,S005,Jaipur,P001,Laptop Bag,Accessories,Supplier C,1193.65,0.0,19,22679.350000000002,249,122,10,False,5,2026,10,6,19,23.0,21.428571428571427,18.145,4.285714285714286,22.430714285714284,0.0,STOCK SUFFICIENT
2026-05-10,S005,Jaipur,P010,Yoga Mat,Sports,Supplier B,1357.57,5.0,24,32581.68,246,115,14,False,5,2026,10,6,19,15.0,15.0,19.46,3.0,22.46,0.0,STOCK SUFFICIENT
2026-05-10,S001,Delhi,P004,USB-C Hub,Electronics,Supplier B,1656.61,10.0,21,34788.81,227,150,7,False,5,2026,10,6,19,28.0,24.571428571428573,23.305,4.914285714285715,28.219285714285714,0.0,STOCK SUFFICIENT
2026-05-10,S004,Lucknow,P012,Backpack,Travel,Supplier A,2000.78,5.0,24,48018.72,184,108,6,False,5,2026,10,6,19,22.0,18.0,17.74,3.6,21.34,0.0,STOCK SUFFICIENT
2026-05-10,S003,Ghaziabad,P005,Power Bank,Electronics,Supplier A,1529.28,0.0,17,25997.76,274,152,10,False,5,2026,10,6,19,26.0,22.714285714285715,23.875,4.542857142857144,28.417857142857144,0.0,STOCK SUFFICIENT
2026-05-10,S004,Lucknow,P013,Travel Adapter,Travel,Supplier D,1180.97,5.0,27,31886.190000000002,243,129,11,False,5,2026,10,6,19,24.0,21.857142857142858,21.91,4.371428571428572,26.28142857142857,0.0,STOCK SUFFICIENT
2026-05-10,S001,Delhi,P009,Running Shoes,Sports,Supplier A,2962.83,0.0,18,53330.94,154,110,6,False,5,2026,10,6,19,19.0,16.285714285714285,16.18,3.257142857142857,19.437142857142856,0.0,STOCK SUFFICIENT
2026-05-11,S002,Noida,P004,USB-C Hub,Electronics,Supplier C,1891.34,20.0,19,35935.46,190,138,4,False,5,2026,11,0,20,16.0,23.142857142857142,22.3,4.628571428571429,26.92857142857143,0.0,STOCK SUFFICIENT
2026-05-11,S002,Noida,P007,Smart Watch,Wearables,Supplier B,4179.41,5.0,18,75229.38,143,82,10,False,5,2026,11,0,20,8.0,11.142857142857142,11.955,2.2285714285714286,14.18357142857143,0.0,STOCK SUFFICIENT
2026-05-11,S004,Lucknow,P010,Yoga Mat,Sports,Supplier D,1500.48,0.0,17,25508.16,288,122,10,False,5,2026,11,0,20,20.0,19.857142857142858,17.0,3.9714285714285715,20.97142857142857,0.0,STOCK SUFFICIENT
2026-05-11,S006,Chandigarh,P011,Water Bottle,Sports,Supplier C,690.17,5.0,30,20705.1,202,192,6,False,5,2026,11,0,20,28.0,27.428571428571427,25.985,5.485714285714286,31.470714285714287,0.0,STOCK SUFFICIENT
2026-05-11,S002,Noida,P008,Fitness Band,Wearables,Supplier B,2273.51,10.0,16,36376.16,212,119,3,False,5,2026,11,0,20,24.0,18.0,17.735,3.6,21.335,0.0,STOCK SUFFICIENT
2026-05-11,S004,Lucknow,P012,Backpack,Travel,Supplier D,2050.31,10.0,18,36905.58,251,108,4,False,5,2026,11,0,20,24.0,19.714285714285715,17.47,3.942857142857143,21.412857142857142,0.0,STOCK SUFFICIENT
2026-05-11,S004,Lucknow,P005,Power Bank,Electronics,Supplier B,1576.79,15.0,24,37842.96,214,144,9,False,5,2026,11,0,20,24.0,24.571428571428573,22.875,4.914285714285715,27.789285714285715,0.0,STOCK SUFFICIENT
2026-05-11,S004,Lucknow,P011,Water Bottle,Sports,Supplier A,739.61,5.0,37,27365.57,634,216,3,False,5,2026,11,0,20,39.0,36.857142857142854,31.515,7.371428571428571,38.886428571428574,0.0,STOCK SUFFICIENT
2026-05-11,S003,Ghaziabad,P015,Office Chair,Furniture,Supplier A,8760.7,0.0,9,78846.3,79,41,12,False,5,2026,11,0,20,5.0,5.714285714285714,6.145,1.142857142857143,7.287857142857143,0.0,STOCK SUFFICIENT
2026-05-11,S004,Lucknow,P009,Running Shoes,Sports,Supplier A,3345.86,20.0,10,33458.6,217,79,6,False,5,2026,11,0,20,9.0,11.0,12.735,2.2,14.934999999999999,0.0,STOCK SUFFICIENT
2026-05-11,S004,Lucknow,P009,Running Shoes,Sports,Supplier A,3322.28,10.0,13,43189.64,101,79,9,False,5,2026,11,0,20,10.0,10.857142857142858,10.85,2.1714285714285717,13.021428571428572,0.0,STOCK SUFFICIENT
2026-05-11,S005,Jaipur,P014,Desk Lamp,Home,Supplier D,1269.57,0.0,20,25391.399999999998,178,108,14,False,5,2026,11,0,20,17.0,17.714285714285715,15.96,3.542857142857143,19.502857142857145,0.0,STOCK SUFFICIENT
2026-05-12,S002,Noida,P005,Power Bank,Electronics,Supplier A,1507.24,15.0,34,51246.16,278,184,7,False,5,2026,12,1,20,28.0,27.428571428571427,28.265,5.485714285714286,33.75071428571429,0.0,STOCK SUFFICIENT
2026-05-12,S005,Jaipur,P007,Smart Watch,Wearables,Supplier A,4266.52,10.0,8,34132.16,139,61,14,False,5,2026,12,1,20,10.0,5.857142857142857,9.065,1.1714285714285715,10.23642857142857,0.0,STOCK SUFFICIENT
2026-05-12,S003,Ghaziabad,P008,Fitness Band,Wearables,Supplier D,2223.9,10.0,19,42254.1,152,98,3,False,5,2026,12,1,20,16.0,17.142857142857142,16.075,3.428571428571429,19.503571428571426,0.0,STOCK SUFFICIENT
2026-05-12,S006,Chandigarh,P008,Fitness Band,Wearables,Supplier B,2180.98,0.0,11,23990.78,243,83,14,False,5,2026,12,1,20,7.0,11.857142857142858,13.15,2.3714285714285714,15.521428571428572,0.0,STOCK SUFFICIENT
2026-05-12,S003,Ghaziabad,P014,Desk Lamp,Home,Supplier A,1232.72,0.0,21,25887.12,222,121,4,False,5,2026,12,1,20,24.0,19.428571428571427,15.43,3.8857142857142857,19.315714285714286,0.0,STOCK SUFFICIENT
2026-05-12,S003,Ghaziabad,P005,Power Bank,Electronics,Supplier B,1523.11,0.0,14,21323.539999999997,290,152,3,False,5,2026,12,1,20,17.0,21.571428571428573,21.26,4.314285714285715,25.574285714285715,0.0,STOCK SUFFICIENT
2026-05-12,S002,Noida,P008,Fitness Band,Wearables,Supplier C,2076.48,5.0,22,45682.56,181,119,13,False,5,2026,12,1,20,16.0,16.857142857142858,18.115,3.371428571428572,21.48642857142857,0.0,STOCK SUFFICIENT
2026-05-12,S005,Jaipur,P011,Water Bottle,Sports,Supplier D,696.44,5.0,33,22982.52,414,204,14,False,5,2026,12,1,20,25.0,33.142857142857146,30.21,6.62857142857143,36.83857142857143,0.0,STOCK SUFFICIENT
2026-05-12,S006,Chandigarh,P001,Laptop Bag,Accessories,Supplier C,1282.69,10.0,26,33349.94,59,115,9,True,5,2026,12,1,20,18.0,19.0,16.905,3.8000000000000003,20.705000000000002,0.0,REORDER REQUIRED
2026-05-12,S004,Lucknow,P012,Backpack,Travel,Supplier A,2036.06,10.0,11,22396.66,169,108,13,False,5,2026,12,1,20,18.0,20.142857142857142,17.105,4.0285714285714285,21.13357142857143,0.0,STOCK SUFFICIENT
2026-05-12,S001,Delhi,P013,Travel Adapter,Travel,Supplier A,1042.77,10.0,37,38582.49,264,180,13,False,5,2026,12,1,20,19.0,31.0,27.945,6.2,34.145,0.0,STOCK SUFFICIENT
2026-05-12,S004,Lucknow,P008,Fitness Band,Wearables,Supplier B,2346.96,10.0,12,28163.52,186,93,9,False,5,2026,12,1,20,10.0,13.571428571428571,15.915,2.7142857142857144,18.629285714285714,0.0,STOCK SUFFICIENT
2026-05-13,S002,Noida,P015,Office Chair,Furniture,Supplier C,8672.45,0.0,9,78052.05,128,50,14,False,5,2026,13,2,20,6.0,8.571428571428571,7.58,1.7142857142857144,9.294285714285714,0.0,STOCK SUFFICIENT
2026-05-13,S003,Ghaziabad,P001,Laptop Bag,Accessories,Supplier C,1272.58,10.0,21,26724.18,331,136,10,False,5,2026,13,2,20,21.0,23.857142857142858,19.37,4.771428571428571,24.141428571428573,0.0,STOCK SUFFICIENT
2026-05-13,S001,Delhi,P001,Laptop Bag,Accessories,Supplier A,1109.91,0.0,23,25527.93,393,180,7,False,5,2026,13,2,20,38.0,29.142857142857142,24.54,5.828571428571429,30.36857142857143,0.0,STOCK SUFFICIENT
2026-05-13,S004,Lucknow,P012,Backpack,Travel,Supplier B,1826.44,5.0,17,31049.48,276,108,6,False,5,2026,13,2,20,11.0,18.714285714285715,16.29,3.7428571428571433,20.032857142857143,0.0,STOCK SUFFICIENT
2026-05-13,S001,Delhi,P011,Water Bottle,Sports,Supplier C,734.33,5.0,42,30841.86,460,300,8,False,5,2026,13,2,20,61.0,51.714285714285715,48.875,10.342857142857143,59.21785714285714,0.0,STOCK SUFFICIENT
2026-05-13,S004,Lucknow,P010,Yoga Mat,Sports,Supplier D,1400.54,15.0,21,29411.34,250,122,9,False,5,2026,13,2,20,17.0,19.714285714285715,19.89,3.942857142857143,23.832857142857144,0.0,STOCK SUFFICIENT
2026-05-13,S006,Chandigarh,P011,Water Bottle,Sports,Supplier D,745.69,0.0,32,23862.08,347,192,5,False,5,2026,13,2,20,30.0,28.714285714285715,26.515,5.742857142857144,32.25785714285715,0.0,STOCK SUFFICIENT
2026-05-13,S002,Noida,P002,Wireless Mouse,Accessories,Supplier D,885.9,10.0,29,25691.1,360,239,13,False,5,2026,13,2,20,44.0,41.42857142857143,41.195,8.285714285714286,49.480714285714285,0.0,STOCK SUFFICIENT
2026-05-13,S001,Delhi,P012,Backpack,Travel,Supplier C,1957.48,15.0,20,39149.6,292,150,5,False,5,2026,13,2,20,17.0,21.142857142857142,24.655,4.228571428571429,28.88357142857143,0.0,STOCK SUFFICIENT
2026-05-13,S003,Ghaziabad,P009,Running Shoes,Sports,Supplier A,3086.57,15.0,11,33952.270000000004,162,83,4,False,5,2026,13,2,20,14.0,14.0,12.685,2.8000000000000003,15.485000000000001,0.0,STOCK SUFFICIENT
2026-05-13,S006,Chandigarh,P004,USB-C Hub,Electronics,Supplier C,1758.96,10.0,6,10553.76,151,96,7,False,5,2026,13,2,20,15.0,14.571428571428571,15.265,2.9142857142857146,18.179285714285715,0.0,STOCK SUFFICIENT
2026-05-13,S003,Ghaziabad,P014,Desk Lamp,Home,Supplier D,1395.21,10.0,16,22323.36,390,121,9,False,5,2026,13,2,20,21.0,19.571428571428573,19.38,3.9142857142857146,23.294285714285714,0.0,STOCK SUFFICIENT
2026-05-13,S004,Lucknow,P006,Bluetooth Speaker,Electronics,Supplier C,2776.57,5.0,11,30542.27,121,72,13,False,5,2026,13,2,20,10.0,12.142857142857142,9.3,2.428571428571429,11.72857142857143,0.0,STOCK SUFFICIENT
2026-05-14,S003,Ghaziabad,P002,Wireless Mouse,Accessories,Supplier B,858.93,10.0,26,22332.18,377,197,2,False,5,2026,14,3,20,29.0,36.142857142857146,30.2,7.2285714285714295,37.42857142857143,0.0,STOCK SUFFICIENT
2026-05-14,S004,Lucknow,P011,Water Bottle,Sports,Supplier A,733.71,10.0,33,24212.43,531,216,7,False,5,2026,14,3,20,37.0,35.142857142857146,32.13,7.028571428571429,39.158571428571435,0.0,STOCK SUFFICIENT
2026-05-14,S002,Noida,P004,USB-C Hub,Electronics,Supplier B,1725.9,15.0,18,31066.2,271,138,12,False,5,2026,14,3,20,19.0,22.0,21.58,4.4,25.979999999999997,0.0,STOCK SUFFICIENT
2026-05-14,S006,Chandigarh,P003,Mechanical Keyboard,Accessories,Supplier A,2575.48,10.0,9,23179.32,182,76,6,False,5,2026,14,3,20,17.0,11.0,11.5,2.2,13.7,0.0,STOCK SUFFICIENT
2026-05-14,S003,Ghaziabad,P010,Yoga Mat,Sports,Supplier D,1428.2,5.0,18,25707.600000000002,232,129,3,False,5,2026,14,3,20,30.0,20.142857142857142,18.75,4.0285714285714285,22.77857142857143,0.0,STOCK SUFFICIENT
2026-05-14,S005,Jaipur,P012,Backpack,Travel,Supplier D,1906.14,5.0,11,20967.54,151,102,13,False,5,2026,14,3,20,17.0,15.571428571428571,15.08,3.1142857142857143,18.194285714285716,0.0,STOCK SUFFICIENT
2026-05-14,S003,Ghaziabad,P001,Laptop Bag,Accessories,Supplier C,1150.45,0.0,22,25309.9,155,136,9,False,5,2026,14,3,20,18.0,22.285714285714285,19.005,4.457142857142857,23.462142857142858,0.0,STOCK SUFFICIENT
2026-05-14,S003,Ghaziabad,P001,Laptop Bag,Accessories,Supplier C,1190.27,10.0,18,21424.86,242,136,7,False,5,2026,14,3,20,21.0,22.142857142857142,21.105,4.428571428571429,25.533571428571427,0.0,STOCK SUFFICIENT
2026-05-14,S004,Lucknow,P008,Fitness Band,Wearables,Supplier B,2255.54,0.0,12,27066.48,162,93,2,False,5,2026,14,3,20,12.0,13.714285714285714,13.11,2.742857142857143,15.852857142857143,0.0,STOCK SUFFICIENT
2026-05-14,S003,Ghaziabad,P011,Water Bottle,Sports,Supplier D,659.39,10.0,37,24397.43,489,228,10,False,5,2026,14,3,20,42.0,40.857142857142854,38.925,8.17142857142857,47.09642857142857,0.0,STOCK SUFFICIENT
2026-05-14,S005,Jaipur,P007,Smart Watch,Wearables,Supplier A,4449.39,10.0,6,26696.340000000004,119,61,8,False,5,2026,14,3,20,8.0,6.857142857142857,8.775,1.3714285714285714,10.146428571428572,0.0,STOCK SUFFICIENT
2026-05-14,S002,Noida,P014,Desk Lamp,Home,Supplier A,1263.69,0.0,27,34119.630000000005,244,147,14,False,5,2026,14,3,20,25.0,24.0,24.005,4.800000000000001,28.805,0.0,STOCK SUFFICIENT
2026-05-14,S006,Chandigarh,P013,Travel Adapter,Travel,Supplier A,1043.48,0.0,14,14608.720000000001,197,115,8,False,5,2026,14,3,20,14.0,20.142857142857142,15.165,4.0285714285714285,19.193571428571428,0.0,STOCK SUFFICIENT
2026-05-14,S005,Jaipur,P015,Office Chair,Furniture,Supplier D,8196.61,15.0,5,40983.05,63,37,7,False,5,2026,14,3,20,2.0,6.714285714285714,7.3,1.342857142857143,8.642857142857142,0.0,STOCK SUFFICIENT
2026-05-15,S005,Jaipur,P010,Yoga Mat,Sports,Supplier C,1352.86,15.0,27,36527.219999999994,324,115,5,False,5,2026,15,4,20,24.0,16.142857142857142,20.495,3.2285714285714286,23.72357142857143,0.0,STOCK SUFFICIENT
2026-05-15,S006,Chandigarh,P014,Desk Lamp,Home,Supplier C,1272.01,5.0,15,19080.15,199,102,9,False,5,2026,15,4,20,17.0,14.571428571428571,15.495,2.9142857142857146,18.409285714285716,0.0,STOCK SUFFICIENT
2026-05-15,S004,Lucknow,P005,Power Bank,Electronics,Supplier A,1516.48,0.0,18,27296.64,179,144,11,False,5,2026,15,4,20,26.0,24.285714285714285,20.91,4.857142857142858,25.767142857142858,0.0,STOCK SUFFICIENT
2026-05-15,S001,Delhi,P003,Mechanical Keyboard,Accessories,Supplier B,2233.13,15.0,21,46895.73,196,120,7,False,5,2026,15,4,20,22.0,21.571428571428573,19.16,4.314285714285715,23.474285714285713,0.0,STOCK SUFFICIENT
2026-05-15,S004,Lucknow,P005,Power Bank,Electronics,Supplier A,1584.26,0.0,26,41190.76,365,144,12,False,5,2026,15,4,20,24.0,25.285714285714285,20.23,5.057142857142857,25.287142857142857,0.0,STOCK SUFFICIENT
2026-05-15,S003,Ghaziabad,P009,Running Shoes,Sports,Supplier D,2966.46,10.0,18,53396.28,183,83,4,False,5,2026,15,4,20,11.0,14.142857142857142,13.33,2.8285714285714287,16.158571428571427,0.0,STOCK SUFFICIENT
2026-05-15,S004,Lucknow,P014,Desk Lamp,Home,Supplier B,1263.98,0.0,7,8847.86,181,115,4,False,5,2026,15,4,20,18.0,19.571428571428573,15.79,3.9142857142857146,19.704285714285714,0.0,STOCK SUFFICIENT
2026-05-15,S003,Ghaziabad,P012,Backpack,Travel,Supplier B,1971.86,5.0,18,35493.479999999996,202,114,6,False,5,2026,15,4,20,15.0,17.428571428571427,16.71,3.4857142857142858,20.19571428571429,0.0,STOCK SUFFICIENT
2026-05-15,S005,Jaipur,P006,Bluetooth Speaker,Electronics,Supplier D,2727.63,0.0,9,24548.670000000002,138,68,3,False,5,2026,15,4,20,11.0,10.857142857142858,10.115,2.1714285714285717,12.286428571428573,0.0,STOCK SUFFICIENT
2026-05-15,S001,Delhi,P004,USB-C Hub,Electronics,Supplier A,1901.41,5.0,22,41831.020000000004,406,150,8,False,5,2026,15,4,20,21.0,23.285714285714285,21.7,4.6571428571428575,26.357142857142858,0.0,STOCK SUFFICIENT
2026-05-15,S002,Noida,P012,Backpack,Travel,Supplier B,1814.24,15.0,21,38099.04,281,138,8,False,5,2026,15,4,20,33.0,22.428571428571427,20.48,4.485714285714286,24.965714285714284,0.0,STOCK SUFFICIENT
2026-05-15,S005,Jaipur,P005,Power Bank,Electronics,Supplier D,1485.04,0.0,19,28215.76,238,136,14,False,5,2026,15,4,20,30.0,20.714285714285715,17.19,4.142857142857143,21.332857142857144,0.0,STOCK SUFFICIENT
2026-05-15,S006,Chandigarh,P004,USB-C Hub,Electronics,Supplier A,1825.33,0.0,19,34681.27,187,96,8,False,5,2026,15,4,20,6.0,14.0,12.68,2.8000000000000003,15.48,0.0,STOCK SUFFICIENT
2026-05-16,S003,Ghaziabad,P010,Yoga Mat,Sports,Supplier A,1441.14,15.0,21,30263.940000000002,237,129,12,False,5,2026,16,5,20,18.0,21.0,24.915,4.2,29.115,0.0,STOCK SUFFICIENT
2026-05-16,S002,Noida,P008,Fitness Band,Wearables,Supplier A,2355.7,10.0,25,58892.49999999999,275,119,4,False,5,2026,16,5,20,22.0,18.571428571428573,17.505,3.714285714285715,21.219285714285714,0.0,STOCK SUFFICIENT
2026-05-16,S003,Ghaziabad,P010,Yoga Mat,Sports,Supplier B,1343.87,0.0,15,20158.05,309,129,9,False,5,2026,16,5,20,21.0,21.571428571428573,20.095,4.314285714285715,24.409285714285716,0.0,STOCK SUFFICIENT
2026-05-16,S004,Lucknow,P012,Backpack,Travel,Supplier D,2042.11,0.0,20,40842.2,164,108,3,False,5,2026,16,5,20,17.0,17.714285714285715,15.35,3.542857142857143,18.892857142857142,0.0,STOCK SUFFICIENT
2026-05-16,S006,Chandigarh,P007,Smart Watch,Wearables,Supplier C,4264.6,0.0,13,55439.8,89,57,12,False,5,2026,16,5,20,9.0,9.142857142857142,10.015,1.8285714285714285,11.84357142857143,0.0,STOCK SUFFICIENT
2026-05-16,S004,Lucknow,P005,Power Bank,Electronics,Supplier C,1694.33,15.0,30,50829.899999999994,341,144,9,False,5,2026,16,5,20,18.0,23.571428571428573,25.44,4.714285714285714,30.154285714285717,0.0,STOCK SUFFICIENT
2026-05-16,S006,Chandigarh,P008,Fitness Band,Wearables,Supplier D,2162.19,10.0,13,28108.47,196,83,12,False,5,2026,16,5,20,11.0,11.714285714285714,13.415,2.342857142857143,15.757857142857143,0.0,STOCK SUFFICIENT
2026-05-16,S002,Noida,P004,USB-C Hub,Electronics,Supplier D,1909.35,10.0,25,47733.75,241,138,3,False,5,2026,16,5,20,18.0,21.142857142857142,21.155,4.228571428571429,25.38357142857143,0.0,STOCK SUFFICIENT
2026-05-16,S005,Jaipur,P011,Water Bottle,Sports,Supplier C,652.03,0.0,32,20864.96,382,204,11,False,5,2026,16,5,20,33.0,32.42857142857143,29.72,6.485714285714287,36.205714285714286,0.0,STOCK SUFFICIENT
2026-05-16,S006,Chandigarh,P007,Smart Watch,Wearables,Supplier A,4467.25,10.0,8,35738.0,65,57,11,False,5,2026,16,5,20,13.0,9.142857142857142,9.78,1.8285714285714285,11.608571428571429,0.0,STOCK SUFFICIENT
2026-05-16,S002,Noida,P009,Running Shoes,Sports,Supplier C,3110.26,15.0,15,46653.9,224,101,6,False,5,2026,16,5,20,20.0,19.428571428571427,18.16,3.8857142857142857,22.045714285714286,0.0,STOCK SUFFICIENT
2026-05-16,S006,Chandigarh,P009,Running Shoes,Sports,Supplier A,3435.45,0.0,10,34354.5,234,70,7,False,5,2026,16,5,20,13.0,12.0,11.46,2.4000000000000004,13.860000000000001,0.0,STOCK SUFFICIENT
2026-05-16,S005,Jaipur,P006,Bluetooth Speaker,Electronics,Supplier A,2799.04,10.0,15,41985.6,151,68,2,False,5,2026,16,5,20,9.0,11.0,11.435,2.2,13.635000000000002,0.0,STOCK SUFFICIENT
2026-05-16,S004,Lucknow,P013,Travel Adapter,Travel,Supplier C,1187.53,5.0,20,23750.6,267,129,14,False,5,2026,16,5,20,27.0,21.857142857142858,21.94,4.371428571428572,26.31142857142857,0.0,STOCK SUFFICIENT
2026-05-16,S002,Noida,P001,Laptop Bag,Accessories,Supplier D,1235.79,0.0,19,23480.01,277,165,14,False,5,2026,16,5,20,26.0,27.857142857142858,24.545,5.571428571428572,30.116428571428575,0.0,STOCK SUFFICIENT
2026-05-16,S004,Lucknow,P006,Bluetooth Speaker,Electronics,Supplier B,2608.28,10.0,10,26082.800000000003,62,72,6,True,5,2026,16,5,20,11.0,12.714285714285714,13.775,2.5428571428571427,16.317857142857143,0.0,REORDER REQUIRED
2026-05-16,S001,Delhi,P007,Smart Watch,Wearables,Supplier D,4735.05,0.0,20,94701.0,190,90,2,False,5,2026,16,5,20,15.0,13.571428571428571,16.315,2.7142857142857144,19.029285714285717,0.0,STOCK SUFFICIENT
2026-05-17,S002,Noida,P013,Travel Adapter,Travel,Supplier C,1078.59,10.0,34,36672.06,246,165,6,False,5,2026,17,6,20,25.0,30.857142857142858,29.64,6.171428571428572,35.81142857142857,0.0,STOCK SUFFICIENT
2026-05-17,S006,Chandigarh,P005,Power Bank,Electronics,Supplier D,1695.04,0.0,19,32205.76,227,128,10,False,5,2026,17,6,20,20.0,20.428571428571427,19.62,4.085714285714285,23.705714285714286,0.0,STOCK SUFFICIENT
2026-05-17,S006,Chandigarh,P013,Travel Adapter,Travel,Supplier B,1049.31,15.0,25,26232.75,135,115,4,False,5,2026,17,6,20,14.0,19.142857142857142,19.655,3.8285714285714287,23.48357142857143,0.0,STOCK SUFFICIENT
2026-05-17,S006,Chandigarh,P014,Desk Lamp,Home,Supplier B,1270.29,5.0,21,26676.09,158,102,2,False,5,2026,17,6,20,15.0,14.714285714285714,17.37,2.942857142857143,20.312857142857144,0.0,STOCK SUFFICIENT
2026-05-17,S001,Delhi,P015,Office Chair,Furniture,Supplier C,8096.34,5.0,7,56674.380000000005,132,55,6,False,5,2026,17,6,20,9.0,8.142857142857142,8.8,1.6285714285714286,10.428571428571429,0.0,STOCK SUFFICIENT
2026-05-17,S004,Lucknow,P009,Running Shoes,Sports,Supplier C,2949.53,0.0,13,38343.89,101,79,5,False,5,2026,17,6,20,13.0,11.0,11.995,2.2,14.195,0.0,STOCK SUFFICIENT
2026-05-17,S006,Chandigarh,P015,Office Chair,Furniture,Supplier B,8122.23,5.0,6,48733.38,42,35,9,False,5,2026,17,6,20,2.0,3.7142857142857144,6.34,0.7428571428571429,7.082857142857143,0.0,STOCK SUFFICIENT
2026-05-17,S006,Chandigarh,P014,Desk Lamp,Home,Supplier C,1334.66,10.0,17,22689.22,176,102,13,False,5,2026,17,6,20,21.0,16.142857142857142,18.955,3.2285714285714286,22.183571428571426,0.0,STOCK SUFFICIENT
2026-05-17,S004,Lucknow,P001,Laptop Bag,Accessories,Supplier D,1262.72,5.0,24,30305.28,347,129,8,False,5,2026,17,6,20,14.0,19.857142857142858,21.53,3.9714285714285715,25.501428571428573,0.0,STOCK SUFFICIENT
2026-05-17,S005,Jaipur,P006,Bluetooth Speaker,Electronics,Supplier D,2679.04,15.0,18,48222.72,76,68,10,False,5,2026,17,6,20,15.0,11.285714285714286,11.56,2.2571428571428576,13.817142857142859,0.0,STOCK SUFFICIENT
2026-05-17,S003,Ghaziabad,P002,Wireless Mouse,Accessories,Supplier A,858.52,0.0,20,17170.4,416,197,4,False,5,2026,17,6,20,26.0,34.0,28.91,6.800000000000001,35.71,0.0,STOCK SUFFICIENT
2026-05-17,S005,Jaipur,P013,Travel Adapter,Travel,Supplier C,1083.86,0.0,20,21677.199999999997,248,122,4,False,5,2026,17,6,20,19.0,18.714285714285715,16.835,3.7428571428571433,20.577857142857145,0.0,STOCK SUFFICIENT
2026-05-17,S003,Ghaziabad,P001,Laptop Bag,Accessories,Supplier C,1167.42,10.0,34,39692.28,144,136,9,False,5,2026,17,6,20,22.0,22.285714285714285,24.4,4.457142857142857,28.857142857142854,0.0,STOCK SUFFICIENT
2026-05-17,S005,Jaipur,P003,Mechanical Keyboard,Accessories,Supplier A,2234.71,15.0,14,31285.940000000002,134,81,11,False,5,2026,17,6,20,12.0,10.285714285714286,14.105,2.0571428571428574,16.162142857142857,0.0,STOCK SUFFICIENT
2026-05-17,S003,Ghaziabad,P011,Water Bottle,Sports,Supplier B,729.74,15.0,45,32838.3,292,228,13,False,5,2026,17,6,20,37.0,39.714285714285715,48.405,7.942857142857143,56.347857142857144,0.0,STOCK SUFFICIENT
2026-05-18,S001,Delhi,P002,Wireless Mouse,Accessories,Supplier D,853.56,15.0,26,22192.559999999998,519,260,7,False,5,2026,18,0,21,38.0,47.285714285714285,41.06,9.457142857142857,50.51714285714286,0.0,STOCK SUFFICIENT
2026-05-18,S001,Delhi,P010,Yoga Mat,Sports,Supplier A,1337.97,15.0,22,29435.34,432,170,13,False,5,2026,18,0,21,21.0,24.857142857142858,24.24,4.9714285714285715,29.21142857142857,0.0,STOCK SUFFICIENT
2026-05-18,S005,Jaipur,P009,Running Shoes,Sports,Supplier B,3237.68,0.0,6,19426.079999999998,53,74,2,True,5,2026,18,0,21,9.0,10.285714285714286,9.845,2.0571428571428574,11.902142857142858,0.0,REORDER REQUIRED
2026-05-18,S001,Delhi,P013,Travel Adapter,Travel,Supplier A,1085.36,0.0,23,24963.28,240,180,7,False,5,2026,18,0,21,37.0,32.714285714285715,25.7,6.542857142857144,32.24285714285714,0.0,STOCK SUFFICIENT
2026-05-18,S005,Jaipur,P012,Backpack,Travel,Supplier A,1896.62,5.0,8,15172.96,173,102,4,False,5,2026,18,0,21,11.0,15.142857142857142,14.07,3.0285714285714285,17.09857142857143,0.0,STOCK SUFFICIENT
2026-05-18,S004,Lucknow,P014,Desk Lamp,Home,Supplier B,1378.14,15.0,25,34453.5,194,115,9,False,5,2026,18,0,21,7.0,18.285714285714285,17.84,3.657142857142857,21.497142857142858,0.0,STOCK SUFFICIENT
2026-05-18,S001,Delhi,P010,Yoga Mat,Sports,Supplier D,1404.18,15.0,29,40721.22,250,170,13,False,5,2026,18,0,21,22.0,23.857142857142858,22.225,4.771428571428571,26.996428571428574,0.0,STOCK SUFFICIENT
2026-05-18,S006,Chandigarh,P010,Yoga Mat,Sports,Supplier A,1291.67,10.0,15,19375.050000000003,218,108,11,False,5,2026,18,0,21,14.0,16.857142857142858,17.72,3.371428571428572,21.091428571428573,0.0,STOCK SUFFICIENT
2026-05-18,S002,Noida,P011,Water Bottle,Sports,Supplier C,714.29,0.0,43,30714.469999999998,621,276,9,False,5,2026,18,0,21,42.0,47.285714285714285,41.16,9.457142857142857,50.61714285714285,0.0,STOCK SUFFICIENT
2026-05-18,S003,Ghaziabad,P009,Running Shoes,Sports,Supplier A,3240.58,0.0,14,45368.119999999995,170,83,11,False,5,2026,18,0,21,18.0,14.428571428571429,11.575,2.885714285714286,14.460714285714285,0.0,STOCK SUFFICIENT
2026-05-18,S002,Noida,P011,Water Bottle,Sports,Supplier B,691.62,15.0,50,34581.0,455,276,9,False,5,2026,18,0,21,43.0,46.0,43.505,9.200000000000001,52.705000000000005,0.0,STOCK SUFFICIENT
2026-05-18,S005,Jaipur,P006,Bluetooth Speaker,Electronics,Supplier C,2735.27,0.0,11,30087.97,135,68,4,False,5,2026,18,0,21,18.0,12.142857142857142,8.89,2.428571428571429,11.31857142857143,0.0,STOCK SUFFICIENT
2026-05-18,S005,Jaipur,P004,USB-C Hub,Electronics,Supplier A,1889.85,0.0,10,18898.5,174,102,4,False,5,2026,18,0,21,18.0,16.142857142857142,14.585,3.2285714285714286,17.81357142857143,0.0,STOCK SUFFICIENT
2026-05-18,S001,Delhi,P011,Water Bottle,Sports,Supplier C,717.78,0.0,32,22968.96,685,300,9,False,5,2026,18,0,21,42.0,51.42857142857143,41.82,10.285714285714286,52.105714285714285,0.0,STOCK SUFFICIENT
2026-05-18,S001,Delhi,P009,Running Shoes,Sports,Supplier B,3221.36,5.0,10,32213.600000000002,158,110,10,False,5,2026,18,0,21,18.0,17.142857142857142,18.035,3.428571428571429,21.463571428571427,0.0,STOCK SUFFICIENT
2026-05-18,S005,Jaipur,P007,Smart Watch,Wearables,Supplier D,4600.03,0.0,10,46000.299999999996,121,61,2,False,5,2026,18,0,21,6.0,6.571428571428571,7.675,1.3142857142857143,8.989285714285714,0.0,STOCK SUFFICIENT
2026-05-19,S003,Ghaziabad,P004,USB-C Hub,Electronics,Supplier D,1901.1,0.0,21,39923.1,139,114,6,False,5,2026,19,1,21,22.0,18.0,16.975,3.6,20.575000000000003,0.0,STOCK SUFFICIENT
2026-05-19,S001,Delhi,P012,Backpack,Travel,Supplier C,1791.4,15.0,17,30453.800000000003,321,150,6,False,5,2026,19,1,21,20.0,20.571428571428573,23.355,4.114285714285715,27.469285714285714,0.0,STOCK SUFFICIENT
2026-05-19,S005,Jaipur,P008,Fitness Band,Wearables,Supplier D,2263.23,0.0,8,18105.84,106,88,6,False,5,2026,19,1,21,14.0,11.428571428571429,13.015,2.285714285714286,15.300714285714287,0.0,STOCK SUFFICIENT
2026-05-19,S001,Delhi,P001,Laptop Bag,Accessories,Supplier D,1245.43,5.0,31,38608.33,345,180,13,False,5,2026,19,1,21,23.0,27.571428571428573,28.265,5.514285714285715,33.77928571428571,0.0,STOCK SUFFICIENT
2026-05-19,S006,Chandigarh,P001,Laptop Bag,Accessories,Supplier A,1137.06,0.0,18,20467.079999999998,205,115,6,False,5,2026,19,1,21,26.0,19.285714285714285,15.56,3.857142857142857,19.417142857142856,0.0,STOCK SUFFICIENT
2026-05-19,S001,Delhi,P009,Running Shoes,Sports,Supplier A,3218.07,15.0,8,25744.56,208,110,13,False,5,2026,19,1,21,10.0,16.571428571428573,20.64,3.314285714285715,23.954285714285717,0.0,STOCK SUFFICIENT
2026-05-19,S003,Ghaziabad,P002,Wireless Mouse,Accessories,Supplier D,883.3,5.0,21,18549.3,340,197,14,False,5,2026,19,1,21,25.0,29.571428571428573,26.74,5.914285714285715,32.65428571428571,0.0,STOCK SUFFICIENT
2026-05-19,S003,Ghaziabad,P002,Wireless Mouse,Accessories,Supplier C,834.93,0.0,25,20873.25,394,197,8,False,5,2026,19,1,21,20.0,32.285714285714285,24.535,6.457142857142857,30.99214285714286,0.0,STOCK SUFFICIENT
2026-05-19,S005,Jaipur,P014,Desk Lamp,Home,Supplier B,1196.86,0.0,13,15559.179999999998,202,108,9,False,5,2026,19,1,21,20.0,17.857142857142858,15.405,3.5714285714285716,18.97642857142857,0.0,STOCK SUFFICIENT
2026-05-19,S003,Ghaziabad,P005,Power Bank,Electronics,Supplier C,1668.8,10.0,22,36713.6,377,152,8,False,5,2026,19,1,21,14.0,20.857142857142858,22.285,4.171428571428572,26.45642857142857,0.0,STOCK SUFFICIENT
2026-05-19,S001,Delhi,P006,Bluetooth Speaker,Electronics,Supplier D,2641.08,0.0,7,18487.559999999998,245,100,7,False,5,2026,19,1,21,10.0,14.857142857142858,14.84,2.9714285714285715,17.81142857142857,0.0,STOCK SUFFICIENT
2026-05-19,S005,Jaipur,P013,Travel Adapter,Travel,Supplier A,1059.98,10.0,18,19079.64,165,122,4,False,5,2026,19,1,21,14.0,17.571428571428573,20.49,3.5142857142857147,24.004285714285714,0.0,STOCK SUFFICIENT
2026-05-19,S005,Jaipur,P013,Travel Adapter,Travel,Supplier D,1128.81,5.0,14,15803.34,237,122,6,False,5,2026,19,1,21,20.0,19.0,17.785,3.8000000000000003,21.585,0.0,STOCK SUFFICIENT
2026-05-19,S005,Jaipur,P006,Bluetooth Speaker,Electronics,Supplier B,2625.48,0.0,7,18378.36,145,68,2,False,5,2026,19,1,21,11.0,12.714285714285714,8.36,2.5428571428571427,10.902857142857142,0.0,STOCK SUFFICIENT
2026-05-19,S005,Jaipur,P003,Mechanical Keyboard,Accessories,Supplier D,2413.88,0.0,16,38622.08,174,81,13,False,5,2026,19,1,21,14.0,10.714285714285714,11.98,2.142857142857143,14.122857142857143,0.0,STOCK SUFFICIENT
2026-05-19,S001,Delhi,P002,Wireless Mouse,Accessories,Supplier B,832.73,0.0,31,25814.63,501,260,9,False,5,2026,19,1,21,26.0,43.57142857142857,36.825,8.714285714285714,45.53928571428572,0.0,STOCK SUFFICIENT
2026-05-19,S003,Ghaziabad,P010,Yoga Mat,Sports,Supplier C,1446.51,5.0,18,26037.18,277,129,3,False,5,2026,19,1,21,15.0,21.285714285714285,17.87,4.257142857142857,22.127142857142857,0.0,STOCK SUFFICIENT
2026-05-19,S002,Noida,P013,Travel Adapter,Travel,Supplier C,1112.09,0.0,28,31138.519999999997,302,165,13,False,5,2026,19,1,21,34.0,29.857142857142858,26.07,5.9714285714285715,32.04142857142857,0.0,STOCK SUFFICIENT
2026-05-19,S002,Noida,P010,Yoga Mat,Sports,Supplier C,1398.28,15.0,22,30762.16,289,156,7,False,5,2026,19,1,21,25.0,25.428571428571427,26.25,5.085714285714285,31.335714285714285,0.0,STOCK SUFFICIENT
2026-05-19,S006,Chandigarh,P004,USB-C Hub,Electronics,Supplier B,1884.47,0.0,6,11306.82,148,96,4,False,5,2026,19,1,21,19.0,14.428571428571429,12.12,2.885714285714286,15.005714285714285,0.0,STOCK SUFFICIENT
2026-05-19,S002,Noida,P001,Laptop Bag,Accessories,Supplier D,1270.89,10.0,29,36855.810000000005,189,165,6,False,5,2026,19,1,21,19.0,26.428571428571427,24.275,5.285714285714286,29.560714285714283,0.0,STOCK SUFFICIENT
2026-05-19,S004,Lucknow,P007,Smart Watch,Wearables,Supplier A,4697.94,5.0,9,42281.46,139,64,12,False,5,2026,19,1,21,13.0,10.714285714285714,9.59,2.142857142857143,11.732857142857142,0.0,STOCK SUFFICIENT
2026-05-19,S005,Jaipur,P014,Desk Lamp,Home,Supplier C,1264.89,15.0,14,17708.460000000003,286,108,6,False,5,2026,19,1,21,13.0,17.142857142857142,21.46,3.428571428571429,24.88857142857143,0.0,STOCK SUFFICIENT
2026-05-19,S002,Noida,P015,Office Chair,Furniture,Supplier C,8303.59,5.0,2,16607.18,82,50,6,False,5,2026,19,1,21,9.0,8.428571428571429,7.245,1.685714285714286,8.930714285714286,0.0,STOCK SUFFICIENT
2026-05-20,S002,Noida,P009,Running Shoes,Sports,Supplier A,2976.77,5.0,23,68465.71,207,101,8,False,5,2026,20,2,21,15.0,19.285714285714285,14.755,3.857142857142857,18.612142857142857,0.0,STOCK SUFFICIENT
2026-05-20,S006,Chandigarh,P014,Desk Lamp,Home,Supplier A,1253.44,0.0,13,16294.720000000001,212,102,13,False,5,2026,20,2,21,15.0,16.0,14.525,3.2,17.725,0.0,STOCK SUFFICIENT
2026-05-20,S002,Noida,P005,Power Bank,Electronics,Supplier C,1695.56,10.0,29,49171.24,385,184,10,False,5,2026,20,2,21,34.0,27.857142857142858,28.665,5.571428571428572,34.23642857142857,0.0,STOCK SUFFICIENT
2026-05-20,S002,Noida,P013,Travel Adapter,Travel,Supplier B,1183.96,0.0,23,27231.08,310,165,8,False,5,2026,20,2,21,29.0,28.714285714285715,23.765,5.742857142857144,29.507857142857144,0.0,STOCK SUFFICIENT
2026-05-20,S002,Noida,P004,USB-C Hub,Electronics,Supplier A,1839.31,5.0,23,42304.13,342,138,8,False,5,2026,20,2,21,25.0,20.857142857142858,18.85,4.171428571428572,23.021428571428572,0.0,STOCK SUFFICIENT
2026-05-20,S004,Lucknow,P011,Water Bottle,Sports,Supplier B,742.1,10.0,31,23005.100000000002,404,216,7,False,5,2026,20,2,21,33.0,33.714285714285715,30.18,6.742857142857144,36.92285714285714,0.0,STOCK SUFFICIENT
2026-05-20,S006,Chandigarh,P014,Desk Lamp,Home,Supplier B,1362.7,0.0,15,20440.5,246,102,4,False,5,2026,20,2,21,17.0,16.428571428571427,14.7,3.2857142857142856,17.985714285714284,0.0,STOCK SUFFICIENT
2026-05-20,S003,Ghaziabad,P007,Smart Watch,Wearables,Supplier A,4612.64,5.0,5,23063.2,153,68,9,False,5,2026,20,2,21,10.0,10.571428571428571,10.905,2.1142857142857143,13.019285714285713,0.0,STOCK SUFFICIENT
2026-05-20,S006,Chandigarh,P013,Travel Adapter,Travel,Supplier B,1178.72,10.0,20,23574.4,274,115,3,False,5,2026,20,2,21,21.0,19.428571428571427,18.095,3.8857142857142857,21.980714285714285,0.0,STOCK SUFFICIENT
2026-05-20,S005,Jaipur,P007,Smart Watch,Wearables,Supplier D,4531.19,10.0,9,40780.71,39,61,2,True,5,2026,20,2,21,10.0,7.428571428571429,7.81,1.4857142857142858,9.295714285714286,0.0,REORDER REQUIRED
2026-05-20,S003,Ghaziabad,P007,Smart Watch,Wearables,Supplier B,4640.32,5.0,12,55683.84,115,68,7,False,5,2026,20,2,21,5.0,10.571428571428571,10.525,2.1142857142857143,12.639285714285714,0.0,STOCK SUFFICIENT
2026-05-20,S002,Noida,P009,Running Shoes,Sports,Supplier B,2952.11,0.0,10,29521.100000000002,110,101,5,False,5,2026,20,2,21,23.0,20.285714285714285,15.315,4.057142857142857,19.372142857142855,0.0,STOCK SUFFICIENT
2026-05-20,S002,Noida,P001,Laptop Bag,Accessories,Supplier B,1277.64,5.0,20,25552.800000000003,335,165,11,False,5,2026,20,2,21,29.0,25.857142857142858,26.12,5.171428571428572,31.291428571428572,0.0,STOCK SUFFICIENT
2026-05-20,S002,Noida,P013,Travel Adapter,Travel,Supplier B,1037.91,10.0,29,30099.390000000003,292,165,12,False,5,2026,20,2,21,28.0,29.857142857142858,27.33,5.9714285714285715,33.30142857142857,0.0,STOCK SUFFICIENT
2026-05-20,S004,Lucknow,P014,Desk Lamp,Home,Supplier B,1325.43,15.0,14,18556.02,175,115,10,False,5,2026,20,2,21,25.0,18.857142857142858,18.605,3.771428571428572,22.376428571428573,0.0,STOCK SUFFICIENT
2026-05-20,S004,Lucknow,P003,Mechanical Keyboard,Accessories,Supplier D,2524.1,20.0,12,30289.199999999997,114,86,12,False,5,2026,20,2,21,12.0,11.285714285714286,12.79,2.2571428571428576,15.047142857142857,0.0,STOCK SUFFICIENT
2026-05-20,S001,Delhi,P002,Wireless Mouse,Accessories,Supplier C,797.43,10.0,42,33492.06,474,260,9,False,5,2026,20,2,21,31.0,40.42857142857143,42.46,8.085714285714287,50.54571428571429,0.0,STOCK SUFFICIENT
2026-05-20,S001,Delhi,P015,Office Chair,Furniture,Supplier B,8447.05,10.0,10,84470.5,103,55,14,False,5,2026,20,2,21,7.0,8.428571428571429,10.815,1.685714285714286,12.500714285714285,0.0,STOCK SUFFICIENT
2026-05-20,S006,Chandigarh,P013,Travel Adapter,Travel,Supplier A,1087.53,0.0,21,22838.13,166,115,2,False,5,2026,20,2,21,25.0,20.142857142857142,15.645,4.0285714285714285,19.673571428571428,0.0,STOCK SUFFICIENT
2026-05-21,S005,Jaipur,P014,Desk Lamp,Home,Supplier D,1392.58,10.0,13,18103.54,194,108,3,False,5,2026,21,3,21,14.0,15.142857142857142,15.985,3.0285714285714285,19.013571428571428,0.0,STOCK SUFFICIENT
2026-05-21,S004,Lucknow,P010,Yoga Mat,Sports,Supplier A,1384.03,15.0,23,31832.69,228,122,14,False,5,2026,21,3,21,21.0,20.285714285714285,20.57,4.057142857142857,24.627142857142857,0.0,STOCK SUFFICIENT
2026-05-21,S006,Chandigarh,P011,Water Bottle,Sports,Supplier C,706.68,5.0,25,17667.0,517,192,8,False,5,2026,21,3,21,32.0,29.571428571428573,28.395,5.914285714285715,34.309285714285714,0.0,STOCK SUFFICIENT
2026-05-21,S002,Noida,P009,Running Shoes,Sports,Supplier B,3269.4,0.0,17,55579.8,222,101,2,False,5,2026,21,3,21,10.0,18.714285714285715,15.41,3.7428571428571433,19.152857142857144,0.0,STOCK SUFFICIENT
2026-05-21,S003,Ghaziabad,P008,Fitness Band,Wearables,Supplier D,2091.81,10.0,15,31377.149999999998,239,98,2,False,5,2026,21,3,21,19.0,17.571428571428573,14.55,3.5142857142857147,18.064285714285717,0.0,STOCK SUFFICIENT
2026-05-21,S006,Chandigarh,P005,Power Bank,Electronics,Supplier A,1643.0,0.0,14,23002.0,149,128,7,False,5,2026,21,3,21,19.0,19.285714285714285,19.085,3.857142857142857,22.94214285714286,0.0,STOCK SUFFICIENT
2026-05-21,S004,Lucknow,P015,Office Chair,Furniture,Supplier A,9063.11,20.0,8,72504.88,89,39,2,False,5,2026,21,3,21,9.0,5.857142857142857,6.46,1.1714285714285715,7.631428571428572,0.0,STOCK SUFFICIENT
2026-05-21,S006,Chandigarh,P012,Backpack,Travel,Supplier C,2032.71,0.0,10,20327.1,253,96,10,False,5,2026,21,3,21,25.0,16.714285714285715,12.515,3.3428571428571434,15.857857142857144,0.0,STOCK SUFFICIENT
2026-05-21,S006,Chandigarh,P003,Mechanical Keyboard,Accessories,Supplier A,2333.49,10.0,17,39669.329999999994,138,76,14,False,5,2026,21,3,21,9.0,10.714285714285714,11.66,2.142857142857143,13.802857142857142,0.0,STOCK SUFFICIENT
2026-05-21,S005,Jaipur,P003,Mechanical Keyboard,Accessories,Supplier B,2554.24,0.0,11,28096.64,194,81,13,False,5,2026,21,3,21,16.0,12.0,12.07,2.4000000000000004,14.47,0.0,STOCK SUFFICIENT
2026-05-21,S005,Jaipur,P012,Backpack,Travel,Supplier A,1920.45,5.0,10,19204.5,224,102,7,False,5,2026,21,3,21,8.0,14.857142857142858,15.085,2.9714285714285715,18.056428571428572,0.0,STOCK SUFFICIENT
2026-05-21,S001,Delhi,P007,Smart Watch,Wearables,Supplier C,4776.33,5.0,12,57315.96,136,90,7,False,5,2026,21,3,21,20.0,14.857142857142858,12.01,2.9714285714285715,14.981428571428571,0.0,STOCK SUFFICIENT
2026-05-21,S006,Chandigarh,P009,Running Shoes,Sports,Supplier A,3024.23,5.0,8,24193.84,94,70,12,False,5,2026,21,3,21,10.0,11.428571428571429,10.245,2.285714285714286,12.530714285714286,0.0,STOCK SUFFICIENT
2026-05-21,S004,Lucknow,P014,Desk Lamp,Home,Supplier B,1263.46,5.0,21,26532.66,310,115,14,False,5,2026,21,3,21,14.0,16.571428571428573,19.17,3.314285714285715,22.48428571428572,0.0,STOCK SUFFICIENT
2026-05-21,S002,Noida,P001,Laptop Bag,Accessories,Supplier C,1191.5,10.0,19,22638.5,192,165,13,False,5,2026,21,3,21,20.0,23.571428571428573,23.2,4.714285714285714,27.914285714285715,0.0,STOCK SUFFICIENT
2026-05-21,S001,Delhi,P008,Fitness Band,Wearables,Supplier C,2134.06,5.0,17,36279.02,252,130,13,False,5,2026,21,3,21,32.0,20.857142857142858,19.25,4.171428571428572,23.42142857142857,0.0,STOCK SUFFICIENT
2026-05-22,S002,Noida,P007,Smart Watch,Wearables,Supplier A,4323.9,0.0,9,38915.1,197,82,2,False,5,2026,22,4,21,18.0,12.571428571428571,11.91,2.5142857142857142,14.424285714285714,0.0,STOCK SUFFICIENT
2026-05-22,S001,Delhi,P015,Office Chair,Furniture,Supplier B,9090.19,15.0,10,90901.90000000001,120,55,9,False,5,2026,22,4,21,10.0,8.857142857142858,10.16,1.7714285714285716,11.931428571428572,0.0,STOCK SUFFICIENT
2026-05-22,S002,Noida,P009,Running Shoes,Sports,Supplier C,3196.32,5.0,17,54337.44,234,101,13,False,5,2026,22,4,21,17.0,18.571428571428573,14.765,3.714285714285715,18.479285714285716,0.0,STOCK SUFFICIENT
2026-05-22,S002,Noida,P002,Wireless Mouse,Accessories,Supplier D,863.8,5.0,35,30233.0,303,239,12,False,5,2026,22,4,21,29.0,40.42857142857143,40.175,8.085714285714287,48.260714285714286,0.0,STOCK SUFFICIENT
2026-05-22,S004,Lucknow,P010,Yoga Mat,Sports,Supplier D,1413.17,20.0,28,39568.76,178,122,14,False,5,2026,22,4,21,23.0,19.0,22.325,3.8000000000000003,26.125,0.0,STOCK SUFFICIENT
2026-05-22,S005,Jaipur,P015,Office Chair,Furniture,Supplier D,8225.11,5.0,7,57575.770000000004,74,37,11,False,5,2026,22,4,21,5.0,6.142857142857143,6.25,1.2285714285714286,7.478571428571429,0.0,STOCK SUFFICIENT
2026-05-22,S005,Jaipur,P002,Wireless Mouse,Accessories,Supplier B,863.69,0.0,27,23319.63,169,176,11,True,5,2026,22,4,21,32.0,29.714285714285715,24.645,5.942857142857143,30.587857142857143,0.0,REORDER REQUIRED
2026-05-22,S005,Jaipur,P010,Yoga Mat,Sports,Supplier D,1448.37,5.0,15,21725.55,295,115,3,False,5,2026,22,4,21,27.0,17.857142857142858,18.61,3.5714285714285716,22.181428571428572,0.0,STOCK SUFFICIENT
2026-05-22,S006,Chandigarh,P007,Smart Watch,Wearables,Supplier B,4575.48,15.0,11,50330.28,143,57,8,False,5,2026,22,4,21,8.0,9.857142857142858,10.56,1.9714285714285715,12.531428571428572,0.0,STOCK SUFFICIENT
2026-05-22,S001,Delhi,P005,Power Bank,Electronics,Supplier D,1637.1,5.0,27,44201.7,256,200,10,False,5,2026,22,4,21,23.0,30.714285714285715,26.375,6.142857142857143,32.517857142857146,0.0,STOCK SUFFICIENT
2026-05-22,S001,Delhi,P005,Power Bank,Electronics,Supplier B,1658.3,0.0,23,38140.9,356,200,12,False,5,2026,22,4,21,32.0,31.714285714285715,27.065,6.342857142857143,33.40785714285715,0.0,STOCK SUFFICIENT
2026-05-22,S001,Delhi,P009,Running Shoes,Sports,Supplier B,2951.67,5.0,22,64936.740000000005,263,110,2,False,5,2026,22,4,21,8.0,15.857142857142858,17.655,3.1714285714285717,20.826428571428572,0.0,STOCK SUFFICIENT
2026-05-22,S005,Jaipur,P012,Backpack,Travel,Supplier C,1790.68,0.0,10,17906.8,321,102,14,False,5,2026,22,4,21,10.0,13.142857142857142,13.765,2.6285714285714286,16.39357142857143,0.0,STOCK SUFFICIENT
2026-05-22,S004,Lucknow,P015,Office Chair,Furniture,Supplier D,9171.05,20.0,11,100881.54999999999,74,39,3,False,5,2026,22,4,21,8.0,6.142857142857143,7.25,1.2285714285714286,8.478571428571428,0.0,STOCK SUFFICIENT
2026-05-22,S003,Ghaziabad,P009,Running Shoes,Sports,Supplier A,3017.61,5.0,17,51299.37,117,83,4,False,5,2026,22,4,21,14.0,14.0,12.865,2.8000000000000003,15.665000000000001,0.0,STOCK SUFFICIENT
2026-05-22,S006,Chandigarh,P004,USB-C Hub,Electronics,Supplier D,1935.19,15.0,10,19351.9,216,96,11,False,5,2026,22,4,21,6.0,13.285714285714286,16.505,2.6571428571428575,19.162142857142857,0.0,STOCK SUFFICIENT
2026-05-23,S001,Delhi,P011,Water Bottle,Sports,Supplier B,682.83,20.0,52,35507.16,647,300,3,False,5,2026,23,5,21,32.0,48.285714285714285,47.195,9.657142857142858,56.85214285714286,0.0,STOCK SUFFICIENT
2026-05-23,S002,Noida,P015,Office Chair,Furniture,Supplier B,8597.39,0.0,8,68779.12,113,50,10,False,5,2026,23,5,21,2.0,7.857142857142857,7.46,1.5714285714285714,9.031428571428572,0.0,STOCK SUFFICIENT
2026-05-23,S002,Noida,P001,Laptop Bag,Accessories,Supplier B,1266.82,0.0,24,30403.68,316,165,3,False,5,2026,23,5,21,19.0,23.428571428571427,24.29,4.685714285714286,28.975714285714286,0.0,STOCK SUFFICIENT
2026-05-23,S006,Chandigarh,P003,Mechanical Keyboard,Accessories,Supplier C,2419.69,0.0,18,43554.42,122,76,11,False,5,2026,23,5,21,17.0,11.714285714285714,13.74,2.342857142857143,16.082857142857144,0.0,STOCK SUFFICIENT
2026-05-23,S006,Chandigarh,P008,Fitness Band,Wearables,Supplier D,2121.22,0.0,13,27575.859999999997,184,83,4,False,5,2026,23,5,21,16.0,12.571428571428571,12.555,2.5142857142857142,15.069285714285714,0.0,STOCK SUFFICIENT
2026-05-23,S003,Ghaziabad,P001,Laptop Bag,Accessories,Supplier B,1182.2,0.0,25,29555.0,210,136,9,False,5,2026,23,5,21,34.0,23.714285714285715,20.555,4.742857142857143,25.297857142857143,0.0,STOCK SUFFICIENT
2026-05-23,S006,Chandigarh,P009,Running Shoes,Sports,Supplier B,3124.96,5.0,9,28124.64,154,70,10,False,5,2026,23,5,21,8.0,10.571428571428571,13.02,2.1142857142857143,15.134285714285713,0.0,STOCK SUFFICIENT
2026-05-23,S004,Lucknow,P001,Laptop Bag,Accessories,Supplier B,1289.79,0.0,22,28375.379999999997,321,129,11,False,5,2026,23,5,21,24.0,20.428571428571427,18.805,4.085714285714285,22.890714285714285,0.0,STOCK SUFFICIENT
2026-05-23,S006,Chandigarh,P008,Fitness Band,Wearables,Supplier B,2087.01,0.0,16,33392.16,155,83,5,False,5,2026,23,5,21,13.0,11.285714285714286,12.14,2.2571428571428576,14.397142857142859,0.0,STOCK SUFFICIENT
2026-05-23,S001,Delhi,P009,Running Shoes,Sports,Supplier B,3220.38,15.0,19,61187.22,196,110,11,False,5,2026,23,5,21,22.0,15.714285714285714,20.475,3.142857142857143,23.617857142857144,0.0,STOCK SUFFICIENT
2026-05-23,S001,Delhi,P009,Running Shoes,Sports,Supplier D,3418.13,0.0,21,71780.73,217,110,4,False,5,2026,23,5,21,19.0,15.714285714285714,16.065,3.142857142857143,19.207857142857144,0.0,STOCK SUFFICIENT
2026-05-23,S004,Lucknow,P002,Wireless Mouse,Accessories,Supplier D,850.17,5.0,28,23804.76,341,187,9,False,5,2026,23,5,21,31.0,31.428571428571427,31.995,6.285714285714286,38.28071428571429,0.0,STOCK SUFFICIENT
2026-05-23,S001,Delhi,P007,Smart Watch,Wearables,Supplier A,4775.47,5.0,20,95509.40000000001,177,90,14,False,5,2026,23,5,21,12.0,14.0,16.63,2.8000000000000003,19.43,0.0,STOCK SUFFICIENT
2026-05-23,S006,Chandigarh,P011,Water Bottle,Sports,Supplier C,701.88,0.0,28,19652.64,376,192,13,False,5,2026,23,5,21,25.0,28.714285714285715,28.725,5.742857142857144,34.46785714285714,0.0,STOCK SUFFICIENT
2026-05-23,S001,Delhi,P005,Power Bank,Electronics,Supplier D,1715.56,5.0,39,66906.84,384,200,5,False,5,2026,23,5,21,27.0,29.0,32.475,5.800000000000001,38.275000000000006,0.0,STOCK SUFFICIENT
2026-05-23,S006,Chandigarh,P004,USB-C Hub,Electronics,Supplier B,1928.24,10.0,14,26995.36,243,96,7,False,5,2026,23,5,21,10.0,12.571428571428571,15.735,2.5142857142857142,18.249285714285712,0.0,STOCK SUFFICIENT
2026-05-24,S005,Jaipur,P011,Water Bottle,Sports,Supplier C,734.16,5.0,35,25695.6,291,204,2,False,5,2026,24,6,21,32.0,32.285714285714285,32.535,6.457142857142857,38.99214285714285,0.0,STOCK SUFFICIENT
2026-05-24,S003,Ghaziabad,P014,Desk Lamp,Home,Supplier B,1244.35,0.0,14,17420.899999999998,261,121,10,False,5,2026,24,6,21,16.0,18.428571428571427,17.22,3.6857142857142855,20.905714285714286,0.0,STOCK SUFFICIENT
2026-05-24,S003,Ghaziabad,P015,Office Chair,Furniture,Supplier A,7847.99,10.0,7,54935.93,69,41,10,False,5,2026,24,6,21,9.0,6.142857142857143,8.17,1.2285714285714286,9.39857142857143,0.0,STOCK SUFFICIENT
2026-05-24,S003,Ghaziabad,P006,Bluetooth Speaker,Electronics,Supplier B,2737.39,5.0,7,19161.73,133,76,10,False,5,2026,24,6,21,14.0,11.142857142857142,12.47,2.2285714285714286,14.69857142857143,0.0,STOCK SUFFICIENT
2026-05-24,S005,Jaipur,P004,USB-C Hub,Electronics,Supplier D,1851.0,15.0,17,31467.0,177,102,11,False,5,2026,24,6,21,10.0,15.571428571428571,17.665,3.1142857142857143,20.779285714285713,0.0,STOCK SUFFICIENT
2026-05-24,S006,Chandigarh,P001,Laptop Bag,Accessories,Supplier D,1221.31,10.0,19,23204.89,256,115,13,False,5,2026,24,6,21,18.0,20.285714285714285,18.14,4.057142857142857,22.197142857142858,0.0,STOCK SUFFICIENT
2026-05-24,S004,Lucknow,P005,Power Bank,Electronics,Supplier A,1601.57,5.0,19,30429.829999999998,301,144,3,False,5,2026,24,6,21,30.0,24.857142857142858,25.52,4.9714285714285715,30.49142857142857,0.0,STOCK SUFFICIENT
2026-05-24,S004,Lucknow,P001,Laptop Bag,Accessories,Supplier A,1136.17,5.0,25,28404.25,210,129,8,False,5,2026,24,6,21,28.0,20.428571428571427,21.89,4.085714285714285,25.975714285714286,0.0,STOCK SUFFICIENT
2026-05-24,S004,Lucknow,P001,Laptop Bag,Accessories,Supplier B,1130.12,15.0,28,31643.359999999997,336,129,13,False,5,2026,24,6,21,22.0,20.0,23.85,4.0,27.85,0.0,STOCK SUFFICIENT
2026-05-24,S003,Ghaziabad,P003,Mechanical Keyboard,Accessories,Supplier C,2540.88,0.0,9,22867.920000000002,154,91,13,False,5,2026,24,6,21,22.0,14.285714285714286,14.56,2.8571428571428577,17.417142857142856,0.0,STOCK SUFFICIENT
2026-05-24,S004,Lucknow,P008,Fitness Band,Wearables,Supplier B,2134.73,0.0,8,17077.84,117,93,3,False,5,2026,24,6,21,18.0,14.571428571428571,15.16,2.9142857142857146,18.074285714285715,0.0,STOCK SUFFICIENT
2026-05-24,S006,Chandigarh,P014,Desk Lamp,Home,Supplier C,1242.79,20.0,19,23613.01,233,102,4,False,5,2026,24,6,21,13.0,16.285714285714285,17.31,3.257142857142857,20.567142857142855,0.0,STOCK SUFFICIENT
2026-05-24,S004,Lucknow,P008,Fitness Band,Wearables,Supplier C,2055.36,15.0,18,36996.48,183,93,3,False,5,2026,24,6,21,12.0,13.571428571428571,17.48,2.7142857142857144,20.194285714285716,0.0,STOCK SUFFICIENT
2026-05-24,S002,Noida,P008,Fitness Band,Wearables,Supplier B,2238.51,0.0,11,24623.61,291,119,12,False,5,2026,24,6,21,25.0,19.285714285714285,18.75,3.857142857142857,22.607142857142858,0.0,STOCK SUFFICIENT
2026-05-25,S003,Ghaziabad,P010,Yoga Mat,Sports,Supplier D,1424.64,0.0,18,25643.52,173,129,10,False,5,2026,25,0,22,18.0,21.142857142857142,18.575,4.228571428571429,22.803571428571427,0.0,STOCK SUFFICIENT
2026-05-25,S005,Jaipur,P012,Backpack,Travel,Supplier C,2000.64,5.0,16,32010.24,235,102,10,False,5,2026,25,0,22,14.0,11.857142857142858,14.595,2.3714285714285714,16.966428571428573,0.0,STOCK SUFFICIENT
2026-05-25,S002,Noida,P014,Desk Lamp,Home,Supplier B,1381.07,5.0,24,33145.68,277,147,12,False,5,2026,25,0,22,27.0,25.0,22.19,5.0,27.19,0.0,STOCK SUFFICIENT
2026-05-25,S005,Jaipur,P009,Running Shoes,Sports,Supplier C,3347.01,10.0,8,26776.08,120,74,3,False,5,2026,25,0,22,6.0,9.285714285714286,11.665,1.8571428571428574,13.522142857142857,0.0,STOCK SUFFICIENT
2026-05-25,S005,Jaipur,P012,Backpack,Travel,Supplier A,1780.26,5.0,14,24923.64,181,102,3,False,5,2026,25,0,22,10.0,12.285714285714286,13.805,2.4571428571428573,16.262142857142855,0.0,STOCK SUFFICIENT
2026-05-25,S005,Jaipur,P007,Smart Watch,Wearables,Supplier D,4278.24,10.0,15,64173.6,81,61,7,False,5,2026,25,0,22,9.0,8.142857142857142,8.0,1.6285714285714286,9.628571428571428,0.0,STOCK SUFFICIENT
2026-05-25,S003,Ghaziabad,P012,Backpack,Travel,Supplier D,2037.14,5.0,11,22408.54,172,114,5,False,5,2026,25,0,22,18.0,17.142857142857142,18.1,3.428571428571429,21.528571428571432,0.0,STOCK SUFFICIENT
2026-05-25,S001,Delhi,P013,Travel Adapter,Travel,Supplier B,1098.8,15.0,27,29667.6,340,180,5,False,5,2026,25,0,22,23.0,30.0,31.295,6.0,37.295,0.0,STOCK SUFFICIENT
2026-05-25,S003,Ghaziabad,P007,Smart Watch,Wearables,Supplier C,4295.53,0.0,11,47250.829999999994,128,68,10,False,5,2026,25,0,22,12.0,11.0,8.51,2.2,10.71,0.0,STOCK SUFFICIENT
2026-05-25,S001,Delhi,P004,USB-C Hub,Electronics,Supplier D,1782.59,5.0,25,44564.75,313,150,3,False,5,2026,25,0,22,22.0,23.571428571428573,21.26,4.714285714285714,25.974285714285717,0.0,STOCK SUFFICIENT
2026-05-25,S002,Noida,P015,Office Chair,Furniture,Supplier C,8865.02,0.0,4,35460.08,95,50,4,False,5,2026,25,0,22,8.0,8.0,6.28,1.6,7.880000000000001,0.0,STOCK SUFFICIENT
2026-05-25,S005,Jaipur,P002,Wireless Mouse,Accessories,Supplier C,891.88,20.0,38,33891.44,284,176,13,False,5,2026,25,0,22,27.0,29.714285714285715,28.875,5.942857142857143,34.81785714285714,0.0,STOCK SUFFICIENT
2026-05-25,S002,Noida,P001,Laptop Bag,Accessories,Supplier C,1290.49,0.0,12,15485.880000000001,275,165,4,False,5,2026,25,0,22,24.0,22.857142857142858,23.1,4.571428571428572,27.671428571428574,0.0,STOCK SUFFICIENT
2026-05-25,S001,Delhi,P009,Running Shoes,Sports,Supplier B,2951.54,10.0,14,41321.56,177,110,13,False,5,2026,25,0,22,21.0,16.714285714285715,19.145,3.3428571428571434,22.487857142857145,0.0,STOCK SUFFICIENT
2026-05-26,S005,Jaipur,P006,Bluetooth Speaker,Electronics,Supplier C,2962.36,0.0,10,29623.600000000002,76,68,2,False,5,2026,26,1,22,7.0,12.714285714285714,8.76,2.5428571428571427,11.302857142857142,0.0,STOCK SUFFICIENT
2026-05-26,S005,Jaipur,P004,USB-C Hub,Electronics,Supplier B,1710.45,0.0,11,18814.95,83,102,5,True,5,2026,26,1,22,17.0,15.428571428571429,15.495,3.085714285714286,18.580714285714286,0.0,REORDER REQUIRED
2026-05-26,S005,Jaipur,P013,Travel Adapter,Travel,Supplier A,1064.4,10.0,21,22352.4,293,122,3,False,5,2026,26,1,22,18.0,17.428571428571427,17.57,3.4857142857142858,21.055714285714288,0.0,STOCK SUFFICIENT
2026-05-26,S006,Chandigarh,P001,Laptop Bag,Accessories,Supplier B,1161.06,0.0,21,24382.26,90,115,10,True,5,2026,26,1,22,19.0,19.857142857142858,14.98,3.9714285714285715,18.951428571428572,0.0,REORDER REQUIRED
2026-05-26,S001,Delhi,P005,Power Bank,Electronics,Supplier A,1532.01,0.0,29,44428.29,292,200,2,False,5,2026,26,1,22,39.0,30.285714285714285,27.595,6.057142857142857,33.652142857142856,0.0,STOCK SUFFICIENT
2026-05-26,S006,Chandigarh,P003,Mechanical Keyboard,Accessories,Supplier A,2305.76,5.0,12,27669.120000000003,147,76,13,False,5,2026,26,1,22,18.0,13.0,10.65,2.6,13.25,0.0,STOCK SUFFICIENT
2026-05-26,S004,Lucknow,P013,Travel Adapter,Travel,Supplier B,1160.04,10.0,23,26680.92,200,129,7,False,5,2026,26,1,22,20.0,22.0,20.445,4.4,24.845,0.0,STOCK SUFFICIENT
2026-05-26,S003,Ghaziabad,P014,Desk Lamp,Home,Supplier C,1248.49,5.0,16,19975.84,258,121,5,False,5,2026,26,1,22,14.0,17.428571428571427,18.59,3.4857142857142858,22.075714285714284,0.0,STOCK SUFFICIENT
2026-05-26,S006,Chandigarh,P007,Smart Watch,Wearables,Supplier C,4366.15,15.0,12,52393.799999999996,88,57,12,False,5,2026,26,1,22,11.0,10.285714285714286,10.27,2.0571428571428574,12.327142857142857,0.0,STOCK SUFFICIENT
2026-05-26,S002,Noida,P009,Running Shoes,Sports,Supplier B,3263.09,5.0,17,55472.53,201,101,5,False,5,2026,26,1,22,17.0,19.428571428571427,15.53,3.8857142857142857,19.415714285714284,0.0,STOCK SUFFICIENT
2026-05-26,S001,Delhi,P012,Backpack,Travel,Supplier D,2004.86,0.0,22,44106.92,271,150,3,False,5,2026,26,1,22,17.0,19.857142857142858,21.1,3.9714285714285715,25.071428571428573,0.0,STOCK SUFFICIENT
2026-05-26,S005,Jaipur,P014,Desk Lamp,Home,Supplier B,1231.36,5.0,14,17239.039999999997,266,108,2,False,5,2026,26,1,22,13.0,14.857142857142858,13.55,2.9714285714285715,16.521428571428572,0.0,STOCK SUFFICIENT
2026-05-26,S001,Delhi,P006,Bluetooth Speaker,Electronics,Supplier D,2603.24,5.0,13,33842.119999999995,207,100,12,False,5,2026,26,1,22,7.0,13.285714285714286,15.34,2.6571428571428575,17.997142857142858,0.0,STOCK SUFFICIENT
2026-05-26,S004,Lucknow,P012,Backpack,Travel,Supplier C,2015.93,10.0,16,32254.88,281,108,6,False,5,2026,26,1,22,20.0,17.714285714285715,17.68,3.542857142857143,21.222857142857144,0.0,STOCK SUFFICIENT
2026-05-26,S003,Ghaziabad,P008,Fitness Band,Wearables,Supplier D,2252.97,5.0,15,33794.549999999996,117,98,7,False,5,2026,26,1,22,15.0,16.714285714285715,13.89,3.3428571428571434,17.232857142857142,0.0,STOCK SUFFICIENT
2026-05-27,S001,Delhi,P011,Water Bottle,Sports,Supplier C,674.9,0.0,38,25646.2,550,300,5,False,5,2026,27,2,22,52.0,48.0,42.475,9.600000000000001,52.075,0.0,STOCK SUFFICIENT
2026-05-27,S004,Lucknow,P007,Smart Watch,Wearables,Supplier B,4623.51,5.0,9,41611.590000000004,82,64,13,False,5,2026,27,2,22,9.0,10.857142857142858,8.585,2.1714285714285717,10.756428571428572,0.0,STOCK SUFFICIENT
2026-05-27,S004,Lucknow,P002,Wireless Mouse,Accessories,Supplier C,852.74,15.0,35,29845.9,368,187,14,False,5,2026,27,2,22,28.0,30.857142857142858,30.81,6.171428571428572,36.98142857142857,0.0,STOCK SUFFICIENT
2026-05-27,S005,Jaipur,P001,Laptop Bag,Accessories,Supplier B,1222.2,5.0,21,25666.2,303,122,10,False,5,2026,27,2,22,19.0,20.428571428571427,19.055,4.085714285714285,23.140714285714285,0.0,STOCK SUFFICIENT
2026-05-27,S001,Delhi,P001,Laptop Bag,Accessories,Supplier B,1255.79,10.0,20,25115.8,332,180,4,False,5,2026,27,2,22,31.0,27.714285714285715,27.86,5.542857142857144,33.402857142857144,0.0,STOCK SUFFICIENT
2026-05-27,S006,Chandigarh,P005,Power Bank,Electronics,Supplier A,1489.46,15.0,16,23831.36,223,128,10,False,5,2026,27,2,22,14.0,18.285714285714285,20.865,3.657142857142857,24.522142857142857,0.0,STOCK SUFFICIENT
2026-05-27,S002,Noida,P003,Mechanical Keyboard,Accessories,Supplier B,2553.19,0.0,12,30638.28,157,110,3,False,5,2026,27,2,22,15.0,15.714285714285714,16.08,3.142857142857143,19.22285714285714,0.0,STOCK SUFFICIENT
2026-05-27,S001,Delhi,P006,Bluetooth Speaker,Electronics,Supplier C,2785.72,0.0,14,39000.079999999994,196,100,10,False,5,2026,27,2,22,13.0,12.285714285714286,13.45,2.4571428571428573,15.907142857142857,0.0,STOCK SUFFICIENT
2026-05-27,S002,Noida,P012,Backpack,Travel,Supplier C,1982.5,20.0,21,41632.5,273,138,13,False,5,2026,27,2,22,21.0,22.0,21.935,4.4,26.335,0.0,STOCK SUFFICIENT
2026-05-27,S005,Jaipur,P011,Water Bottle,Sports,Supplier C,733.21,5.0,33,24195.93,481,204,13,False,5,2026,27,2,22,35.0,33.285714285714285,30.5,6.6571428571428575,37.15714285714286,0.0,STOCK SUFFICIENT
2026-05-27,S005,Jaipur,P005,Power Bank,Electronics,Supplier B,1676.29,0.0,12,20115.48,164,136,7,False,5,2026,27,2,22,19.0,21.285714285714285,18.535,4.257142857142857,22.792142857142856,0.0,STOCK SUFFICIENT
2026-05-27,S006,Chandigarh,P013,Travel Adapter,Travel,Supplier D,1183.06,0.0,12,14196.72,192,115,4,False,5,2026,27,2,22,21.0,20.285714285714285,15.045,4.057142857142857,19.10214285714286,0.0,STOCK SUFFICIENT
2026-05-27,S006,Chandigarh,P013,Travel Adapter,Travel,Supplier C,1179.13,10.0,21,24761.730000000003,263,115,12,False,5,2026,27,2,22,20.0,19.714285714285715,17.835,3.942857142857143,21.777857142857144,0.0,STOCK SUFFICIENT
2026-05-27,S004,Lucknow,P015,Office Chair,Furniture,Supplier A,8263.3,0.0,5,41316.5,47,39,2,False,5,2026,27,2,22,11.0,7.0,6.845,1.4000000000000001,8.245,0.0,STOCK SUFFICIENT
2026-05-27,S004,Lucknow,P001,Laptop Bag,Accessories,Supplier B,1122.05,0.0,17,19074.85,229,129,2,False,5,2026,27,2,22,25.0,20.0,18.205,4.0,22.205,0.0,STOCK SUFFICIENT
2026-05-28,S003,Ghaziabad,P003,Mechanical Keyboard,Accessories,Supplier B,2480.08,5.0,16,39681.28,184,91,14,False,5,2026,28,3,22,9.0,14.142857142857142,13.525,2.8285714285714287,16.353571428571428,0.0,STOCK SUFFICIENT
2026-05-28,S005,Jaipur,P003,Mechanical Keyboard,Accessories,Supplier D,2289.34,0.0,11,25182.74,131,81,14,False,5,2026,28,3,22,11.0,12.0,11.975,2.4000000000000004,14.375,0.0,STOCK SUFFICIENT
2026-05-28,S002,Noida,P001,Laptop Bag,Accessories,Supplier D,1257.2,5.0,25,31430.0,255,165,11,False,5,2026,28,3,22,12.0,21.285714285714285,21.17,4.257142857142857,25.427142857142858,0.0,STOCK SUFFICIENT
2026-05-28,S001,Delhi,P010,Yoga Mat,Sports,Supplier B,1464.39,15.0,30,43931.700000000004,307,170,10,False,5,2026,28,3,22,29.0,24.857142857142858,26.125,4.9714285714285715,31.09642857142857,0.0,STOCK SUFFICIENT
2026-05-28,S006,Chandigarh,P009,Running Shoes,Sports,Supplier B,3060.05,0.0,10,30600.5,95,70,2,False,5,2026,28,3,22,9.0,10.428571428571429,9.17,2.085714285714286,11.255714285714285,0.0,STOCK SUFFICIENT
2026-05-28,S002,Noida,P010,Yoga Mat,Sports,Supplier C,1358.6,10.0,36,48909.6,370,156,2,False,5,2026,28,3,22,22.0,25.857142857142858,26.245,5.171428571428572,31.416428571428572,0.0,STOCK SUFFICIENT
2026-05-28,S006,Chandigarh,P003,Mechanical Keyboard,Accessories,Supplier A,2305.85,10.0,12,27670.199999999997,17,76,13,True,5,2026,28,3,22,12.0,13.428571428571429,10.905,2.685714285714286,13.590714285714284,0.0,REORDER REQUIRED
2026-05-28,S003,Ghaziabad,P010,Yoga Mat,Sports,Supplier C,1497.9,0.0,16,23966.4,236,129,4,False,5,2026,28,3,22,18.0,20.714285714285715,17.495,4.142857142857143,21.637857142857143,0.0,STOCK SUFFICIENT
2026-05-29,S004,Lucknow,P008,Fitness Band,Wearables,Supplier B,2029.56,0.0,8,16236.48,220,93,7,False,5,2026,29,4,22,8.0,14.285714285714286,12.63,2.8571428571428577,15.487142857142858,0.0,STOCK SUFFICIENT
2026-05-29,S006,Chandigarh,P002,Wireless Mouse,Accessories,Supplier B,831.53,15.0,23,19125.19,442,166,9,False,5,2026,29,4,22,28.0,24.142857142857142,25.715,4.828571428571429,30.54357142857143,0.0,STOCK SUFFICIENT
2026-05-29,S004,Lucknow,P005,Power Bank,Electronics,Supplier C,1612.71,10.0,30,48381.3,419,144,8,False,5,2026,29,4,22,19.0,24.142857142857142,21.1,4.828571428571429,25.92857142857143,0.0,STOCK SUFFICIENT
2026-05-29,S004,Lucknow,P008,Fitness Band,Wearables,Supplier B,2064.93,0.0,10,20649.3,145,93,5,False,5,2026,29,4,22,8.0,12.714285714285714,12.22,2.5428571428571427,14.762857142857143,0.0,STOCK SUFFICIENT
2026-05-29,S003,Ghaziabad,P010,Yoga Mat,Sports,Supplier C,1308.31,20.0,14,18316.34,262,129,7,False,5,2026,29,4,22,16.0,19.428571428571427,21.09,3.8857142857142857,24.975714285714286,0.0,STOCK SUFFICIENT
2026-05-29,S003,Ghaziabad,P013,Travel Adapter,Travel,Supplier A,1163.07,10.0,18,20935.26,296,136,5,False,5,2026,29,4,22,28.0,20.857142857142858,20.24,4.171428571428572,24.41142857142857,0.0,STOCK SUFFICIENT
2026-05-29,S004,Lucknow,P012,Backpack,Travel,Supplier B,1778.76,20.0,20,35575.2,257,108,12,False,5,2026,29,4,22,16.0,18.285714285714285,20.22,3.657142857142857,23.877142857142857,0.0,STOCK SUFFICIENT
2026-05-29,S001,Delhi,P009,Running Shoes,Sports,Supplier D,3303.94,10.0,12,39647.28,179,110,13,False,5,2026,29,4,22,14.0,16.0,20.015,3.2,23.215,0.0,STOCK SUFFICIENT
2026-05-29,S001,Delhi,P002,Wireless Mouse,Accessories,Supplier D,899.23,5.0,39,35069.97,399,260,10,False,5,2026,29,4,22,42.0,41.0,39.225,8.200000000000001,47.425000000000004,0.0,STOCK SUFFICIENT
2026-05-29,S002,Noida,P002,Wireless Mouse,Accessories,Supplier D,899.24,5.0,35,31473.4,426,239,11,False,5,2026,29,4,22,35.0,38.57142857142857,34.995,7.714285714285714,42.70928571428571,0.0,STOCK SUFFICIENT
2026-05-29,S005,Jaipur,P014,Desk Lamp,Home,Supplier A,1202.06,0.0,12,14424.72,184,108,5,False,5,2026,29,4,22,14.0,14.857142857142858,14.095,2.9714285714285715,17.066428571428574,0.0,STOCK SUFFICIENT
2026-05-29,S002,Noida,P015,Office Chair,Furniture,Supplier D,8195.9,10.0,7,57371.299999999996,84,50,2,False,5,2026,29,4,22,4.0,7.714285714285714,8.39,1.542857142857143,9.932857142857143,0.0,STOCK SUFFICIENT
2026-05-29,S002,Noida,P006,Bluetooth Speaker,Electronics,Supplier C,2638.47,20.0,16,42215.52,209,92,7,False,5,2026,29,4,22,9.0,15.142857142857142,15.985,3.0285714285714285,19.013571428571428,0.0,STOCK SUFFICIENT
2026-05-30,S002,Noida,P007,Smart Watch,Wearables,Supplier C,4385.39,15.0,17,74551.63,174,82,5,False,5,2026,30,5,22,9.0,12.142857142857142,13.63,2.428571428571429,16.05857142857143,0.0,STOCK SUFFICIENT
2026-05-30,S006,Chandigarh,P008,Fitness Band,Wearables,Supplier C,2321.74,10.0,12,27860.879999999997,99,83,6,False,5,2026,30,5,22,13.0,12.571428571428571,14.72,2.5142857142857142,17.234285714285715,0.0,STOCK SUFFICIENT
2026-05-30,S003,Ghaziabad,P008,Fitness Band,Wearables,Supplier D,2356.18,10.0,12,28274.159999999996,268,98,2,False,5,2026,30,5,22,15.0,16.571428571428573,17.695,3.314285714285715,21.009285714285717,0.0,STOCK SUFFICIENT
2026-05-30,S003,Ghaziabad,P003,Mechanical Keyboard,Accessories,Supplier A,2399.21,5.0,12,28790.52,159,91,7,False,5,2026,30,5,22,16.0,14.571428571428571,14.93,2.9142857142857146,17.844285714285714,0.0,STOCK SUFFICIENT
2026-05-30,S002,Noida,P009,Running Shoes,Sports,Supplier B,3005.81,5.0,22,66127.81999999999,197,101,5,False,5,2026,30,5,22,17.0,17.0,14.475,3.4000000000000004,17.875,0.0,STOCK SUFFICIENT
2026-05-30,S001,Delhi,P001,Laptop Bag,Accessories,Supplier A,1168.47,5.0,25,29211.75,431,180,7,False,5,2026,30,5,22,20.0,26.428571428571427,27.97,5.285714285714286,33.255714285714284,0.0,STOCK SUFFICIENT
2026-05-30,S004,Lucknow,P004,USB-C Hub,Electronics,Supplier D,1888.3,0.0,12,22659.6,215,108,4,False,5,2026,30,5,22,14.0,14.142857142857142,17.42,2.8285714285714287,20.24857142857143,0.0,STOCK SUFFICIENT
2026-05-30,S004,Lucknow,P002,Wireless Mouse,Accessories,Supplier A,851.95,0.0,26,22150.7,529,187,8,False,5,2026,30,5,22,35.0,30.0,33.245,6.0,39.245,0.0,STOCK SUFFICIENT
2026-05-31,S006,Chandigarh,P015,Office Chair,Furniture,Supplier D,8276.36,0.0,4,33105.44,54,35,6,False,5,2026,31,6,22,6.0,4.142857142857143,6.31,0.8285714285714287,7.138571428571428,0.0,STOCK SUFFICIENT
2026-05-31,S004,Lucknow,P002,Wireless Mouse,Accessories,Supplier C,789.02,0.0,19,14991.38,337,187,2,False,5,2026,31,6,22,26.0,29.142857142857142,27.235,5.828571428571429,33.06357142857143,0.0,STOCK SUFFICIENT
2026-05-31,S006,Chandigarh,P006,Bluetooth Speaker,Electronics,Supplier D,2989.12,10.0,14,41847.68,169,64,9,False,5,2026,31,6,22,10.0,11.285714285714286,10.58,2.2571428571428576,12.837142857142858,0.0,STOCK SUFFICIENT
2026-05-31,S003,Ghaziabad,P007,Smart Watch,Wearables,Supplier A,4676.76,0.0,9,42090.840000000004,119,68,7,False,5,2026,31,6,22,11.0,11.285714285714286,10.705,2.2571428571428576,12.962142857142858,0.0,STOCK SUFFICIENT
2026-05-31,S002,Noida,P007,Smart Watch,Wearables,Supplier A,4467.1,0.0,18,80407.8,136,82,5,False,5,2026,31,6,22,17.0,12.428571428571429,12.605,2.4857142857142858,15.090714285714286,0.0,STOCK SUFFICIENT
2026-05-31,S006,Chandigarh,P011,Water Bottle,Sports,Supplier D,721.02,10.0,26,18746.52,368,192,2,False,5,2026,31,6,22,28.0,30.142857142857142,33.97,6.0285714285714285,39.998571428571424,0.0,STOCK SUFFICIENT
2026-05-31,S006,Chandigarh,P007,Smart Watch,Wearables,Supplier D,4781.25,5.0,6,28687.5,92,57,4,False,5,2026,31,6,22,12.0,10.857142857142858,10.48,2.1714285714285717,12.651428571428571,0.0,STOCK SUFFICIENT
2026-05-31,S003,Ghaziabad,P015,Office Chair,Furniture,Supplier B,7860.44,5.0,4,31441.76,61,41,11,False,5,2026,31,6,22,7.0,6.428571428571429,7.315,1.2857142857142858,8.600714285714286,0.0,STOCK SUFFICIENT
2026-05-31,S002,Noida,P005,Power Bank,Electronics,Supplier B,1507.31,0.0,29,43711.99,343,184,9,False,5,2026,31,6,22,29.0,28.285714285714285,27.275,5.6571428571428575,32.93214285714286,0.0,STOCK SUFFICIENT
2026-05-31,S005,Jaipur,P015,Office Chair,Furniture,Supplier C,7847.54,0.0,8,62780.32,53,37,10,False,5,2026,31,6,22,7.0,6.428571428571429,7.005,1.2857142857142858,8.290714285714285,0.0,STOCK SUFFICIENT
2026-05-31,S004,Lucknow,P011,Water Bottle,Sports,Supplier D,754.94,5.0,45,33972.3,592,216,6,False,5,2026,31,6,22,31.0,33.0,32.805,6.6000000000000005,39.405,0.0,STOCK SUFFICIENT
2026-05-31,S004,Lucknow,P011,Water Bottle,Sports,Supplier D,677.99,10.0,32,21695.68,576,216,4,False,5,2026,31,6,22,45.0,34.285714285714285,35.05,6.857142857142858,41.90714285714286,0.0,STOCK SUFFICIENT
2026-05-31,S004,Lucknow,P014,Desk Lamp,Home,Supplier D,1213.09,0.0,22,26687.98,242,115,7,False,5,2026,31,6,22,21.0,17.142857142857142,17.34,3.428571428571429,20.768571428571427,0.0,STOCK SUFFICIENT
2026-05-31,S002,Noida,P009,Running Shoes,Sports,Supplier A,3012.18,0.0,12,36146.159999999996,193,101,12,False,5,2026,31,6,22,22.0,17.285714285714285,16.235,3.4571428571428573,19.692142857142855,0.0,STOCK SUFFICIENT
2026-05-31,S001,Delhi,P003,Mechanical Keyboard,Accessories,Supplier C,2342.93,0.0,26,60916.17999999999,245,120,11,False,5,2026,31,6,22,21.0,21.571428571428573,18.47,4.314285714285715,22.784285714285716,0.0,STOCK SUFFICIENT
2026-05-31,S001,Delhi,P014,Desk Lamp,Home,Supplier A,1199.59,15.0,35,41985.649999999994,256,160,5,False,5,2026,31,6,22,21.0,26.714285714285715,27.565,5.342857142857143,32.90785714285715,0.0,STOCK SUFFICIENT
2026-05-31,S001,Delhi,P014,Desk Lamp,Home,Supplier B,1327.76,0.0,21,27882.96,265,160,12,False,5,2026,31,6,22,23.0,27.0,24.425,5.4,29.825000000000003,0.0,STOCK SUFFICIENT
2026-06-01,S006,Chandigarh,P009,Running Shoes,Sports,Supplier C,3185.03,0.0,9,28665.27,99,70,3,False,6,2026,1,0,23,10.0,11.0,10.31,2.2,12.510000000000002,0.0,STOCK SUFFICIENT
2026-06-01,S001,Delhi,P005,Power Bank,Electronics,Supplier D,1485.43,10.0,45,66844.35,421,200,6,False,6,2026,1,0,23,29.0,30.857142857142858,29.555,6.171428571428572,35.72642857142857,0.0,STOCK SUFFICIENT
2026-06-01,S003,Ghaziabad,P006,Bluetooth Speaker,Electronics,Supplier D,2716.83,5.0,15,40752.45,122,76,8,False,6,2026,1,0,23,7.0,10.428571428571429,11.05,2.085714285714286,13.135714285714286,0.0,STOCK SUFFICIENT
2026-06-01,S003,Ghaziabad,P009,Running Shoes,Sports,Supplier C,3248.43,0.0,10,32484.3,139,83,6,False,6,2026,1,0,23,17.0,14.714285714285714,11.47,2.942857142857143,14.412857142857144,0.0,STOCK SUFFICIENT
2026-06-01,S002,Noida,P012,Backpack,Travel,Supplier D,2051.82,0.0,25,51295.50000000001,313,138,11,False,6,2026,1,0,23,21.0,21.285714285714285,19.185,4.257142857142857,23.442142857142855,0.0,STOCK SUFFICIENT
2026-06-01,S006,Chandigarh,P005,Power Bank,Electronics,Supplier A,1542.67,5.0,18,27768.06,384,128,9,False,6,2026,1,0,23,16.0,17.714285714285715,18.145,3.542857142857143,21.687857142857144,0.0,STOCK SUFFICIENT
2026-06-01,S006,Chandigarh,P014,Desk Lamp,Home,Supplier A,1327.7,0.0,16,21243.2,168,102,9,False,6,2026,1,0,23,19.0,16.714285714285715,14.015,3.3428571428571434,17.357857142857142,0.0,STOCK SUFFICIENT
2026-06-01,S005,Jaipur,P010,Yoga Mat,Sports,Supplier B,1471.08,5.0,22,32363.76,208,115,5,False,6,2026,1,0,23,15.0,18.0,16.925,3.6,20.525000000000002,0.0,STOCK SUFFICIENT
2026-06-01,S005,Jaipur,P010,Yoga Mat,Sports,Supplier C,1292.92,5.0,19,24565.480000000003,227,115,11,False,6,2026,1,0,23,22.0,18.428571428571427,16.375,3.6857142857142855,20.060714285714287,0.0,STOCK SUFFICIENT
2026-06-01,S001,Delhi,P014,Desk Lamp,Home,Supplier D,1216.65,0.0,23,27982.95,247,160,13,False,6,2026,1,0,23,35.0,28.285714285714285,20.39,5.6571428571428575,26.04714285714286,0.0,STOCK SUFFICIENT
2026-06-01,S006,Chandigarh,P013,Travel Adapter,Travel,Supplier A,1131.94,0.0,19,21506.86,192,115,13,False,6,2026,1,0,23,12.0,18.142857142857142,16.065,3.6285714285714286,19.69357142857143,0.0,STOCK SUFFICIENT
2026-06-02,S001,Delhi,P014,Desk Lamp,Home,Supplier D,1387.53,5.0,21,29138.13,359,160,9,False,6,2026,2,1,23,23.0,27.428571428571427,25.495,5.485714285714286,30.980714285714285,0.0,STOCK SUFFICIENT
2026-06-02,S003,Ghaziabad,P011,Water Bottle,Sports,Supplier C,754.06,10.0,34,25638.039999999997,255,228,13,False,6,2026,2,1,23,45.0,39.142857142857146,37.56,7.828571428571429,45.38857142857143,0.0,STOCK SUFFICIENT
2026-06-02,S004,Lucknow,P003,Mechanical Keyboard,Accessories,Supplier D,2208.04,15.0,12,26496.48,150,86,2,False,6,2026,2,1,23,12.0,10.285714285714286,12.67,2.0571428571428574,14.727142857142857,0.0,STOCK SUFFICIENT
2026-06-02,S006,Chandigarh,P002,Wireless Mouse,Accessories,Supplier B,850.13,0.0,19,16152.47,180,166,5,False,6,2026,2,1,23,23.0,25.0,22.085,5.0,27.085,0.0,STOCK SUFFICIENT
2026-06-02,S002,Noida,P001,Laptop Bag,Accessories,Supplier D,1234.63,0.0,21,25927.230000000003,333,165,5,False,6,2026,2,1,23,25.0,21.142857142857142,19.955,4.228571428571429,24.183571428571426,0.0,STOCK SUFFICIENT
2026-06-02,S005,Jaipur,P010,Yoga Mat,Sports,Supplier B,1483.02,5.0,10,14830.2,206,115,11,False,6,2026,2,1,23,19.0,19.428571428571427,15.455,3.8857142857142857,19.340714285714284,0.0,STOCK SUFFICIENT
2026-06-02,S003,Ghaziabad,P007,Smart Watch,Wearables,Supplier A,4669.03,10.0,9,42021.27,115,68,11,False,6,2026,2,1,23,9.0,9.428571428571429,9.465,1.885714285714286,11.350714285714286,0.0,STOCK SUFFICIENT
2026-06-02,S001,Delhi,P013,Travel Adapter,Travel,Supplier B,1116.91,0.0,24,26805.840000000004,261,180,10,False,6,2026,2,1,23,27.0,28.142857142857142,23.045,5.628571428571429,28.67357142857143,0.0,STOCK SUFFICIENT
2026-06-03,S004,Lucknow,P007,Smart Watch,Wearables,Supplier B,4269.52,0.0,8,34156.16,111,64,13,False,6,2026,3,2,23,9.0,11.0,8.195,2.2,10.395,0.0,STOCK SUFFICIENT
2026-06-03,S004,Lucknow,P002,Wireless Mouse,Accessories,Supplier C,853.14,15.0,33,28153.62,422,187,9,False,6,2026,3,2,23,19.0,28.142857142857142,28.92,5.628571428571429,34.54857142857143,0.0,STOCK SUFFICIENT
2026-06-03,S001,Delhi,P011,Water Bottle,Sports,Supplier C,693.23,15.0,49,33968.270000000004,621,300,9,False,6,2026,3,2,23,38.0,46.142857142857146,42.76,9.22857142857143,51.988571428571426,0.0,STOCK SUFFICIENT
2026-06-03,S001,Delhi,P001,Laptop Bag,Accessories,Supplier B,1125.94,0.0,29,32652.260000000002,187,180,13,False,6,2026,3,2,23,25.0,26.142857142857142,24.24,5.228571428571429,29.468571428571426,0.0,STOCK SUFFICIENT
2026-06-03,S003,Ghaziabad,P003,Mechanical Keyboard,Accessories,Supplier C,2441.99,20.0,20,48839.799999999996,120,91,5,False,6,2026,3,2,23,12.0,14.428571428571429,14.725,2.885714285714286,17.610714285714288,0.0,STOCK SUFFICIENT
2026-06-03,S002,Noida,P014,Desk Lamp,Home,Supplier C,1290.71,15.0,27,34849.17,268,147,4,False,6,2026,3,2,23,24.0,24.428571428571427,24.185,4.885714285714286,29.070714285714285,0.0,STOCK SUFFICIENT
2026-06-03,S005,Jaipur,P005,Power Bank,Electronics,Supplier C,1623.38,15.0,19,30844.22,302,136,3,False,6,2026,3,2,23,28.0,20.428571428571427,18.455,4.085714285714285,22.540714285714284,0.0,STOCK SUFFICIENT
2026-06-03,S004,Lucknow,P004,USB-C Hub,Electronics,Supplier A,1821.82,10.0,15,27327.3,229,108,9,False,6,2026,3,2,23,12.0,14.0,16.27,2.8000000000000003,19.07,0.0,STOCK SUFFICIENT
2026-06-03,S004,Lucknow,P013,Travel Adapter,Travel,Supplier C,1039.46,5.0,19,19749.74,262,129,3,False,6,2026,3,2,23,23.0,21.857142857142858,18.845,4.371428571428572,23.216428571428573,0.0,STOCK SUFFICIENT
2026-06-03,S005,Jaipur,P005,Power Bank,Electronics,Supplier B,1726.03,10.0,28,48328.84,348,136,9,False,6,2026,3,2,23,12.0,20.714285714285715,19.0,4.142857142857143,23.142857142857142,0.0,STOCK SUFFICIENT
2026-06-03,S006,Chandigarh,P012,Backpack,Travel,Supplier C,1917.84,0.0,13,24931.92,239,96,9,False,6,2026,3,2,23,10.0,17.0,11.97,3.4000000000000004,15.370000000000001,0.0,STOCK SUFFICIENT
2026-06-03,S006,Chandigarh,P004,USB-C Hub,Electronics,Supplier C,1821.22,15.0,13,23675.86,110,96,10,False,6,2026,3,2,23,14.0,12.0,13.145,2.4000000000000004,15.545,0.0,STOCK SUFFICIENT
2026-06-03,S002,Noida,P003,Mechanical Keyboard,Accessories,Supplier C,2488.0,0.0,18,44784.0,116,110,4,False,6,2026,3,2,23,12.0,14.0,14.68,2.8000000000000003,17.48,0.0,STOCK SUFFICIENT
2026-06-03,S004,Lucknow,P011,Water Bottle,Sports,Supplier B,712.15,0.0,33,23500.95,323,216,2,False,6,2026,3,2,23,32.0,36.0,28.46,7.2,35.660000000000004,0.0,STOCK SUFFICIENT
2026-06-04,S001,Delhi,P008,Fitness Band,Wearables,Supplier B,2069.75,0.0,19,39325.25,239,130,5,False,6,2026,4,3,23,19.0,21.714285714285715,17.85,4.342857142857143,22.192857142857143,0.0,STOCK SUFFICIENT
2026-06-04,S005,Jaipur,P011,Water Bottle,Sports,Supplier C,686.61,0.0,28,19225.08,234,204,3,False,6,2026,4,3,23,33.0,33.142857142857146,28.955,6.62857142857143,35.58357142857143,0.0,STOCK SUFFICIENT
2026-06-04,S001,Delhi,P001,Laptop Bag,Accessories,Supplier D,1210.88,0.0,27,32693.760000000002,332,180,12,False,6,2026,4,3,23,29.0,27.142857142857142,23.87,5.428571428571429,29.298571428571428,0.0,STOCK SUFFICIENT
2026-06-04,S005,Jaipur,P004,USB-C Hub,Electronics,Supplier A,1844.56,0.0,12,22134.72,161,102,2,False,6,2026,4,3,23,11.0,15.142857142857142,14.57,3.0285714285714285,17.59857142857143,0.0,STOCK SUFFICIENT
2026-06-04,S006,Chandigarh,P015,Office Chair,Furniture,Supplier A,8181.97,15.0,3,24545.91,78,35,2,False,6,2026,4,3,23,4.0,4.285714285714286,4.7,0.8571428571428572,5.557142857142857,0.0,STOCK SUFFICIENT
2026-06-04,S006,Chandigarh,P013,Travel Adapter,Travel,Supplier B,1107.66,5.0,20,22153.2,263,115,7,False,6,2026,4,3,23,19.0,18.857142857142858,16.495,3.771428571428572,20.266428571428573,0.0,STOCK SUFFICIENT
2026-06-04,S006,Chandigarh,P002,Wireless Mouse,Accessories,Supplier A,889.89,15.0,24,21357.36,388,166,6,False,6,2026,4,3,23,19.0,24.285714285714285,25.285,4.857142857142858,30.142142857142858,0.0,STOCK SUFFICIENT
2026-06-04,S003,Ghaziabad,P007,Smart Watch,Wearables,Supplier C,4205.27,15.0,21,88310.67000000001,141,68,11,False,6,2026,4,3,23,9.0,9.428571428571429,10.205,1.885714285714286,12.090714285714286,0.0,STOCK SUFFICIENT
2026-06-04,S006,Chandigarh,P005,Power Bank,Electronics,Supplier D,1527.27,15.0,16,24436.32,245,128,8,False,6,2026,4,3,23,18.0,17.142857142857142,18.8,3.428571428571429,22.228571428571428,0.0,STOCK SUFFICIENT
2026-06-04,S002,Noida,P007,Smart Watch,Wearables,Supplier A,4439.08,0.0,12,53268.96,210,82,8,False,6,2026,4,3,23,18.0,13.142857142857142,10.82,2.6285714285714286,13.448571428571428,0.0,STOCK SUFFICIENT
2026-06-04,S004,Lucknow,P004,USB-C Hub,Electronics,Supplier A,1790.35,0.0,16,28645.6,111,108,9,False,6,2026,4,3,23,15.0,14.714285714285714,14.065,2.942857142857143,17.00785714285714,0.0,STOCK SUFFICIENT
2026-06-04,S003,Ghaziabad,P005,Power Bank,Electronics,Supplier C,1667.87,0.0,20,33357.399999999994,217,152,4,False,6,2026,4,3,23,24.0,21.428571428571427,21.105,4.285714285714286,25.390714285714285,0.0,STOCK SUFFICIENT
2026-06-04,S003,Ghaziabad,P005,Power Bank,Electronics,Supplier D,1550.33,10.0,24,37207.92,297,152,6,False,6,2026,4,3,23,22.0,22.285714285714285,22.805,4.457142857142857,27.262142857142855,0.0,STOCK SUFFICIENT
2026-06-04,S006,Chandigarh,P013,Travel Adapter,Travel,Supplier B,1051.45,10.0,13,13668.85,135,115,5,False,6,2026,4,3,23,20.0,19.714285714285715,16.09,3.942857142857143,20.032857142857143,0.0,STOCK SUFFICIENT
2026-06-04,S002,Noida,P010,Yoga Mat,Sports,Supplier A,1361.73,20.0,22,29958.06,373,156,2,False,6,2026,4,3,23,36.0,27.857142857142858,26.315,5.571428571428572,31.886428571428574,0.0,STOCK SUFFICIENT
2026-06-04,S002,Noida,P004,USB-C Hub,Electronics,Supplier B,1801.23,15.0,21,37825.83,264,138,13,False,6,2026,4,3,23,23.0,21.428571428571427,20.38,4.285714285714286,24.665714285714284,0.0,STOCK SUFFICIENT
2026-06-04,S006,Chandigarh,P015,Office Chair,Furniture,Supplier C,9045.29,10.0,1,9045.29,89,35,4,False,6,2026,4,3,23,3.0,4.0,5.48,0.8,6.28,0.0,STOCK SUFFICIENT
2026-06-04,S005,Jaipur,P013,Travel Adapter,Travel,Supplier D,1174.11,0.0,15,17611.649999999998,265,122,2,False,6,2026,4,3,23,20.0,18.285714285714285,16.995,3.657142857142857,20.65214285714286,0.0,STOCK SUFFICIENT
2026-06-04,S005,Jaipur,P013,Travel Adapter,Travel,Supplier D,1155.88,5.0,20,23117.600000000002,274,122,13,False,6,2026,4,3,23,21.0,18.142857142857142,18.71,3.6285714285714286,22.33857142857143,0.0,STOCK SUFFICIENT
2026-06-04,S005,Jaipur,P008,Fitness Band,Wearables,Supplier B,2294.41,10.0,13,29827.329999999998,175,88,9,False,6,2026,4,3,23,8.0,10.0,12.905,2.0,14.905,0.0,STOCK SUFFICIENT
2026-06-04,S003,Ghaziabad,P015,Office Chair,Furniture,Supplier D,8327.75,10.0,4,33311.0,79,41,4,False,6,2026,4,3,23,4.0,6.142857142857143,5.68,1.2285714285714286,6.908571428571428,0.0,STOCK SUFFICIENT
2026-06-04,S002,Noida,P007,Smart Watch,Wearables,Supplier B,4697.68,5.0,12,56372.16,115,82,12,False,6,2026,4,3,23,12.0,13.571428571428571,11.365,2.7142857142857144,14.079285714285714,0.0,STOCK SUFFICIENT
2026-06-04,S002,Noida,P002,Wireless Mouse,Accessories,Supplier D,840.25,0.0,33,27728.25,98,239,8,True,6,2026,4,3,23,35.0,35.857142857142854,31.56,7.171428571428571,38.731428571428566,0.0,REORDER REQUIRED
2026-06-04,S001,Delhi,P008,Fitness Band,Wearables,Supplier D,2047.11,0.0,19,38895.09,203,130,6,False,6,2026,4,3,23,17.0,21.428571428571427,18.225,4.285714285714286,22.510714285714286,0.0,STOCK SUFFICIENT
2026-06-05,S004,Lucknow,P013,Travel Adapter,Travel,Supplier B,1121.67,5.0,10,11216.7,207,129,12,False,6,2026,5,4,23,19.0,21.571428571428573,19.55,4.314285714285715,23.864285714285714,0.0,STOCK SUFFICIENT
2026-06-05,S001,Delhi,P015,Office Chair,Furniture,Supplier A,8716.92,5.0,6,52301.520000000004,105,55,6,False,6,2026,5,4,23,10.0,8.714285714285714,7.0,1.7428571428571429,8.742857142857144,0.0,STOCK SUFFICIENT
2026-06-05,S004,Lucknow,P004,USB-C Hub,Electronics,Supplier C,1936.45,5.0,24,46474.8,202,108,4,False,6,2026,5,4,23,16.0,14.571428571428571,15.185,2.9142857142857146,18.099285714285713,0.0,STOCK SUFFICIENT
2026-06-05,S006,Chandigarh,P004,USB-C Hub,Electronics,Supplier A,1714.11,5.0,13,22283.43,256,96,14,False,6,2026,5,4,23,13.0,11.857142857142858,12.875,2.3714285714285714,15.246428571428572,0.0,STOCK SUFFICIENT
2026-06-05,S006,Chandigarh,P005,Power Bank,Electronics,Supplier C,1722.89,15.0,16,27566.24,183,128,11,False,6,2026,5,4,23,16.0,16.571428571428573,17.98,3.314285714285715,21.294285714285714,0.0,STOCK SUFFICIENT
2026-06-05,S005,Jaipur,P004,USB-C Hub,Electronics,Supplier B,1802.08,15.0,15,27031.199999999997,224,102,3,False,6,2026,5,4,23,12.0,14.285714285714286,14.01,2.8571428571428577,16.86714285714286,0.0,STOCK SUFFICIENT
2026-06-05,S002,Noida,P008,Fitness Band,Wearables,Supplier B,2262.81,0.0,19,42993.39,210,119,6,False,6,2026,5,4,23,11.0,18.285714285714285,18.79,3.657142857142857,22.447142857142858,0.0,STOCK SUFFICIENT
2026-06-05,S004,Lucknow,P003,Mechanical Keyboard,Accessories,Supplier D,2404.87,10.0,22,52907.14,126,86,7,False,6,2026,5,4,23,12.0,10.428571428571429,13.46,2.085714285714286,15.545714285714286,0.0,STOCK SUFFICIENT
2026-06-05,S004,Lucknow,P010,Yoga Mat,Sports,Supplier D,1351.57,15.0,21,28382.969999999998,133,122,14,False,6,2026,5,4,23,28.0,21.285714285714285,20.665,4.257142857142857,24.922142857142855,0.0,STOCK SUFFICIENT
2026-06-05,S004,Lucknow,P007,Smart Watch,Wearables,Supplier D,4465.98,15.0,10,44659.799999999996,88,64,11,False,6,2026,5,4,23,8.0,10.142857142857142,9.435,2.0285714285714285,11.463571428571429,0.0,STOCK SUFFICIENT
2026-06-05,S005,Jaipur,P002,Wireless Mouse,Accessories,Supplier A,827.15,0.0,26,21505.899999999998,310,176,5,False,6,2026,5,4,23,38.0,31.857142857142858,24.295,6.371428571428572,30.666428571428575,0.0,STOCK SUFFICIENT
2026-06-05,S003,Ghaziabad,P005,Power Bank,Electronics,Supplier A,1479.88,0.0,17,25157.960000000003,223,152,5,False,6,2026,5,4,23,20.0,20.857142857142858,21.06,4.171428571428572,25.23142857142857,0.0,STOCK SUFFICIENT
2026-06-05,S006,Chandigarh,P014,Desk Lamp,Home,Supplier B,1314.41,5.0,15,19716.15,210,102,8,False,6,2026,5,4,23,16.0,16.571428571428573,13.53,3.314285714285715,16.844285714285714,0.0,STOCK SUFFICIENT
2026-06-05,S002,Noida,P006,Bluetooth Speaker,Electronics,Supplier C,2898.16,0.0,11,31879.76,157,92,3,False,6,2026,5,4,23,16.0,15.571428571428571,13.0,3.1142857142857143,16.114285714285714,0.0,STOCK SUFFICIENT
2026-06-06,S003,Ghaziabad,P013,Travel Adapter,Travel,Supplier B,1052.96,5.0,16,16847.36,251,136,2,False,6,2026,6,5,23,18.0,20.571428571428573,21.165,4.114285714285715,25.279285714285713,0.0,STOCK SUFFICIENT
2026-06-06,S005,Jaipur,P002,Wireless Mouse,Accessories,Supplier B,913.37,10.0,22,20094.14,358,176,4,False,6,2026,6,5,23,26.0,30.428571428571427,29.915,6.085714285714285,36.00071428571428,0.0,STOCK SUFFICIENT
2026-06-06,S001,Delhi,P005,Power Bank,Electronics,Supplier B,1715.34,15.0,28,48029.52,322,200,3,False,6,2026,6,5,23,45.0,32.42857142857143,33.61,6.485714285714287,40.09571428571429,0.0,STOCK SUFFICIENT
2026-06-06,S002,Noida,P011,Water Bottle,Sports,Supplier A,732.17,10.0,45,32947.65,511,276,4,False,6,2026,6,5,23,50.0,46.285714285714285,45.575,9.257142857142858,54.83214285714286,0.0,STOCK SUFFICIENT
2026-06-06,S003,Ghaziabad,P001,Laptop Bag,Accessories,Supplier D,1162.68,0.0,22,25578.960000000003,209,136,8,False,6,2026,6,5,23,25.0,24.0,19.84,4.800000000000001,24.64,0.0,STOCK SUFFICIENT
2026-06-06,S002,Noida,P001,Laptop Bag,Accessories,Supplier A,1261.24,0.0,23,29008.52,329,165,3,False,6,2026,6,5,23,21.0,21.428571428571427,22.0,4.285714285714286,26.285714285714285,0.0,STOCK SUFFICIENT
2026-06-06,S006,Chandigarh,P009,Running Shoes,Sports,Supplier A,3269.79,0.0,10,32697.9,123,70,14,False,6,2026,6,5,23,9.0,10.142857142857142,9.415,2.0285714285714285,11.443571428571428,0.0,STOCK SUFFICIENT
2026-06-06,S004,Lucknow,P010,Yoga Mat,Sports,Supplier D,1314.15,5.0,30,39424.5,203,122,14,False,6,2026,6,5,23,21.0,21.142857142857142,18.935,4.228571428571429,23.163571428571426,0.0,STOCK SUFFICIENT
2026-06-06,S005,Jaipur,P002,Wireless Mouse,Accessories,Supplier D,815.11,10.0,32,26083.52,419,176,13,False,6,2026,6,5,23,22.0,29.857142857142858,30.675,5.9714285714285715,36.64642857142857,0.0,STOCK SUFFICIENT
2026-06-06,S005,Jaipur,P004,USB-C Hub,Electronics,Supplier D,1808.38,10.0,16,28934.08,249,102,4,False,6,2026,6,5,23,15.0,14.142857142857142,13.9,2.8285714285714287,16.728571428571428,0.0,STOCK SUFFICIENT
2026-06-06,S001,Delhi,P014,Desk Lamp,Home,Supplier D,1374.59,10.0,29,39863.11,264,160,9,False,6,2026,6,5,23,21.0,26.142857142857142,24.45,5.228571428571429,29.678571428571427,0.0,STOCK SUFFICIENT
2026-06-06,S003,Ghaziabad,P009,Running Shoes,Sports,Supplier A,2993.37,0.0,7,20953.59,133,83,3,False,6,2026,6,5,23,10.0,14.0,13.27,2.8000000000000003,16.07,0.0,STOCK SUFFICIENT
2026-06-06,S001,Delhi,P008,Fitness Band,Wearables,Supplier D,2315.61,15.0,19,43996.590000000004,199,130,2,False,6,2026,6,5,23,19.0,20.714285714285715,21.5,4.142857142857143,25.642857142857142,0.0,STOCK SUFFICIENT
2026-06-06,S002,Noida,P015,Office Chair,Furniture,Supplier C,8516.72,0.0,9,76650.48,110,50,10,False,6,2026,6,5,23,7.0,6.428571428571429,6.0,1.2857142857142858,7.285714285714286,0.0,STOCK SUFFICIENT
2026-06-06,S005,Jaipur,P008,Fitness Band,Wearables,Supplier D,2314.36,0.0,17,39344.12,147,88,4,False,6,2026,6,5,23,13.0,11.0,12.185,2.2,14.385000000000002,0.0,STOCK SUFFICIENT
2026-06-06,S004,Lucknow,P010,Yoga Mat,Sports,Supplier D,1476.24,0.0,16,23619.84,191,122,3,False,6,2026,6,5,23,30.0,22.857142857142858,20.06,4.571428571428572,24.63142857142857,0.0,STOCK SUFFICIENT
2026-06-07,S006,Chandigarh,P011,Water Bottle,Sports,Supplier B,755.49,5.0,35,26442.15,312,192,3,False,6,2026,7,6,23,26.0,29.428571428571427,32.27,5.885714285714286,38.15571428571429,0.0,STOCK SUFFICIENT
2026-06-07,S004,Lucknow,P008,Fitness Band,Wearables,Supplier C,2184.87,0.0,15,32773.049999999996,202,93,7,False,6,2026,7,6,23,10.0,11.142857142857142,12.165,2.2285714285714286,14.393571428571427,0.0,STOCK SUFFICIENT
2026-06-07,S002,Noida,P014,Desk Lamp,Home,Supplier D,1338.38,10.0,28,37474.64,252,147,14,False,6,2026,7,6,23,27.0,25.571428571428573,23.835,5.114285714285715,28.949285714285715,0.0,STOCK SUFFICIENT
2026-06-07,S004,Lucknow,P010,Yoga Mat,Sports,Supplier A,1316.41,0.0,24,31593.840000000004,301,122,5,False,6,2026,7,6,23,16.0,22.285714285714285,19.765,4.457142857142857,24.222142857142856,0.0,STOCK SUFFICIENT
2026-06-07,S001,Delhi,P010,Yoga Mat,Sports,Supplier A,1446.11,5.0,33,47721.63,458,170,10,False,6,2026,7,6,23,30.0,25.0,25.06,5.0,30.06,0.0,STOCK SUFFICIENT
2026-06-07,S005,Jaipur,P001,Laptop Bag,Accessories,Supplier A,1125.07,0.0,21,23626.469999999998,187,122,7,False,6,2026,7,6,23,21.0,19.571428571428573,16.92,3.9142857142857146,20.834285714285716,0.0,STOCK SUFFICIENT
2026-06-07,S002,Noida,P004,USB-C Hub,Electronics,Supplier D,1675.44,0.0,31,51938.64,211,138,4,False,6,2026,7,6,23,21.0,21.285714285714285,21.18,4.257142857142857,25.437142857142856,0.0,STOCK SUFFICIENT
2026-06-07,S004,Lucknow,P004,USB-C Hub,Electronics,Supplier B,1779.87,0.0,14,24918.18,260,108,8,False,6,2026,7,6,23,24.0,15.285714285714286,13.42,3.0571428571428574,16.47714285714286,0.0,STOCK SUFFICIENT
2026-06-07,S001,Delhi,P001,Laptop Bag,Accessories,Supplier D,1252.29,0.0,29,36316.409999999996,214,180,3,False,6,2026,7,6,23,27.0,27.571428571428573,25.73,5.514285714285715,31.244285714285716,0.0,STOCK SUFFICIENT
2026-06-07,S004,Lucknow,P011,Water Bottle,Sports,Supplier A,738.15,10.0,29,21406.35,235,216,10,False,6,2026,7,6,23,33.0,35.714285714285715,34.74,7.142857142857143,41.88285714285715,0.0,STOCK SUFFICIENT
2026-06-07,S006,Chandigarh,P004,USB-C Hub,Electronics,Supplier B,1728.15,5.0,15,25922.25,139,96,3,False,6,2026,7,6,23,13.0,11.571428571428571,14.1,2.3142857142857145,16.414285714285715,0.0,STOCK SUFFICIENT
2026-06-07,S004,Lucknow,P001,Laptop Bag,Accessories,Supplier A,1252.95,5.0,16,20047.2,307,129,2,False,6,2026,7,6,23,17.0,20.428571428571427,20.64,4.085714285714285,24.725714285714286,0.0,STOCK SUFFICIENT
2026-06-07,S002,Noida,P011,Water Bottle,Sports,Supplier A,730.28,10.0,32,23368.96,540,276,4,False,6,2026,7,6,23,45.0,46.285714285714285,44.855,9.257142857142858,54.11214285714286,0.0,STOCK SUFFICIENT
2026-06-07,S005,Jaipur,P011,Water Bottle,Sports,Supplier C,670.35,15.0,35,23462.25,515,204,4,False,6,2026,7,6,23,28.0,32.714285714285715,38.16,6.542857142857144,44.70285714285714,0.0,STOCK SUFFICIENT
2026-06-07,S003,Ghaziabad,P006,Bluetooth Speaker,Electronics,Supplier D,2936.63,20.0,13,38176.19,174,76,8,False,6,2026,7,6,23,15.0,11.714285714285714,12.91,2.342857142857143,15.252857142857144,0.0,STOCK SUFFICIENT
2026-06-07,S003,Ghaziabad,P012,Backpack,Travel,Supplier C,1850.41,0.0,15,27756.15,238,114,3,False,6,2026,7,6,23,11.0,16.428571428571427,14.14,3.2857142857142856,17.425714285714285,0.0,STOCK SUFFICIENT
2026-06-08,S003,Ghaziabad,P003,Mechanical Keyboard,Accessories,Supplier C,2346.46,0.0,9,21118.14,151,91,4,False,6,2026,8,0,24,20.0,14.714285714285714,12.815,2.942857142857143,15.757857142857143,0.0,STOCK SUFFICIENT
2026-06-08,S004,Lucknow,P015,Office Chair,Furniture,Supplier A,8999.9,5.0,2,17999.8,116,39,12,False,6,2026,8,0,24,5.0,7.0,5.885,1.4000000000000001,7.285,0.0,STOCK SUFFICIENT
2026-06-08,S004,Lucknow,P005,Power Bank,Electronics,Supplier C,1719.63,5.0,17,29233.710000000003,232,144,8,False,6,2026,8,0,24,30.0,24.428571428571427,20.5,4.885714285714286,25.385714285714286,0.0,STOCK SUFFICIENT
2026-06-08,S005,Jaipur,P005,Power Bank,Electronics,Supplier A,1642.67,10.0,18,29568.06,246,136,13,False,6,2026,8,0,24,19.0,21.0,20.405,4.2,24.605,0.0,STOCK SUFFICIENT
2026-06-08,S002,Noida,P003,Mechanical Keyboard,Accessories,Supplier B,2413.21,20.0,17,41024.57,286,110,3,False,6,2026,8,0,24,18.0,15.0,15.61,3.0,18.61,0.0,STOCK SUFFICIENT
2026-06-08,S006,Chandigarh,P003,Mechanical Keyboard,Accessories,Supplier C,2517.55,5.0,13,32728.15,118,76,14,False,6,2026,8,0,24,12.0,13.714285714285714,9.785,2.742857142857143,12.527857142857144,0.0,STOCK SUFFICIENT
2026-06-08,S006,Chandigarh,P009,Running Shoes,Sports,Supplier A,3389.6,0.0,7,23727.2,196,70,10,False,6,2026,8,0,24,10.0,9.857142857142858,8.62,1.9714285714285715,10.59142857142857,0.0,STOCK SUFFICIENT
2026-06-08,S004,Lucknow,P014,Desk Lamp,Home,Supplier D,1340.41,0.0,16,21446.56,145,115,3,False,6,2026,8,0,24,22.0,18.0,16.385,3.6,19.985000000000003,0.0,STOCK SUFFICIENT
2026-06-08,S006,Chandigarh,P015,Office Chair,Furniture,Supplier C,7989.2,0.0,11,87881.2,55,35,4,False,6,2026,8,0,24,1.0,3.5714285714285716,6.035,0.7142857142857144,6.7492857142857146,0.0,STOCK SUFFICIENT
2026-06-08,S005,Jaipur,P002,Wireless Mouse,Accessories,Supplier D,897.0,5.0,23,20631.0,225,176,5,False,6,2026,8,0,24,32.0,30.0,22.99,6.0,28.99,0.0,STOCK SUFFICIENT
2026-06-08,S005,Jaipur,P014,Desk Lamp,Home,Supplier B,1260.87,10.0,16,20173.92,221,108,9,False,6,2026,8,0,24,12.0,14.714285714285714,16.295,2.942857142857143,19.237857142857145,0.0,STOCK SUFFICIENT
2026-06-08,S005,Jaipur,P004,USB-C Hub,Electronics,Supplier D,1760.13,15.0,18,31682.340000000004,272,102,14,False,6,2026,8,0,24,16.0,14.142857142857142,16.845,2.8285714285714287,19.673571428571428,0.0,STOCK SUFFICIENT
2026-06-09,S001,Delhi,P011,Water Bottle,Sports,Supplier B,694.8,10.0,59,40993.2,741,300,7,False,6,2026,9,1,24,49.0,46.0,42.315,9.200000000000001,51.515,0.0,STOCK SUFFICIENT
2026-06-09,S005,Jaipur,P014,Desk Lamp,Home,Supplier A,1331.85,5.0,11,14650.349999999999,158,108,8,False,6,2026,9,1,24,16.0,14.571428571428571,15.0,2.9142857142857146,17.914285714285715,0.0,STOCK SUFFICIENT
2026-06-09,S004,Lucknow,P001,Laptop Bag,Accessories,Supplier B,1203.72,5.0,26,31296.72,196,129,12,False,6,2026,9,1,24,16.0,20.857142857142858,18.735,4.171428571428572,22.90642857142857,0.0,STOCK SUFFICIENT
2026-06-09,S001,Delhi,P012,Backpack,Travel,Supplier B,1984.63,5.0,14,27784.82,248,150,5,False,6,2026,9,1,24,22.0,19.142857142857142,19.87,3.8285714285714287,23.69857142857143,0.0,STOCK SUFFICIENT
2026-06-09,S005,Jaipur,P003,Mechanical Keyboard,Accessories,Supplier D,2432.21,0.0,14,34050.94,161,81,5,False,6,2026,9,1,24,13.0,12.0,10.46,2.4000000000000004,12.860000000000001,0.0,STOCK SUFFICIENT
2026-06-09,S004,Lucknow,P010,Yoga Mat,Sports,Supplier C,1408.99,0.0,17,23952.83,72,122,7,True,6,2026,9,1,24,24.0,23.285714285714285,19.68,4.6571428571428575,24.337142857142858,0.0,REORDER REQUIRED
2026-06-09,S005,Jaipur,P001,Laptop Bag,Accessories,Supplier A,1133.55,5.0,21,23804.55,194,122,9,False,6,2026,9,1,24,21.0,19.857142857142858,17.095,3.9714285714285715,21.06642857142857,0.0,STOCK SUFFICIENT
2026-06-09,S005,Jaipur,P003,Mechanical Keyboard,Accessories,Supplier A,2227.39,10.0,13,28956.07,94,81,8,False,6,2026,9,1,24,11.0,11.857142857142858,12.095,2.3714285714285714,14.466428571428573,0.0,STOCK SUFFICIENT
2026-06-09,S001,Delhi,P007,Smart Watch,Wearables,Supplier B,4341.13,10.0,11,47752.43,118,90,7,False,6,2026,9,1,24,20.0,14.857142857142858,12.855,2.9714285714285715,15.826428571428572,0.0,STOCK SUFFICIENT
2026-06-09,S003,Ghaziabad,P006,Bluetooth Speaker,Electronics,Supplier B,2764.11,5.0,14,38697.54,105,76,13,False,6,2026,9,1,24,13.0,12.0,9.455,2.4000000000000004,11.855,0.0,STOCK SUFFICIENT
2026-06-09,S002,Noida,P011,Water Bottle,Sports,Supplier B,660.98,5.0,37,24456.260000000002,299,276,14,False,6,2026,9,1,24,32.0,44.42857142857143,42.44,8.885714285714286,51.325714285714284,0.0,STOCK SUFFICIENT
2026-06-09,S003,Ghaziabad,P008,Fitness Band,Wearables,Supplier D,2074.29,15.0,21,43560.09,134,98,6,False,6,2026,9,1,24,12.0,16.428571428571427,13.455,3.2857142857142856,16.740714285714287,0.0,STOCK SUFFICIENT
2026-06-09,S003,Ghaziabad,P011,Water Bottle,Sports,Supplier D,716.96,10.0,35,25093.600000000002,489,228,2,False,6,2026,9,1,24,34.0,36.57142857142857,32.655,7.314285714285714,39.96928571428572,0.0,STOCK SUFFICIENT
2026-06-09,S001,Delhi,P015,Office Chair,Furniture,Supplier B,8890.96,5.0,11,97800.56,81,55,3,False,6,2026,9,1,24,6.0,8.285714285714286,6.99,1.6571428571428575,8.647142857142857,0.0,STOCK SUFFICIENT
2026-06-09,S003,Ghaziabad,P004,USB-C Hub,Electronics,Supplier D,1713.34,20.0,16,27413.44,178,114,9,False,6,2026,9,1,24,21.0,17.714285714285715,17.955,3.542857142857143,21.497857142857143,0.0,STOCK SUFFICIENT
2026-06-09,S001,Delhi,P011,Water Bottle,Sports,Supplier B,693.65,15.0,47,32601.55,460,300,3,False,6,2026,9,1,24,59.0,47.57142857142857,48.72,9.514285714285714,58.23428571428571,0.0,STOCK SUFFICIENT
2026-06-10,S006,Chandigarh,P008,Fitness Band,Wearables,Supplier A,2259.06,0.0,4,9036.24,187,83,7,False,6,2026,10,2,24,12.0,12.714285714285714,12.355,2.5428571428571427,14.897857142857143,0.0,STOCK SUFFICIENT
2026-06-10,S002,Noida,P006,Bluetooth Speaker,Electronics,Supplier D,2635.59,10.0,17,44805.03,191,92,10,False,6,2026,10,2,24,11.0,14.714285714285714,13.475,2.942857142857143,16.417857142857144,0.0,STOCK SUFFICIENT
2026-06-10,S002,Noida,P011,Water Bottle,Sports,Supplier A,660.22,5.0,44,29049.68,539,276,11,False,6,2026,10,2,24,37.0,43.57142857142857,41.47,8.714285714285714,50.184285714285714,0.0,STOCK SUFFICIENT
2026-06-10,S001,Delhi,P004,USB-C Hub,Electronics,Supplier B,1700.6,5.0,27,45916.2,276,150,11,False,6,2026,10,2,24,30.0,24.285714285714285,21.045,4.857142857142858,25.90214285714286,0.0,STOCK SUFFICIENT
2026-06-10,S003,Ghaziabad,P006,Bluetooth Speaker,Electronics,Supplier D,2913.56,20.0,12,34962.72,147,76,13,False,6,2026,10,2,24,14.0,12.857142857142858,10.82,2.5714285714285716,13.391428571428571,0.0,STOCK SUFFICIENT
2026-06-10,S004,Lucknow,P009,Running Shoes,Sports,Supplier A,3099.62,0.0,12,37195.44,88,79,4,False,6,2026,10,2,24,13.0,11.571428571428571,11.07,2.3142857142857145,13.384285714285715,0.0,STOCK SUFFICIENT
2026-06-10,S005,Jaipur,P011,Water Bottle,Sports,Supplier A,682.5,10.0,22,15015.0,313,204,13,False,6,2026,10,2,24,35.0,31.571428571428573,30.06,6.314285714285715,36.37428571428571,0.0,STOCK SUFFICIENT
2026-06-10,S004,Lucknow,P003,Mechanical Keyboard,Accessories,Supplier A,2522.73,0.0,10,25227.3,152,86,4,False,6,2026,10,2,24,22.0,12.285714285714286,12.47,2.4571428571428573,14.927142857142858,0.0,STOCK SUFFICIENT
2026-06-10,S003,Ghaziabad,P007,Smart Watch,Wearables,Supplier A,4173.72,5.0,4,16694.88,119,68,3,False,6,2026,10,2,24,21.0,11.0,9.535,2.2,11.735,0.0,STOCK SUFFICIENT
2026-06-10,S001,Delhi,P004,USB-C Hub,Electronics,Supplier C,1908.53,10.0,30,57255.9,288,150,8,False,6,2026,10,2,24,25.0,23.428571428571427,22.845,4.685714285714286,27.530714285714286,0.0,STOCK SUFFICIENT
2026-06-10,S006,Chandigarh,P011,Water Bottle,Sports,Supplier B,704.71,0.0,31,21846.010000000002,277,192,9,False,6,2026,10,2,24,35.0,29.142857142857142,25.67,5.828571428571429,31.49857142857143,0.0,STOCK SUFFICIENT
2026-06-10,S003,Ghaziabad,P003,Mechanical Keyboard,Accessories,Supplier B,2494.03,5.0,9,22446.27,157,91,10,False,6,2026,10,2,24,9.0,14.571428571428571,12.52,2.9142857142857146,15.434285714285714,0.0,STOCK SUFFICIENT
2026-06-10,S001,Delhi,P009,Running Shoes,Sports,Supplier A,2984.04,5.0,13,38792.52,168,110,12,False,6,2026,10,2,24,12.0,15.142857142857142,15.365,3.0285714285714285,18.393571428571427,0.0,STOCK SUFFICIENT
2026-06-10,S005,Jaipur,P002,Wireless Mouse,Accessories,Supplier D,881.03,0.0,19,16739.57,257,176,10,False,6,2026,10,2,24,23.0,28.571428571428573,22.92,5.714285714285715,28.634285714285717,0.0,STOCK SUFFICIENT
2026-06-10,S003,Ghaziabad,P006,Bluetooth Speaker,Electronics,Supplier B,2770.43,5.0,12,33245.159999999996,217,76,7,False,6,2026,10,2,24,12.0,12.714285714285714,14.11,2.5428571428571427,16.652857142857144,0.0,STOCK SUFFICIENT
2026-06-10,S003,Ghaziabad,P005,Power Bank,Electronics,Supplier A,1633.54,10.0,24,39204.96,220,152,3,False,6,2026,10,2,24,17.0,20.0,21.59,4.0,25.59,0.0,STOCK SUFFICIENT
2026-06-11,S001,Delhi,P004,USB-C Hub,Electronics,Supplier C,1864.04,0.0,12,22368.48,253,150,4,False,6,2026,11,3,24,27.0,24.428571428571427,21.175,4.885714285714286,26.060714285714287,0.0,STOCK SUFFICIENT
2026-06-11,S001,Delhi,P014,Desk Lamp,Home,Supplier D,1197.74,10.0,27,32338.98,290,160,5,False,6,2026,11,3,24,29.0,25.428571428571427,21.555,5.085714285714285,26.640714285714285,0.0,STOCK SUFFICIENT
2026-06-11,S002,Noida,P006,Bluetooth Speaker,Electronics,Supplier C,2840.28,5.0,12,34083.36,213,92,7,False,6,2026,11,3,24,17.0,13.571428571428571,11.885,2.7142857142857144,14.599285714285713,0.0,STOCK SUFFICIENT
2026-06-11,S005,Jaipur,P006,Bluetooth Speaker,Electronics,Supplier B,2755.02,5.0,8,22040.16,90,68,12,False,6,2026,11,3,24,10.0,11.571428571428571,9.835,2.3142857142857145,12.149285714285716,0.0,STOCK SUFFICIENT
2026-06-11,S001,Delhi,P005,Power Bank,Electronics,Supplier D,1623.38,0.0,21,34090.98,462,200,8,False,6,2026,11,3,24,28.0,31.857142857142858,27.615,6.371428571428572,33.98642857142857,0.0,STOCK SUFFICIENT
2026-06-11,S006,Chandigarh,P006,Bluetooth Speaker,Electronics,Supplier D,2854.83,15.0,8,22838.64,102,64,14,False,6,2026,11,3,24,14.0,12.142857142857142,10.41,2.428571428571429,12.838571428571429,0.0,STOCK SUFFICIENT
2026-06-11,S006,Chandigarh,P014,Desk Lamp,Home,Supplier D,1343.06,15.0,16,21488.96,208,102,13,False,6,2026,11,3,24,15.0,16.571428571428573,15.58,3.314285714285715,18.894285714285715,0.0,STOCK SUFFICIENT
2026-06-11,S004,Lucknow,P005,Power Bank,Electronics,Supplier B,1662.51,15.0,21,34912.71,218,144,2,False,6,2026,11,3,24,17.0,23.428571428571427,20.64,4.685714285714286,25.325714285714287,0.0,STOCK SUFFICIENT
2026-06-11,S005,Jaipur,P012,Backpack,Travel,Supplier B,1875.29,10.0,11,20628.19,262,102,9,False,6,2026,11,3,24,16.0,12.285714285714286,14.205,2.4571428571428573,16.662142857142857,0.0,STOCK SUFFICIENT
2026-06-11,S005,Jaipur,P012,Backpack,Travel,Supplier C,1914.24,0.0,13,24885.12,266,102,7,False,6,2026,11,3,24,11.0,11.428571428571429,12.56,2.285714285714286,14.845714285714287,0.0,STOCK SUFFICIENT
2026-06-11,S005,Jaipur,P007,Smart Watch,Wearables,Supplier A,4600.13,0.0,10,46001.3,51,61,3,True,6,2026,11,3,24,15.0,9.571428571428571,7.415,1.9142857142857144,9.329285714285714,0.0,REORDER REQUIRED
2026-06-11,S001,Delhi,P011,Water Bottle,Sports,Supplier D,715.29,15.0,49,35049.21,574,300,3,False,6,2026,11,3,24,47.0,45.57142857142857,46.995,9.114285714285714,56.10928571428571,0.0,STOCK SUFFICIENT
2026-06-11,S002,Noida,P003,Mechanical Keyboard,Accessories,Supplier C,2274.0,0.0,20,45480.0,220,110,2,False,6,2026,11,3,24,17.0,15.285714285714286,14.175,3.0571428571428574,17.232142857142858,0.0,STOCK SUFFICIENT
2026-06-11,S001,Delhi,P012,Backpack,Travel,Supplier B,1975.97,5.0,19,37543.43,332,150,3,False,6,2026,11,3,24,14.0,18.0,20.97,3.6,24.57,0.0,STOCK SUFFICIENT
2026-06-11,S006,Chandigarh,P012,Backpack,Travel,Supplier C,1959.89,,8,15679.12,158,96,2,False,6,2026,11,3,24,13.0,17.285714285714285,13.67,3.4571428571428573,17.127142857142857,0.0,STOCK SUFFICIENT
2026-06-12,S002,Noida,P002,Wireless Mouse,Accessories,Supplier B,782.98,0.0,38,29753.24,402,239,4,False,6,2026,12,4,24,33.0,35.857142857142854,32.25,7.171428571428571,39.42142857142857,0.0,STOCK SUFFICIENT
2026-06-12,S003,Ghaziabad,P011,Water Bottle,Sports,Supplier A,659.22,0.0,36,23731.920000000002,355,228,3,False,6,2026,12,4,24,35.0,37.285714285714285,32.375,7.457142857142857,39.832142857142856,0.0,STOCK SUFFICIENT
2026-06-12,S001,Delhi,P008,Fitness Band,Wearables,Supplier B,2134.38,5.0,16,34150.08,217,130,13,False,6,2026,12,4,24,19.0,20.142857142857142,21.175,4.0285714285714285,25.20357142857143,0.0,STOCK SUFFICIENT
2026-06-12,S002,Noida,P009,Running Shoes,Sports,Supplier D,3007.1,5.0,10,30071.0,195,101,14,False,6,2026,12,4,24,12.0,16.857142857142858,13.7,3.371428571428572,17.07142857142857,0.0,STOCK SUFFICIENT
2026-06-12,S003,Ghaziabad,P008,Fitness Band,Wearables,Supplier B,2228.08,0.0,15,33421.2,215,98,5,False,6,2026,12,4,24,21.0,16.428571428571427,12.645,3.2857142857142856,15.930714285714284,0.0,STOCK SUFFICIENT
2026-06-12,S005,Jaipur,P013,Travel Adapter,Travel,Supplier A,1027.64,15.0,15,15414.600000000002,261,122,10,False,6,2026,12,4,24,15.0,18.142857142857142,19.77,3.6285714285714286,23.39857142857143,0.0,STOCK SUFFICIENT
2026-06-12,S002,Noida,P010,Yoga Mat,Sports,Supplier C,1433.15,10.0,18,25796.7,305,156,13,False,6,2026,12,4,24,22.0,25.857142857142858,25.08,5.171428571428572,30.25142857142857,0.0,STOCK SUFFICIENT
2026-06-12,S004,Lucknow,P015,Office Chair,Furniture,,8557.86,5.0,5,42789.3,81,39,2,False,6,2026,12,4,24,2.0,6.714285714285714,5.99,1.342857142857143,7.332857142857144,0.0,STOCK SUFFICIENT
2026-06-12,S003,Ghaziabad,P010,Yoga Mat,Sports,Supplier A,1456.41,0.0,15,21846.15,290,129,10,False,6,2026,12,4,24,14.0,17.142857142857142,17.065,3.428571428571429,20.49357142857143,0.0,STOCK SUFFICIENT
2026-06-12,S005,Jaipur,P006,Bluetooth Speaker,Electronics,Supplier A,2931.19,15.0,6,17587.14,86,68,3,False,6,2026,12,4,24,8.0,11.142857142857142,10.22,2.2285714285714286,12.44857142857143,0.0,STOCK SUFFICIENT
2026-06-12,S006,Chandigarh,P005,Power Bank,Electronics,Supplier C,1651.22,0.0,16,26419.52,181,128,14,False,6,2026,12,4,24,16.0,17.0,18.675,3.4000000000000004,22.075000000000003,0.0,STOCK SUFFICIENT
2026-06-12,S006,Chandigarh,P005,Power Bank,Electronics,Supplier C,1656.61,0.0,11,18222.71,304,128,2,False,6,2026,12,4,24,16.0,16.428571428571427,16.005,3.2857142857142856,19.290714285714284,0.0,STOCK SUFFICIENT
2026-06-12,S003,Ghaziabad,P002,Wireless Mouse,Accessories,Supplier B,839.65,10.0,37,31067.05,445,197,12,False,6,2026,12,4,24,21.0,27.142857142857142,29.135,5.428571428571429,34.56357142857143,0.0,STOCK SUFFICIENT
2026-06-12,S004,Lucknow,P015,Office Chair,Furniture,Supplier C,8146.46,0.0,7,57025.22,79,39,8,False,6,2026,12,4,24,5.0,6.428571428571429,5.27,1.2857142857142858,6.555714285714285,0.0,STOCK SUFFICIENT
2026-06-12,S001,Delhi,P006,Bluetooth Speaker,Electronics,Supplier D,2731.11,5.0,14,38235.54,226,100,13,False,6,2026,12,4,24,14.0,11.714285714285714,13.12,2.342857142857143,15.462857142857143,0.0,STOCK SUFFICIENT
2026-06-12,S001,Delhi,P007,Smart Watch,Wearables,Supplier B,4749.28,10.0,13,61740.64,154,90,3,False,6,2026,12,4,24,11.0,15.0,13.405,3.0,16.405,0.0,STOCK SUFFICIENT
2026-06-12,S002,Noida,P001,Laptop Bag,Accessories,Supplier B,1169.26,5.0,15,17538.9,222,165,10,False,6,2026,12,4,24,23.0,20.571428571428573,20.995,4.114285714285715,25.109285714285715,0.0,STOCK SUFFICIENT
2026-06-12,S001,Delhi,P014,Desk Lamp,Home,Supplier B,1298.25,10.0,22,28561.5,327,160,7,False,6,2026,12,4,24,27.0,25.571428571428573,23.775,5.114285714285715,28.889285714285712,0.0,STOCK SUFFICIENT
2026-06-12,S004,Lucknow,P003,Mechanical Keyboard,Accessories,Supplier D,2387.73,0.0,9,21489.57,146,86,5,False,6,2026,12,4,24,10.0,13.285714285714286,12.54,2.6571428571428575,15.197142857142858,0.0,STOCK SUFFICIENT
2026-06-12,S002,Noida,P015,Office Chair,Furniture,Supplier D,7832.91,10.0,10,78329.1,81,50,4,False,6,2026,12,4,24,9.0,6.428571428571429,7.73,1.2857142857142858,9.015714285714287,0.0,STOCK SUFFICIENT
2026-06-12,S003,Ghaziabad,P012,Backpack,Travel,Supplier D,2012.02,0.0,13,26156.26,116,114,9,False,6,2026,12,4,24,15.0,15.571428571428571,14.64,3.1142857142857143,17.754285714285714,0.0,STOCK SUFFICIENT
2026-06-13,S006,Chandigarh,P005,Power Bank,Electronics,Supplier B,1616.44,15.0,12,19397.28,329,128,8,False,6,2026,13,5,24,11.0,15.285714285714286,19.775,3.0571428571428574,22.832142857142856,0.0,STOCK SUFFICIENT
2026-06-13,S002,Noida,P013,Travel Adapter,Travel,Supplier C,1109.58,0.0,28,31068.239999999998,289,165,2,False,6,2026,13,5,24,23.0,27.714285714285715,24.57,5.542857142857144,30.112857142857145,0.0,STOCK SUFFICIENT
2026-06-13,S002,Noida,P013,Travel Adapter,Travel,Supplier D,1168.72,5.0,28,32724.16,332,165,13,False,6,2026,13,5,24,28.0,28.285714285714285,27.915,5.6571428571428575,33.57214285714286,0.0,STOCK SUFFICIENT
2026-06-13,S006,Chandigarh,P014,Desk Lamp,Home,Supplier B,1401.09,10.0,12,16813.079999999998,287,102,13,False,6,2026,13,5,24,16.0,15.857142857142858,14.835,3.1714285714285717,18.00642857142857,0.0,STOCK SUFFICIENT
2026-06-13,S003,Ghaziabad,P007,Smart Watch,Wearables,Supplier D,4741.42,10.0,15,71121.3,81,68,9,False,6,2026,13,5,24,4.0,10.142857142857142,10.13,2.0285714285714285,12.15857142857143,0.0,STOCK SUFFICIENT
2026-06-13,S005,Jaipur,P004,USB-C Hub,Electronics,Supplier B,1902.63,0.0,9,17123.670000000002,80,102,14,True,6,2026,13,5,24,18.0,14.142857142857142,14.945,2.8285714285714287,17.77357142857143,0.0,REORDER REQUIRED
2026-06-13,S006,Chandigarh,P008,Fitness Band,Wearables,Supplier C,2040.22,0.0,18,36723.96,102,83,8,False,6,2026,13,5,24,4.0,10.857142857142858,12.59,2.1714285714285717,14.76142857142857,0.0,STOCK SUFFICIENT
2026-06-13,S004,Lucknow,P015,Office Chair,Furniture,Supplier C,8660.62,5.0,8,69284.96,132,39,10,False,6,2026,13,5,24,7.0,6.714285714285714,5.765,1.342857142857143,7.107857142857142,0.0,STOCK SUFFICIENT
2026-06-13,S006,Chandigarh,P012,Backpack,Travel,Supplier C,1942.75,15.0,20,38855.0,170,96,4,False,6,2026,13,5,24,8.0,15.142857142857142,14.52,3.0285714285714285,17.548571428571428,0.0,STOCK SUFFICIENT
2026-06-14,S002,Noida,P004,USB-C Hub,Electronics,Supplier B,1818.9,0.0,18,32740.2,258,138,10,False,6,2026,14,6,24,31.0,21.857142857142858,20.955,4.371428571428572,25.326428571428572,0.0,STOCK SUFFICIENT
2026-06-14,S004,Lucknow,P010,Yoga Mat,Sports,Supplier C,1366.29,15.0,23,31424.67,111,122,6,True,6,2026,14,6,24,17.0,22.714285714285715,20.125,4.542857142857144,24.667857142857144,0.0,REORDER REQUIRED
2026-06-14,S003,Ghaziabad,P014,Desk Lamp,Home,Supplier D,1355.03,15.0,23,31165.69,234,121,12,False,6,2026,14,6,24,16.0,17.571428571428573,19.745,3.5142857142857147,23.259285714285717,0.0,STOCK SUFFICIENT
2026-06-14,S004,Lucknow,P007,Smart Watch,Wearables,Supplier B,4580.89,15.0,9,41228.01,150,64,5,False,6,2026,14,6,24,10.0,10.0,10.13,2.0,12.13,0.0,STOCK SUFFICIENT
2026-06-14,S005,Jaipur,P005,Power Bank,Electronics,Supplier A,1574.61,0.0,19,29917.589999999997,309,136,2,False,6,2026,14,6,24,18.0,21.285714285714285,21.815,4.257142857142857,26.072142857142858,0.0,STOCK SUFFICIENT
2026-06-14,S005,Jaipur,P005,Power Bank,Electronics,Supplier D,1482.7,0.0,17,25205.9,232,136,13,False,6,2026,14,6,24,19.0,20.714285714285715,22.13,4.142857142857143,26.27285714285714,0.0,STOCK SUFFICIENT
2026-06-14,S006,Chandigarh,P013,Travel Adapter,Travel,Supplier B,1043.68,0.0,13,13567.84,228,115,4,False,6,2026,14,6,24,13.0,18.0,15.965,3.6,19.565,0.0,STOCK SUFFICIENT
2026-06-14,S002,Noida,P005,Power Bank,Electronics,Supplier A,1514.98,15.0,35,53024.3,428,184,3,False,6,2026,14,6,24,29.0,28.714285714285715,36.925,5.742857142857144,42.667857142857144,0.0,STOCK SUFFICIENT
2026-06-14,S006,Chandigarh,P010,Yoga Mat,Sports,Supplier B,1456.57,10.0,15,21848.55,248,108,4,False,6,2026,14,6,24,15.0,15.857142857142858,13.615,3.1714285714285717,16.786428571428573,0.0,STOCK SUFFICIENT
2026-06-14,S001,Delhi,P007,Smart Watch,Wearables,Supplier D,4625.56,5.0,12,55506.72,243,90,11,False,6,2026,14,6,24,13.0,14.857142857142858,14.11,2.9714285714285715,17.08142857142857,0.0,STOCK SUFFICIENT
2026-06-14,S003,Ghaziabad,P005,Power Bank,Electronics,Supplier D,1612.59,0.0,21,33864.39,219,152,4,False,6,2026,14,6,24,24.0,19.714285714285715,23.65,3.942857142857143,27.59285714285714,0.0,STOCK SUFFICIENT
2026-06-14,S006,Chandigarh,P004,USB-C Hub,Electronics,Supplier C,1860.57,5.0,21,39071.97,285,96,4,False,6,2026,14,6,24,15.0,12.857142857142858,13.93,2.5714285714285716,16.501428571428573,0.0,STOCK SUFFICIENT
2026-06-14,S004,Lucknow,P015,Office Chair,Furniture,Supplier D,8286.89,0.0,4,33147.56,88,39,3,False,6,2026,14,6,24,8.0,6.571428571428571,5.825,1.3142857142857143,7.139285714285714,0.0,STOCK SUFFICIENT
2026-06-14,S004,Lucknow,P013,Travel Adapter,Travel,Supplier C,1135.92,10.0,20,22718.4,245,129,6,False,6,2026,14,6,24,10.0,20.714285714285715,22.555,4.142857142857143,26.697857142857142,0.0,STOCK SUFFICIENT
2026-06-14,S002,Noida,P012,Backpack,Travel,Supplier A,1915.94,0.0,29,55562.26,200,138,11,False,6,2026,14,6,24,25.0,21.857142857142858,18.975,4.371428571428572,23.346428571428575,0.0,STOCK SUFFICIENT
2026-06-14,S006,Chandigarh,P006,Bluetooth Speaker,Electronics,Supplier B,2877.97,0.0,5,14389.849999999999,106,64,10,False,6,2026,14,6,24,8.0,11.428571428571429,9.005,2.285714285714286,11.290714285714287,0.0,STOCK SUFFICIENT
2026-06-15,S003,Ghaziabad,P007,Smart Watch,Wearables,Supplier C,4218.03,15.0,11,46398.329999999994,81,68,9,False,6,2026,15,0,25,15.0,11.571428571428571,10.935,2.3142857142857145,13.249285714285715,0.0,STOCK SUFFICIENT
2026-06-15,S002,Noida,P015,Office Chair,Furniture,Supplier D,8339.46,15.0,6,50036.759999999995,103,50,6,False,6,2026,15,0,25,10.0,7.0,8.385,1.4000000000000001,9.785,0.0,STOCK SUFFICIENT
2026-06-15,S002,Noida,P006,Bluetooth Speaker,Electronics,Supplier C,2923.29,0.0,12,35079.479999999996,164,92,9,False,6,2026,15,0,25,12.0,12.857142857142858,12.345,2.5714285714285716,14.916428571428572,0.0,STOCK SUFFICIENT
2026-06-15,S002,Noida,P007,Smart Watch,Wearables,Supplier C,4710.7,5.0,11,51817.7,137,82,5,False,6,2026,15,0,25,12.0,13.428571428571429,11.28,2.685714285714286,13.965714285714284,0.0,STOCK SUFFICIENT
2026-06-15,S005,Jaipur,P012,Backpack,Travel,Supplier D,1863.96,10.0,15,27959.4,180,102,3,False,6,2026,15,0,25,13.0,11.714285714285714,12.995,2.342857142857143,15.337857142857143,0.0,STOCK SUFFICIENT
2026-06-15,S002,Noida,P013,Travel Adapter,Travel,Supplier C,1105.43,5.0,25,27635.75,241,165,8,False,6,2026,15,0,25,28.0,27.857142857142858,24.93,5.571428571428572,30.501428571428573,0.0,STOCK SUFFICIENT
2026-06-15,S004,Lucknow,P009,Running Shoes,Sports,Supplier D,3082.95,0.0,7,21580.649999999998,152,79,10,False,6,2026,15,0,25,12.0,10.285714285714286,9.85,2.0571428571428574,11.907142857142857,0.0,STOCK SUFFICIENT
2026-06-15,S004,Lucknow,P009,Running Shoes,Sports,Supplier D,3125.16,15.0,13,40627.08,180,79,3,False,6,2026,15,0,25,7.0,9.857142857142858,11.525,1.9714285714285715,13.496428571428572,0.0,STOCK SUFFICIENT
2026-06-15,S003,Ghaziabad,P015,Office Chair,Furniture,Supplier C,8138.37,10.0,3,24415.11,50,41,5,False,6,2026,15,0,25,4.0,5.428571428571429,5.695,1.0857142857142859,6.780714285714286,0.0,STOCK SUFFICIENT
2026-06-15,S004,Lucknow,P002,Wireless Mouse,Accessories,Supplier D,827.44,5.0,26,21513.440000000002,436,187,14,False,6,2026,15,0,25,33.0,28.714285714285715,27.15,5.742857142857144,32.89285714285714,0.0,STOCK SUFFICIENT
2026-06-15,S005,Jaipur,P006,Bluetooth Speaker,Electronics,Supplier A,2851.23,5.0,9,25661.07,117,68,5,False,6,2026,15,0,25,6.0,10.714285714285714,8.915,2.142857142857143,11.057857142857141,0.0,STOCK SUFFICIENT
2026-06-15,S001,Delhi,P006,Bluetooth Speaker,Electronics,Supplier D,2787.57,10.0,20,55751.4,198,100,4,False,6,2026,15,0,25,14.0,11.714285714285714,12.755,2.342857142857143,15.097857142857144,0.0,STOCK SUFFICIENT
2026-06-15,S002,Noida,P001,Laptop Bag,Accessories,Supplier C,1177.7,0.0,27,31797.9,318,165,14,False,6,2026,15,0,25,15.0,19.857142857142858,21.57,3.9714285714285715,25.541428571428572,0.0,STOCK SUFFICIENT
2026-06-15,S003,Ghaziabad,P001,Laptop Bag,Accessories,Supplier D,1227.02,5.0,15,18405.3,363,136,2,False,6,2026,15,0,25,22.0,23.285714285714285,18.68,4.6571428571428575,23.337142857142858,0.0,STOCK SUFFICIENT
2026-06-15,S002,Noida,P005,Power Bank,Electronics,Supplier D,1475.15,10.0,25,36878.75,353,184,14,False,6,2026,15,0,25,35.0,29.857142857142858,29.115,5.9714285714285715,35.08642857142857,0.0,STOCK SUFFICIENT
2026-06-15,S002,Noida,P008,Fitness Band,Wearables,Supplier C,2102.16,5.0,18,37838.88,147,119,12,False,6,2026,15,0,25,19.0,19.0,17.895,3.8000000000000003,21.695,0.0,STOCK SUFFICIENT
2026-06-15,S004,Lucknow,P004,USB-C Hub,Electronics,Supplier B,1701.05,0.0,14,23814.7,276,108,3,False,6,2026,15,0,25,14.0,15.428571428571429,13.185,3.085714285714286,16.270714285714288,0.0,STOCK SUFFICIENT
2026-06-15,S005,Jaipur,P015,Office Chair,Furniture,Supplier D,8375.73,15.0,6,50254.38,80,37,13,False,6,2026,15,0,25,8.0,7.0,4.825,1.4000000000000001,6.2250000000000005,0.0,STOCK SUFFICIENT
2026-06-16,S004,Lucknow,P004,USB-C Hub,Electronics,Supplier A,1730.63,10.0,11,19036.93,202,108,9,False,6,2026,16,1,25,14.0,15.571428571428571,14.63,3.1142857142857143,17.744285714285716,0.0,STOCK SUFFICIENT
2026-06-16,S002,Noida,P003,Mechanical Keyboard,Accessories,Supplier B,2374.06,0.0,10,23740.6,221,110,5,False,6,2026,16,1,25,20.0,16.428571428571427,15.125,3.2857142857142856,18.410714285714285,0.0,STOCK SUFFICIENT
2026-06-16,S003,Ghaziabad,P004,USB-C Hub,Electronics,Supplier D,1797.15,15.0,17,30551.550000000003,236,114,13,False,6,2026,16,1,25,16.0,18.285714285714285,18.415,3.657142857142857,22.072142857142858,0.0,STOCK SUFFICIENT
2026-06-16,S001,Delhi,P008,Fitness Band,Wearables,Supplier A,2161.32,15.0,20,43226.4,233,130,8,False,6,2026,16,1,25,16.0,19.714285714285715,19.79,3.942857142857143,23.732857142857142,0.0,STOCK SUFFICIENT
2026-06-16,S005,Jaipur,P015,Office Chair,Furniture,Supplier C,8517.23,15.0,6,51103.38,37,37,11,True,6,2026,16,1,25,6.0,6.571428571428571,4.105,1.3142857142857143,5.4192857142857145,0.0,REORDER REQUIRED
2026-06-16,S001,Delhi,P008,Fitness Band,Wearables,Supplier B,2283.43,0.0,17,38818.31,270,130,11,False,6,2026,16,1,25,20.0,20.285714285714285,17.395,4.057142857142857,21.452142857142857,0.0,STOCK SUFFICIENT
2026-06-16,S004,Lucknow,P008,Fitness Band,Wearables,Supplier B,2360.99,5.0,13,30692.869999999995,198,93,14,False,6,2026,16,1,25,15.0,11.857142857142858,11.42,2.3714285714285714,13.791428571428572,0.0,STOCK SUFFICIENT
2026-06-16,S004,Lucknow,P009,Running Shoes,Sports,Supplier C,3143.05,20.0,11,34573.55,113,79,10,False,6,2026,16,1,25,13.0,11.0,12.51,2.2,14.71,0.0,STOCK SUFFICIENT
2026-06-16,S006,Chandigarh,P008,Fitness Band,Wearables,Supplier B,2282.05,10.0,7,15974.350000000002,141,83,14,False,6,2026,16,1,25,18.0,12.428571428571429,12.62,2.4857142857142858,15.105714285714285,0.0,STOCK SUFFICIENT
2026-06-16,S003,Ghaziabad,P011,Water Bottle,Sports,Supplier C,678.32,15.0,25,16958.0,420,228,10,False,6,2026,16,1,25,36.0,36.57142857142857,35.49,7.314285714285714,42.80428571428572,0.0,STOCK SUFFICIENT
2026-06-16,S004,Lucknow,P007,Smart Watch,Wearables,Supplier C,4800.92,5.0,13,62411.96,108,64,3,False,6,2026,16,1,25,9.0,9.714285714285714,7.96,1.9428571428571428,9.902857142857142,0.0,STOCK SUFFICIENT
2026-06-16,S005,Jaipur,P008,Fitness Band,Wearables,Supplier D,2171.88,0.0,12,26062.56,237,88,11,False,6,2026,16,1,25,10.0,11.285714285714286,12.45,2.2571428571428576,14.707142857142857,0.0,STOCK SUFFICIENT
2026-06-16,S005,Jaipur,P008,Fitness Band,Wearables,Supplier A,2279.0,0.0,10,22790.0,153,88,10,False,6,2026,16,1,25,17.0,12.0,12.105,2.4000000000000004,14.505,0.0,STOCK SUFFICIENT
2026-06-17,S002,Noida,P009,Running Shoes,Sports,Supplier A,2993.85,10.0,16,47901.6,224,101,14,False,6,2026,17,2,25,10.0,15.0,15.105,3.0,18.105,0.0,STOCK SUFFICIENT
2026-06-17,S002,Noida,P014,Desk Lamp,Home,Supplier B,1291.93,0.0,19,24546.670000000002,317,147,11,False,6,2026,17,2,25,28.0,26.428571428571427,19.54,5.285714285714286,24.825714285714284,0.0,STOCK SUFFICIENT
2026-06-17,S003,Ghaziabad,P004,USB-C Hub,Electronics,Supplier C,1847.88,10.0,14,25870.32,294,114,6,False,6,2026,17,2,25,17.0,17.285714285714285,15.83,3.4571428571428573,19.287142857142857,0.0,STOCK SUFFICIENT
2026-06-17,S005,Jaipur,P003,Mechanical Keyboard,Accessories,Supplier A,2245.12,15.0,9,20206.079999999998,156,81,12,False,6,2026,17,2,25,14.0,13.0,12.335,2.6,14.935,0.0,STOCK SUFFICIENT
2026-06-17,S002,Noida,P007,Smart Watch,Wearables,Supplier C,4395.76,10.0,12,52749.12,160,82,5,False,6,2026,17,2,25,11.0,13.857142857142858,12.145,2.771428571428572,14.916428571428572,0.0,STOCK SUFFICIENT
2026-06-17,S002,Noida,P010,Yoga Mat,Sports,Supplier C,1295.64,10.0,27,34982.280000000006,272,156,8,False,6,2026,17,2,25,18.0,24.142857142857142,22.335,4.828571428571429,27.16357142857143,0.0,STOCK SUFFICIENT
2026-06-17,S001,Delhi,P001,Laptop Bag,Accessories,Supplier D,1107.63,0.0,23,25475.49,290,180,2,False,6,2026,17,2,25,29.0,26.285714285714285,25.235,5.257142857142857,30.492142857142856,0.0,STOCK SUFFICIENT
2026-06-17,S001,Delhi,P006,Bluetooth Speaker,Electronics,Supplier B,2725.6,0.0,15,40884.0,194,100,2,False,6,2026,17,2,25,20.0,12.857142857142858,13.095,2.5714285714285716,15.666428571428572,0.0,STOCK SUFFICIENT
2026-06-17,S002,Noida,P014,Desk Lamp,Home,Supplier A,1392.03,0.0,17,23664.51,250,147,14,False,6,2026,17,2,25,19.0,24.714285714285715,22.53,4.942857142857143,27.472857142857144,0.0,STOCK SUFFICIENT
2026-06-17,S005,Jaipur,P009,Running Shoes,Sports,Supplier B,3443.26,10.0,11,37875.86,69,74,2,True,6,2026,17,2,25,8.0,9.285714285714286,10.945,1.8571428571428574,12.802142857142858,0.0,REORDER REQUIRED
2026-06-17,S004,Lucknow,P013,Travel Adapter,Travel,Supplier B,1033.43,20.0,25,25835.75,224,129,6,False,6,2026,17,2,25,20.0,20.428571428571427,20.11,4.085714285714285,24.195714285714285,0.0,STOCK SUFFICIENT
2026-06-17,S006,Chandigarh,P008,Fitness Band,Wearables,Supplier B,2317.62,5.0,11,25493.82,128,83,3,False,6,2026,17,2,25,7.0,11.857142857142858,11.82,2.3714285714285714,14.191428571428572,0.0,STOCK SUFFICIENT
2026-06-17,S003,Ghaziabad,P007,Smart Watch,Wearables,Supplier D,4561.32,10.0,13,59297.159999999996,122,68,11,False,6,2026,17,2,25,11.0,11.428571428571429,9.615,2.285714285714286,11.900714285714287,0.0,STOCK SUFFICIENT
2026-06-17,S001,Delhi,P008,Fitness Band,Wearables,Supplier D,2133.6,5.0,23,49072.799999999996,145,130,8,False,6,2026,17,2,25,17.0,18.142857142857142,20.14,3.6285714285714286,23.76857142857143,0.0,STOCK SUFFICIENT
2026-06-18,S006,Chandigarh,P005,Power Bank,Electronics,Supplier C,1575.52,10.0,14,22057.28,196,128,12,False,6,2026,18,3,25,12.0,15.0,17.975,3.0,20.975,0.0,STOCK SUFFICIENT
2026-06-18,S002,Noida,P005,Power Bank,Electronics,Supplier B,1705.22,0.0,27,46040.94,421,184,11,False,6,2026,18,3,25,25.0,29.285714285714285,24.59,5.857142857142858,30.447142857142858,0.0,STOCK SUFFICIENT
2026-06-18,S001,Delhi,P006,Bluetooth Speaker,Electronics,Supplier C,2722.12,0.0,14,38109.68,146,100,12,False,6,2026,18,3,25,15.0,13.285714285714286,13.805,2.6571428571428575,16.462142857142858,0.0,STOCK SUFFICIENT
2026-06-18,S005,Jaipur,P002,Wireless Mouse,Accessories,Supplier D,810.51,5.0,21,17020.71,334,176,11,False,6,2026,18,3,25,19.0,26.714285714285715,26.62,5.342857142857143,31.962857142857146,0.0,STOCK SUFFICIENT
2026-06-18,S001,Delhi,P014,Desk Lamp,Home,Supplier D,1206.16,10.0,18,21710.88,255,160,13,False,6,2026,18,3,25,22.0,25.428571428571427,23.12,5.085714285714285,28.205714285714286,0.0,STOCK SUFFICIENT
2026-06-18,S004,Lucknow,P013,Travel Adapter,Travel,Supplier D,1054.02,0.0,14,14756.279999999999,294,129,12,False,6,2026,18,3,25,25.0,20.571428571428573,17.955,4.114285714285715,22.069285714285712,0.0,STOCK SUFFICIENT
2026-06-18,S001,Delhi,P006,Bluetooth Speaker,Electronics,Supplier A,2763.37,0.0,6,16580.22,172,100,7,False,6,2026,18,3,25,14.0,13.857142857142858,13.67,2.771428571428572,16.44142857142857,0.0,STOCK SUFFICIENT
2026-06-18,S006,Chandigarh,P013,Travel Adapter,Travel,Supplier A,1070.26,5.0,16,17124.16,158,115,12,False,6,2026,18,3,25,13.0,16.857142857142858,16.765,3.371428571428572,20.136428571428574,0.0,STOCK SUFFICIENT
2026-06-18,S003,Ghaziabad,P010,Yoga Mat,Sports,Supplier D,1407.13,5.0,14,19699.82,212,129,8,False,6,2026,18,3,25,15.0,16.714285714285715,19.04,3.3428571428571434,22.38285714285714,0.0,STOCK SUFFICIENT
2026-06-18,S002,Noida,P005,Power Bank,Electronics,Supplier A,1663.03,0.0,30,49890.9,394,184,5,False,6,2026,18,3,25,27.0,29.571428571428573,25.06,5.914285714285715,30.974285714285713,0.0,STOCK SUFFICIENT
2026-06-18,S003,Ghaziabad,P002,Wireless Mouse,Accessories,Supplier B,893.75,20.0,37,33068.75,278,197,10,False,6,2026,18,3,25,37.0,29.142857142857142,29.465,5.828571428571429,35.293571428571425,0.0,STOCK SUFFICIENT
2026-06-18,S004,Lucknow,P003,Mechanical Keyboard,Accessories,Supplier A,2290.35,5.0,6,13742.099999999999,209,86,10,False,6,2026,18,3,25,9.0,12.428571428571429,12.075,2.4857142857142858,14.560714285714285,0.0,STOCK SUFFICIENT
2026-06-18,S002,Noida,P013,Travel Adapter,Travel,Supplier D,1059.86,5.0,20,21197.199999999997,354,165,6,False,6,2026,18,3,25,25.0,27.857142857142858,26.39,5.571428571428572,31.961428571428574,0.0,STOCK SUFFICIENT
2026-06-19,S001,Delhi,P006,Bluetooth Speaker,Electronics,Supplier B,3011.97,10.0,25,75299.25,201,100,11,False,6,2026,19,4,25,6.0,13.714285714285714,14.93,2.742857142857143,17.672857142857143,0.0,STOCK SUFFICIENT
2026-06-19,S001,Delhi,P003,Mechanical Keyboard,Accessories,Supplier A,2429.78,20.0,18,43736.04,217,120,11,False,6,2026,19,4,25,26.0,22.285714285714285,20.58,4.457142857142857,25.037142857142854,0.0,STOCK SUFFICIENT
2026-06-19,S006,Chandigarh,P007,Smart Watch,Wearables,Supplier B,4390.97,5.0,3,13172.91,114,57,9,False,6,2026,19,4,25,6.0,10.285714285714286,8.175,2.0571428571428574,10.232142857142858,0.0,STOCK SUFFICIENT
2026-06-19,S006,Chandigarh,P010,Yoga Mat,Sports,Supplier A,1292.63,10.0,20,25852.600000000002,207,108,8,False,6,2026,19,4,25,15.0,15.571428571428571,14.075,3.1142857142857143,17.189285714285713,0.0,STOCK SUFFICIENT
2026-06-19,S005,Jaipur,P001,Laptop Bag,Accessories,Supplier D,1146.31,5.0,15,17194.649999999998,197,122,6,False,6,2026,19,4,25,21.0,20.142857142857142,17.065,4.0285714285714285,21.09357142857143,0.0,STOCK SUFFICIENT
2026-06-19,S006,Chandigarh,P004,USB-C Hub,Electronics,Supplier B,1829.19,0.0,16,29267.04,205,96,6,False,6,2026,19,4,25,21.0,13.142857142857142,11.735,2.6285714285714286,14.363571428571428,0.0,STOCK SUFFICIENT
2026-06-19,S002,Noida,P006,Bluetooth Speaker,Electronics,Supplier C,2649.33,20.0,13,34441.29,147,92,14,False,6,2026,19,4,25,12.0,12.714285714285714,12.985,2.5428571428571427,15.527857142857142,0.0,STOCK SUFFICIENT
2026-06-19,S002,Noida,P015,Office Chair,Furniture,Supplier C,8632.28,10.0,5,43161.4,73,50,12,False,6,2026,19,4,25,6.0,6.571428571428571,7.6,1.3142857142857143,8.914285714285715,0.0,STOCK SUFFICIENT
2026-06-19,S001,Delhi,P011,Water Bottle,Sports,Supplier B,697.97,20.0,54,37690.380000000005,640,300,9,False,6,2026,19,4,25,49.0,46.57142857142857,46.3,9.314285714285715,55.614285714285714,0.0,STOCK SUFFICIENT
2026-06-19,S004,Lucknow,P007,Smart Watch,Wearables,Supplier B,4561.76,0.0,10,45617.600000000006,30,64,11,True,6,2026,19,4,25,13.0,10.142857142857142,7.765,2.0285714285714285,9.793571428571429,0.0,REORDER REQUIRED
2026-06-19,S001,Delhi,P007,Smart Watch,Wearables,Supplier D,4494.79,0.0,10,44947.9,155,90,10,False,6,2026,19,4,25,12.0,14.714285714285714,12.055,2.942857142857143,14.997857142857143,0.0,STOCK SUFFICIENT
2026-06-19,S006,Chandigarh,P002,Wireless Mouse,Accessories,Supplier A,871.22,0.0,26,22651.72,398,166,8,False,6,2026,19,4,25,24.0,23.428571428571427,23.59,4.685714285714286,28.275714285714287,0.0,STOCK SUFFICIENT
2026-06-19,S005,Jaipur,P010,Yoga Mat,Sports,Supplier A,1376.61,10.0,11,15142.71,341,115,2,False,6,2026,19,4,25,14.0,18.714285714285715,16.955,3.7428571428571433,20.697857142857142,0.0,STOCK SUFFICIENT
2026-06-19,S006,Chandigarh,P008,Fitness Band,Wearables,Supplier B,2205.43,20.0,17,37492.31,117,83,3,False,6,2026,19,4,25,11.0,11.571428571428571,13.02,2.3142857142857145,15.334285714285715,0.0,STOCK SUFFICIENT
2026-06-19,S004,Lucknow,P002,Wireless Mouse,Accessories,Supplier B,862.58,0.0,21,18114.18,376,187,6,False,6,2026,19,4,25,26.0,28.285714285714285,25.14,5.6571428571428575,30.79714285714286,0.0,STOCK SUFFICIENT
2026-06-19,S004,Lucknow,P006,Bluetooth Speaker,Electronics,Supplier C,2938.92,0.0,11,32328.120000000003,106,72,5,False,6,2026,19,4,25,10.0,11.714285714285714,9.93,2.342857142857143,12.272857142857143,0.0,STOCK SUFFICIENT
2026-06-19,S005,Jaipur,P010,Yoga Mat,Sports,Supplier C,1442.49,5.0,14,20194.86,196,115,12,False,6,2026,19,4,25,10.0,18.857142857142858,17.395,3.771428571428572,21.166428571428572,0.0,STOCK SUFFICIENT
2026-06-20,S003,Ghaziabad,P013,Travel Adapter,Travel,Supplier B,1065.27,15.0,18,19174.86,322,136,14,False,6,2026,20,5,25,16.0,20.142857142857142,21.28,4.0285714285714285,25.30857142857143,0.0,STOCK SUFFICIENT
2026-06-20,S002,Noida,P014,Desk Lamp,Home,Supplier B,1254.67,10.0,16,20074.72,359,147,11,False,6,2026,20,5,25,17.0,23.857142857142858,22.06,4.771428571428571,26.83142857142857,0.0,STOCK SUFFICIENT
2026-06-20,S001,Delhi,P007,Smart Watch,Wearables,Supplier B,4339.23,5.0,10,43392.299999999996,189,90,6,False,6,2026,20,5,25,10.0,14.0,14.585,2.8000000000000003,17.385,0.0,STOCK SUFFICIENT
2026-06-20,S003,Ghaziabad,P002,Wireless Mouse,Accessories,Supplier A,815.92,10.0,34,27741.28,354,197,5,False,6,2026,20,5,25,37.0,27.857142857142858,32.33,5.571428571428572,37.90142857142857,0.0,STOCK SUFFICIENT
2026-06-20,S006,Chandigarh,P014,Desk Lamp,Home,Supplier C,1253.35,10.0,12,15040.199999999999,231,102,10,False,6,2026,20,5,25,12.0,15.142857142857142,15.21,3.0285714285714285,18.23857142857143,0.0,STOCK SUFFICIENT
2026-06-20,S004,Lucknow,P007,Smart Watch,Wearables,Supplier A,4851.61,5.0,16,77625.76,167,64,4,False,6,2026,20,5,25,10.0,9.714285714285714,9.495,1.9428571428571428,11.437857142857142,0.0,STOCK SUFFICIENT
2026-06-20,S003,Ghaziabad,P006,Bluetooth Speaker,Electronics,Supplier D,2963.11,5.0,12,35557.32,201,76,7,False,6,2026,20,5,25,12.0,12.428571428571429,14.35,2.4857142857142858,16.835714285714285,0.0,STOCK SUFFICIENT
2026-06-20,S005,Jaipur,P014,Desk Lamp,Home,Supplier B,1325.37,5.0,19,25182.03,186,108,4,False,6,2026,20,5,25,11.0,13.285714285714286,15.375,2.6571428571428575,18.03214285714286,0.0,STOCK SUFFICIENT
2026-06-20,S006,Chandigarh,P015,Office Chair,Furniture,Supplier C,8986.83,0.0,6,53920.979999999996,43,35,2,False,6,2026,20,5,25,11.0,4.571428571428571,5.745,0.9142857142857143,6.659285714285715,0.0,STOCK SUFFICIENT
2026-06-20,S004,Lucknow,P012,Backpack,Travel,Supplier C,1885.12,0.0,16,30161.92,202,108,11,False,6,2026,20,5,25,20.0,18.0,14.4,3.6,18.0,0.0,STOCK SUFFICIENT
2026-06-20,S005,Jaipur,P006,Bluetooth Speaker,Electronics,Supplier B,2644.03,15.0,11,29084.33,121,68,4,False,6,2026,20,5,25,9.0,9.857142857142858,8.88,1.9714285714285715,10.851428571428572,0.0,STOCK SUFFICIENT
2026-06-20,S006,Chandigarh,P013,Travel Adapter,Travel,Supplier A,1082.58,0.0,12,12990.96,183,115,6,False,6,2026,20,5,25,12.0,15.0,15.755,3.0,18.755000000000003,0.0,STOCK SUFFICIENT
2026-06-20,S006,Chandigarh,P013,Travel Adapter,Travel,Supplier D,1028.09,0.0,12,12337.079999999998,269,115,14,False,6,2026,20,5,25,16.0,16.285714285714285,15.055,3.257142857142857,18.312142857142856,0.0,STOCK SUFFICIENT
2026-06-20,S001,Delhi,P011,Water Bottle,Sports,Supplier C,708.66,20.0,67,47480.22,561,300,7,False,6,2026,20,5,25,54.0,49.714285714285715,47.585,9.942857142857143,57.527857142857144,0.0,STOCK SUFFICIENT
2026-06-20,S006,Chandigarh,P004,USB-C Hub,Electronics,Supplier A,1846.89,10.0,17,31397.13,171,96,10,False,6,2026,20,5,25,16.0,14.571428571428571,14.535,2.9142857142857146,17.449285714285715,0.0,STOCK SUFFICIENT
2026-06-20,S004,Lucknow,P009,Running Shoes,Sports,Supplier D,3249.74,10.0,18,58495.31999999999,175,79,11,False,6,2026,20,5,25,11.0,11.285714285714286,12.34,2.2571428571428576,14.597142857142858,0.0,STOCK SUFFICIENT
2026-06-21,S006,Chandigarh,P008,Fitness Band,Wearables,Supplier D,2165.44,0.0,5,10827.2,122,83,11,False,6,2026,21,6,25,17.0,11.714285714285714,12.875,2.342857142857143,15.217857142857143,0.0,STOCK SUFFICIENT
2026-06-21,S002,Noida,P001,Laptop Bag,Accessories,Supplier C,1196.78,0.0,15,17951.7,313,165,13,False,6,2026,21,6,25,27.0,21.0,22.505,4.2,26.705,0.0,STOCK SUFFICIENT
2026-06-21,S003,Ghaziabad,P014,Desk Lamp,Home,Supplier B,1212.49,5.0,18,21824.82,116,121,2,True,6,2026,21,6,25,23.0,17.571428571428573,16.96,3.5142857142857147,20.474285714285717,0.0,REORDER REQUIRED
2026-06-21,S001,Delhi,P004,USB-C Hub,Electronics,Supplier C,1679.06,0.0,26,43655.56,266,150,13,False,6,2026,21,6,25,12.0,23.571428571428573,23.455,4.714285714285714,28.169285714285714,0.0,STOCK SUFFICIENT
2026-06-21,S001,Delhi,P013,Travel Adapter,Travel,Supplier C,1158.82,5.0,33,38241.06,272,180,9,False,6,2026,21,6,25,24.0,26.857142857142858,26.0,5.371428571428572,31.371428571428574,0.0,STOCK SUFFICIENT
2026-06-21,S001,Delhi,P012,Backpack,Travel,Supplier A,1960.86,10.0,23,45099.78,269,150,9,False,6,2026,21,6,25,19.0,18.142857142857142,21.425,3.6285714285714286,25.05357142857143,0.0,STOCK SUFFICIENT
2026-06-21,S003,Ghaziabad,P007,Smart Watch,Wearables,Supplier D,4374.59,0.0,9,39371.31,134,68,10,False,6,2026,21,6,25,13.0,11.714285714285714,9.895,2.342857142857143,12.237857142857143,0.0,STOCK SUFFICIENT
2026-06-21,S004,Lucknow,P013,Travel Adapter,Travel,Supplier D,1072.67,0.0,19,20380.730000000003,235,129,7,False,6,2026,21,6,25,14.0,18.714285714285715,19.26,3.7428571428571433,23.002857142857145,0.0,STOCK SUFFICIENT
2026-06-21,S006,Chandigarh,P003,Mechanical Keyboard,Accessories,Supplier C,2461.57,0.0,12,29538.840000000004,102,76,8,False,6,2026,21,6,25,13.0,14.0,11.955,2.8000000000000003,14.755,0.0,STOCK SUFFICIENT
2026-06-21,S001,Delhi,P008,Fitness Band,Wearables,Supplier B,2316.48,0.0,20,46329.6,222,130,5,False,6,2026,21,6,25,23.0,19.0,18.63,3.8000000000000003,22.43,0.0,STOCK SUFFICIENT
2026-06-21,S005,Jaipur,P009,Running Shoes,Sports,Supplier B,3087.18,5.0,17,52482.06,180,74,6,False,6,2026,21,6,25,11.0,9.857142857142858,13.055,1.9714285714285715,15.026428571428571,0.0,STOCK SUFFICIENT
2026-06-21,S004,Lucknow,P005,Power Bank,Electronics,Supplier B,1564.58,10.0,22,34420.759999999995,254,144,11,False,6,2026,21,6,25,21.0,23.0,23.845,4.6000000000000005,28.445,0.0,STOCK SUFFICIENT
2026-06-21,S003,Ghaziabad,P013,Travel Adapter,Travel,Supplier D,1079.3,0.0,22,23744.6,186,136,7,False,6,2026,21,6,25,18.0,19.428571428571427,19.98,3.8857142857142857,23.865714285714287,0.0,STOCK SUFFICIENT
2026-06-21,S003,Ghaziabad,P012,Backpack,Travel,Supplier D,1781.62,20.0,14,24942.68,258,114,13,False,6,2026,21,6,25,13.0,15.0,18.245,3.0,21.245,0.0,STOCK SUFFICIENT
2026-06-21,S006,Chandigarh,P015,Office Chair,Furniture,Supplier D,8251.33,5.0,2,16502.66,33,35,11,True,6,2026,21,6,25,6.0,4.714285714285714,4.675,0.942857142857143,5.617857142857143,0.0,REORDER REQUIRED
2026-06-21,S004,Lucknow,P001,Laptop Bag,Accessories,Supplier C,1255.91,0.0,21,26374.11,224,129,2,False,6,2026,21,6,25,26.0,22.571428571428573,18.52,4.514285714285715,23.034285714285716,0.0,STOCK SUFFICIENT
2026-06-21,S006,Chandigarh,P006,Bluetooth Speaker,Electronics,Supplier D,2626.49,10.0,11,28891.39,124,64,11,False,6,2026,21,6,25,5.0,9.714285714285714,9.115,1.9428571428571428,11.057857142857143,0.0,STOCK SUFFICIENT
2026-06-21,S006,Chandigarh,P001,Laptop Bag,Accessories,Supplier B,1125.13,10.0,26,29253.380000000005,199,115,8,False,6,2026,21,6,25,21.0,19.571428571428573,17.535,3.9142857142857146,21.449285714285715,0.0,STOCK SUFFICIENT
2026-06-21,S004,Lucknow,P012,Backpack,Travel,Supplier A,1877.69,0.0,16,30043.04,169,108,12,False,6,2026,21,6,25,16.0,16.857142857142858,13.745,3.371428571428572,17.11642857142857,0.0,STOCK SUFFICIENT
2026-06-21,S005,Jaipur,P014,Desk Lamp,Home,Supplier A,1347.5,15.0,14,18865.0,74,108,13,True,6,2026,21,6,25,19.0,14.142857142857142,17.485,2.8285714285714287,20.31357142857143,0.0,REORDER REQUIRED
2026-06-21,S003,Ghaziabad,P006,Bluetooth Speaker,Electronics,Supplier C,2722.91,5.0,15,40843.649999999994,152,76,6,False,6,2026,21,6,25,12.0,12.142857142857142,12.77,2.428571428571429,15.198571428571428,0.0,STOCK SUFFICIENT
2026-06-22,S005,Jaipur,P002,Wireless Mouse,Accessories,Supplier B,871.15,15.0,21,18294.149999999998,338,176,2,False,6,2026,22,0,26,21.0,25.857142857142858,25.945,5.171428571428572,31.11642857142857,0.0,STOCK SUFFICIENT
2026-06-22,S005,Jaipur,P011,Water Bottle,Sports,Supplier D,650.39,0.0,31,20162.09,551,204,14,False,6,2026,22,0,26,22.0,31.142857142857142,29.955,6.228571428571429,36.183571428571426,0.0,STOCK SUFFICIENT
2026-06-22,S003,Ghaziabad,P004,USB-C Hub,Electronics,Supplier D,1681.05,0.0,22,36983.1,240,114,13,False,6,2026,22,0,26,14.0,16.571428571428573,15.01,3.314285714285715,18.324285714285715,0.0,STOCK SUFFICIENT
2026-06-22,S004,Lucknow,P006,Bluetooth Speaker,Electronics,Supplier C,2930.86,0.0,9,26377.74,100,72,6,False,6,2026,22,0,26,11.0,11.857142857142858,9.57,2.3714285714285714,11.941428571428572,0.0,STOCK SUFFICIENT
2026-06-22,S001,Delhi,P015,Office Chair,Furniture,Supplier C,7933.55,0.0,9,71401.95,114,55,14,False,6,2026,22,0,26,11.0,8.285714285714286,7.16,1.6571428571428575,8.817142857142859,0.0,STOCK SUFFICIENT
2026-06-22,S003,Ghaziabad,P012,Backpack,Travel,Supplier A,1992.78,15.0,14,27898.92,145,114,11,False,6,2026,22,0,26,14.0,14.285714285714286,17.17,2.8571428571428577,20.02714285714286,0.0,STOCK SUFFICIENT
2026-06-22,S006,Chandigarh,P002,Wireless Mouse,Accessories,Supplier B,888.54,0.0,25,22213.5,285,166,8,False,6,2026,22,0,26,26.0,23.714285714285715,20.925,4.742857142857143,25.667857142857144,0.0,STOCK SUFFICIENT
2026-06-22,S006,Chandigarh,P014,Desk Lamp,Home,Supplier C,1212.1,5.0,10,12121.0,201,102,14,False,6,2026,22,0,26,12.0,14.714285714285714,13.095,2.942857142857143,16.037857142857142,0.0,STOCK SUFFICIENT
2026-06-22,S002,Noida,P008,Fitness Band,Wearables,Supplier D,2110.76,15.0,19,40104.44,238,119,11,False,6,2026,22,0,26,18.0,19.285714285714285,18.885,3.857142857142857,22.74214285714286,0.0,STOCK SUFFICIENT
2026-06-22,S003,Ghaziabad,P002,Wireless Mouse,Accessories,Supplier A,804.7,0.0,32,25750.4,440,197,2,False,6,2026,22,0,26,34.0,28.571428571428573,26.88,5.714285714285715,32.59428571428572,0.0,STOCK SUFFICIENT
2026-06-22,S006,Chandigarh,P006,Bluetooth Speaker,Electronics,Supplier D,2663.41,0.0,12,31960.92,103,64,13,False,6,2026,22,0,26,11.0,10.428571428571429,8.765,2.085714285714286,10.850714285714286,0.0,STOCK SUFFICIENT
2026-06-22,S005,Jaipur,P004,USB-C Hub,Electronics,Supplier D,1876.0,10.0,12,22512.0,170,102,6,False,6,2026,22,0,26,9.0,14.0,14.455,2.8000000000000003,17.255,0.0,STOCK SUFFICIENT
2026-06-22,S003,Ghaziabad,P003,Mechanical Keyboard,Accessories,Supplier C,2493.58,5.0,19,47378.02,223,91,7,False,6,2026,22,0,26,8.0,11.857142857142858,11.87,2.3714285714285714,14.241428571428571,0.0,STOCK SUFFICIENT
2026-06-22,S001,Delhi,P010,Yoga Mat,Sports,Supplier C,1464.41,5.0,14,20501.74,286,170,8,False,6,2026,22,0,26,33.0,25.857142857142858,26.37,5.171428571428572,31.541428571428572,0.0,STOCK SUFFICIENT
2026-06-22,S003,Ghaziabad,P003,Mechanical Keyboard,Accessories,Supplier A,2210.82,0.0,8,17686.56,147,91,4,False,6,2026,22,0,26,9.0,13.857142857142858,11.97,2.771428571428572,14.741428571428573,0.0,STOCK SUFFICIENT
2026-06-22,S002,Noida,P002,Wireless Mouse,Accessories,Supplier C,887.11,0.0,25,22177.75,310,239,4,False,6,2026,22,0,26,38.0,36.57142857142857,31.895,7.314285714285714,39.20928571428571,0.0,STOCK SUFFICIENT
2026-06-22,S003,Ghaziabad,P013,Travel Adapter,Travel,Supplier B,1054.93,10.0,25,26373.25,309,136,10,False,6,2026,22,0,26,22.0,19.571428571428573,20.38,3.9142857142857146,24.294285714285714,0.0,STOCK SUFFICIENT
2026-06-22,S004,Lucknow,P015,Office Chair,Furniture,Supplier C,9029.44,0.0,2,18058.88,56,39,5,False,6,2026,22,0,26,4.0,6.0,6.27,1.2000000000000002,7.47,0.0,STOCK SUFFICIENT
2026-06-22,S001,Delhi,P010,Yoga Mat,Sports,Supplier B,1413.02,0.0,23,32499.46,306,170,8,False,6,2026,22,0,26,14.0,25.142857142857142,23.75,5.0285714285714285,28.77857142857143,0.0,STOCK SUFFICIENT
2026-06-22,S002,Noida,P006,Bluetooth Speaker,Electronics,Supplier B,2784.77,0.0,9,25062.93,158,92,5,False,6,2026,22,0,26,13.0,12.857142857142858,12.21,2.5714285714285716,14.781428571428572,0.0,STOCK SUFFICIENT
2026-06-23,S006,Chandigarh,P004,USB-C Hub,Electronics,Supplier B,1856.14,5.0,19,35266.66,166,96,5,False,6,2026,23,1,26,12.0,15.285714285714286,12.79,3.0571428571428574,15.847142857142856,0.0,STOCK SUFFICIENT
2026-06-23,S004,Lucknow,P008,Fitness Band,Wearables,Supplier C,2218.61,0.0,9,19967.49,148,93,13,False,6,2026,23,1,26,13.0,12.0,11.635,2.4000000000000004,14.035,0.0,STOCK SUFFICIENT
2026-06-23,S006,Chandigarh,P004,USB-C Hub,Electronics,Supplier A,1842.79,5.0,12,22113.48,281,96,5,False,6,2026,23,1,26,17.0,15.571428571428571,12.395,3.1142857142857143,15.509285714285713,0.0,STOCK SUFFICIENT
2026-06-23,S002,Noida,P003,Mechanical Keyboard,Accessories,Supplier C,2252.36,0.0,10,22523.600000000002,263,110,7,False,6,2026,23,1,26,10.0,15.571428571428571,15.41,3.1142857142857143,18.524285714285714,0.0,STOCK SUFFICIENT
2026-06-23,S006,Chandigarh,P007,Smart Watch,Wearables,Supplier B,4586.97,5.0,8,36695.76,141,57,8,False,6,2026,23,1,26,3.0,8.857142857142858,8.83,1.7714285714285716,10.601428571428572,0.0,STOCK SUFFICIENT
2026-06-23,S005,Jaipur,P009,Running Shoes,Sports,Supplier C,3179.41,5.0,13,41332.33,117,74,14,False,6,2026,23,1,26,17.0,10.571428571428571,10.0,2.1142857142857143,12.114285714285714,0.0,STOCK SUFFICIENT
2026-06-23,S004,Lucknow,P002,Wireless Mouse,Accessories,Supplier C,815.69,10.0,26,21207.940000000002,468,187,7,False,6,2026,23,1,26,21.0,26.857142857142858,28.625,5.371428571428572,33.996428571428574,0.0,STOCK SUFFICIENT
2026-06-23,S003,Ghaziabad,P010,Yoga Mat,Sports,Supplier D,1385.83,15.0,24,33259.92,217,129,4,False,6,2026,23,1,26,14.0,15.714285714285714,17.925,3.142857142857143,21.067857142857143,0.0,STOCK SUFFICIENT
2026-06-23,S003,Ghaziabad,P015,Office Chair,Furniture,Supplier B,8908.06,0.0,7,62356.42,76,41,8,False,6,2026,23,1,26,3.0,5.142857142857143,5.24,1.0285714285714287,6.268571428571429,0.0,STOCK SUFFICIENT
2026-06-23,S006,Chandigarh,P013,Travel Adapter,Travel,Supplier B,1088.64,5.0,20,21772.800000000003,165,115,3,False,6,2026,23,1,26,12.0,15.0,17.105,3.0,20.105,0.0,STOCK SUFFICIENT
2026-06-23,S005,Jaipur,P012,Backpack,Travel,Supplier D,1990.32,10.0,13,25874.16,95,102,9,True,6,2026,23,1,26,15.0,12.714285714285714,16.525,2.5428571428571427,19.067857142857143,0.0,REORDER REQUIRED
2026-06-23,S006,Chandigarh,P011,Water Bottle,Sports,Supplier B,729.86,5.0,15,10947.9,355,192,10,False,6,2026,23,1,26,31.0,29.571428571428573,27.3,5.914285714285715,33.214285714285715,0.0,STOCK SUFFICIENT
2026-06-23,S002,Noida,P013,Travel Adapter,Travel,Supplier B,1036.35,0.0,16,16581.6,276,165,6,False,6,2026,23,1,26,20.0,25.857142857142858,22.19,5.171428571428572,27.361428571428572,0.0,STOCK SUFFICIENT
2026-06-23,S004,Lucknow,P014,Desk Lamp,Home,Supplier D,1364.28,5.0,7,9549.96,225,115,11,False,6,2026,23,1,26,16.0,17.571428571428573,16.9,3.5142857142857147,20.414285714285715,0.0,STOCK SUFFICIENT
2026-06-23,S004,Lucknow,P003,Mechanical Keyboard,Accessories,Supplier C,2369.88,10.0,14,33178.32,231,86,5,False,6,2026,23,1,26,6.0,11.857142857142858,12.965,2.3714285714285714,15.336428571428572,0.0,STOCK SUFFICIENT
2026-06-23,S003,Ghaziabad,P003,Mechanical Keyboard,Accessories,Supplier D,2426.2,5.0,9,21835.8,178,91,5,False,6,2026,23,1,26,19.0,13.285714285714286,11.945,2.6571428571428575,14.602142857142859,0.0,STOCK SUFFICIENT
2026-06-23,S005,Jaipur,P008,Fitness Band,Wearables,Supplier C,2165.09,5.0,6,12990.54,80,88,7,True,6,2026,23,1,26,12.0,12.0,13.7,2.4000000000000004,16.1,0.0,REORDER REQUIRED
2026-06-24,S002,Noida,P011,Water Bottle,Sports,Supplier B,662.72,10.0,44,29159.68,530,276,10,False,6,2026,24,2,26,44.0,41.857142857142854,42.91,8.371428571428572,51.28142857142857,0.0,STOCK SUFFICIENT
2026-06-24,S002,Noida,P010,Yoga Mat,Sports,Supplier A,1398.1,5.0,14,19573.399999999998,312,156,4,False,6,2026,24,2,26,27.0,25.571428571428573,23.9,5.114285714285715,29.014285714285712,0.0,STOCK SUFFICIENT
2026-06-24,S004,Lucknow,P001,Laptop Bag,Accessories,Supplier A,1222.76,0.0,18,22009.68,169,129,3,False,6,2026,24,2,26,21.0,22.142857142857142,18.285,4.428571428571429,22.713571428571427,0.0,STOCK SUFFICIENT
2026-06-24,S002,Noida,P013,Travel Adapter,Travel,Supplier D,1047.44,5.0,27,28280.88,226,165,10,False,6,2026,24,2,26,16.0,24.142857142857142,21.51,4.828571428571429,26.33857142857143,0.0,STOCK SUFFICIENT
2026-06-24,S004,Lucknow,P015,Office Chair,Furniture,Supplier A,8946.28,0.0,2,17892.56,67,39,9,False,6,2026,24,2,26,2.0,4.714285714285714,5.2,0.942857142857143,6.142857142857143,0.0,STOCK SUFFICIENT
2026-06-24,S006,Chandigarh,P007,Smart Watch,Wearables,Supplier C,4584.14,10.0,10,45841.4,61,57,7,False,6,2026,24,2,26,8.0,8.714285714285714,8.345,1.7428571428571429,10.087857142857143,0.0,STOCK SUFFICIENT
2026-06-24,S006,Chandigarh,P001,Laptop Bag,Accessories,Supplier B,1128.97,10.0,15,16934.55,286,115,9,False,6,2026,24,2,26,20.0,21.142857142857142,17.005,4.228571428571429,21.233571428571427,0.0,STOCK SUFFICIENT
2026-06-24,S003,Ghaziabad,P002,Wireless Mouse,Accessories,Supplier A,802.24,5.0,36,28880.64,470,197,6,False,6,2026,24,2,26,32.0,29.428571428571427,27.075,5.885714285714286,32.96071428571429,0.0,STOCK SUFFICIENT
2026-06-24,S006,Chandigarh,P001,Laptop Bag,Accessories,Supplier D,1185.18,0.0,20,23703.600000000002,92,115,12,True,6,2026,24,2,26,26.0,19.428571428571427,16.36,3.8857142857142857,20.245714285714286,0.0,REORDER REQUIRED
2026-06-25,S003,Ghaziabad,P010,Yoga Mat,Sports,Supplier A,1401.92,15.0,13,18224.96,171,129,12,False,6,2026,25,3,26,24.0,17.0,18.37,3.4000000000000004,21.770000000000003,0.0,STOCK SUFFICIENT
2026-06-25,S001,Delhi,P004,USB-C Hub,Electronics,Supplier B,1846.63,5.0,19,35085.97,241,150,14,False,6,2026,25,3,26,26.0,23.285714285714285,21.79,4.6571428571428575,26.447142857142858,0.0,STOCK SUFFICIENT
2026-06-25,S006,Chandigarh,P001,Laptop Bag,Accessories,Supplier A,1251.99,5.0,16,20031.84,216,115,5,False,6,2026,25,3,26,15.0,20.714285714285715,16.665,4.142857142857143,20.80785714285714,0.0,STOCK SUFFICIENT
2026-06-25,S001,Delhi,P004,USB-C Hub,Electronics,Supplier C,1921.4,5.0,21,40349.4,299,150,7,False,6,2026,25,3,26,19.0,23.0,20.745,4.6000000000000005,25.345000000000002,0.0,STOCK SUFFICIENT
2026-06-25,S005,Jaipur,P003,Mechanical Keyboard,Accessories,Supplier A,2373.17,10.0,17,40343.89,121,81,7,False,6,2026,25,3,26,9.0,12.571428571428571,13.685,2.5142857142857142,16.199285714285715,0.0,STOCK SUFFICIENT
2026-06-25,S001,Delhi,P003,Mechanical Keyboard,Accessories,Supplier A,2374.28,10.0,15,35614.200000000004,311,120,9,False,6,2026,25,3,26,18.0,21.142857142857142,18.33,4.228571428571429,22.558571428571426,0.0,STOCK SUFFICIENT
2026-06-25,S004,Lucknow,P009,Running Shoes,Sports,Supplier A,3395.55,5.0,12,40746.600000000006,102,79,12,False,6,2026,25,3,26,18.0,12.428571428571429,10.645,2.4857142857142858,13.130714285714285,0.0,STOCK SUFFICIENT
2026-06-25,S002,Noida,P009,Running Shoes,Sports,Supplier A,3160.64,20.0,16,50570.24,188,101,7,False,6,2026,25,3,26,16.0,15.857142857142858,14.105,3.1714285714285717,17.27642857142857,0.0,STOCK SUFFICIENT
2026-06-25,S003,Ghaziabad,P009,Running Shoes,Sports,Supplier A,3175.04,0.0,5,15875.2,162,83,2,False,6,2026,25,3,26,7.0,13.0,10.94,2.6,13.54,0.0,STOCK SUFFICIENT
2026-06-25,S005,Jaipur,P008,Fitness Band,Wearables,Supplier A,2215.78,10.0,21,46531.380000000005,213,88,13,False,6,2026,25,3,26,6.0,11.428571428571429,12.98,2.285714285714286,15.265714285714287,0.0,STOCK SUFFICIENT
2026-06-26,S005,Jaipur,P003,Mechanical Keyboard,Accessories,Supplier C,2211.22,5.0,19,42013.17999999999,186,81,10,False,6,2026,26,4,26,17.0,13.0,12.455,2.6,15.055,0.0,STOCK SUFFICIENT
2026-06-26,S006,Chandigarh,P003,Mechanical Keyboard,Accessories,Supplier C,2380.48,0.0,9,21424.32,186,76,9,False,6,2026,26,4,26,12.0,13.285714285714286,11.135,2.6571428571428575,13.792142857142856,0.0,STOCK SUFFICIENT
2026-06-26,S003,Ghaziabad,P013,Travel Adapter,Travel,Supplier B,1016.98,10.0,19,19322.62,383,136,7,False,6,2026,26,4,26,25.0,20.714285714285715,19.005,4.142857142857143,23.14785714285714,0.0,STOCK SUFFICIENT
2026-06-26,S005,Jaipur,P015,Office Chair,Furniture,Supplier C,8320.7,0.0,3,24962.100000000002,37,37,12,True,6,2026,26,4,26,6.0,5.857142857142857,3.98,1.1714285714285715,5.151428571428571,0.0,REORDER REQUIRED
2026-06-26,S002,Noida,P014,Desk Lamp,Home,Supplier D,1366.46,0.0,13,17763.98,216,147,14,False,6,2026,26,4,26,16.0,22.571428571428573,23.285,4.514285714285715,27.799285714285716,0.0,STOCK SUFFICIENT
2026-06-26,S002,Noida,P010,Yoga Mat,Sports,Supplier A,1398.31,20.0,20,27966.199999999997,280,156,7,False,6,2026,26,4,26,17.0,22.285714285714285,24.885,4.457142857142857,29.34214285714286,0.0,STOCK SUFFICIENT
2026-06-26,S002,Noida,P010,Yoga Mat,Sports,Supplier B,1459.44,0.0,17,24810.48,369,156,3,False,6,2026,26,4,26,14.0,23.428571428571427,21.755,4.685714285714286,26.440714285714286,0.0,STOCK SUFFICIENT
2026-06-26,S002,Noida,P007,Smart Watch,Wearables,Supplier D,4429.27,0.0,11,48721.97,181,82,8,False,6,2026,26,4,26,12.0,13.0,10.425,2.6,13.025,0.0,STOCK SUFFICIENT
2026-06-26,S003,Ghaziabad,P008,Fitness Band,Wearables,Supplier A,2132.9,0.0,7,14930.300000000001,242,98,14,False,6,2026,26,4,26,15.0,16.142857142857142,11.34,3.2285714285714286,14.568571428571428,0.0,STOCK SUFFICIENT
2026-06-26,S004,Lucknow,P001,Laptop Bag,Accessories,Supplier A,1257.25,5.0,15,18858.75,202,129,3,False,6,2026,26,4,26,18.0,21.571428571428573,18.56,4.314285714285715,22.874285714285712,0.0,STOCK SUFFICIENT
2026-06-26,S003,Ghaziabad,P012,Backpack,Travel,Supplier A,1886.73,0.0,19,35847.87,245,114,7,False,6,2026,26,4,26,14.0,14.285714285714286,15.175,2.8571428571428577,18.03214285714286,0.0,STOCK SUFFICIENT
2026-06-26,S001,Delhi,P014,Desk Lamp,Home,Supplier A,1248.05,5.0,16,19968.8,398,160,9,False,6,2026,26,4,26,18.0,25.0,22.59,5.0,27.59,0.0,STOCK SUFFICIENT
2026-06-26,S005,Jaipur,P013,Travel Adapter,Travel,Supplier A,1116.13,0.0,10,11161.300000000001,220,122,2,False,6,2026,26,4,26,15.0,17.571428571428573,16.0,3.5142857142857147,19.514285714285716,0.0,STOCK SUFFICIENT
2026-06-26,S004,Lucknow,P013,Travel Adapter,Travel,Supplier D,1132.48,0.0,20,22649.6,204,129,8,False,6,2026,26,4,26,19.0,18.571428571428573,18.115,3.714285714285715,21.829285714285714,0.0,STOCK SUFFICIENT
2026-06-26,S002,Noida,P006,Bluetooth Speaker,Electronics,Supplier A,2667.36,5.0,8,21338.88,203,92,9,False,6,2026,26,4,26,9.0,12.857142857142858,12.21,2.5714285714285716,14.781428571428572,0.0,STOCK SUFFICIENT
2026-06-27,S002,Noida,P003,Mechanical Keyboard,Accessories,Supplier C,2299.64,5.0,24,55191.36,68,110,3,True,6,2026,27,5,26,10.0,14.571428571428571,16.54,2.9142857142857146,19.454285714285714,0.0,REORDER REQUIRED
2026-06-27,S001,Delhi,P005,Power Bank,Electronics,Supplier A,1574.38,15.0,27,42508.26,341,200,14,False,6,2026,27,5,26,21.0,30.285714285714285,32.615,6.057142857142857,38.67214285714286,0.0,STOCK SUFFICIENT
2026-06-27,S001,Delhi,P009,Running Shoes,Sports,Supplier A,3384.68,15.0,16,54154.88,180,110,11,False,6,2026,27,5,26,13.0,15.571428571428571,18.055,3.1142857142857143,21.169285714285714,0.0,STOCK SUFFICIENT
2026-06-27,S004,Lucknow,P001,Laptop Bag,Accessories,Supplier C,1189.59,15.0,21,24981.39,205,129,6,False,6,2026,27,5,26,15.0,19.714285714285715,22.305,3.942857142857143,26.247857142857143,0.0,STOCK SUFFICIENT
2026-06-27,S004,Lucknow,P005,Power Bank,Electronics,Supplier C,1726.48,20.0,26,44888.48,251,144,10,False,6,2026,27,5,26,22.0,22.428571428571427,25.08,4.485714285714286,29.565714285714286,0.0,STOCK SUFFICIENT
2026-06-27,S005,Jaipur,P003,Mechanical Keyboard,Accessories,Supplier C,2560.66,0.0,15,38409.899999999994,131,81,3,False,6,2026,27,5,26,19.0,13.428571428571429,12.635,2.685714285714286,15.320714285714285,0.0,STOCK SUFFICIENT
2026-06-27,S005,Jaipur,P015,Office Chair,Furniture,Supplier A,7922.09,15.0,9,71298.81,36,37,14,True,6,2026,27,5,26,3.0,5.285714285714286,6.71,1.0571428571428572,7.767142857142857,0.0,REORDER REQUIRED
2026-06-27,S006,Chandigarh,P002,Wireless Mouse,Accessories,Supplier D,900.05,5.0,17,15300.849999999999,230,166,14,False,6,2026,27,5,26,25.0,22.857142857142858,24.565,4.571428571428572,29.136428571428574,0.0,STOCK SUFFICIENT
2026-06-27,S005,Jaipur,P014,Desk Lamp,Home,Supplier D,1310.72,5.0,21,27525.12,244,108,14,False,6,2026,27,5,26,14.0,14.142857142857142,15.95,2.8285714285714287,18.77857142857143,0.0,STOCK SUFFICIENT
2026-06-27,S005,Jaipur,P013,Travel Adapter,Travel,Supplier C,1143.32,0.0,20,22866.399999999998,198,122,2,False,6,2026,27,5,26,10.0,16.142857142857142,16.115,3.2285714285714286,19.343571428571426,0.0,STOCK SUFFICIENT
2026-06-27,S002,Noida,P008,Fitness Band,Wearables,Supplier D,2259.07,5.0,20,45181.4,219,119,8,False,6,2026,27,5,26,19.0,18.571428571428573,17.73,3.714285714285715,21.444285714285716,0.0,STOCK SUFFICIENT
2026-06-27,S003,Ghaziabad,P002,Wireless Mouse,Accessories,Supplier D,853.32,10.0,40,34132.8,426,197,11,False,6,2026,27,5,26,36.0,31.714285714285715,31.295,6.342857142857143,37.63785714285714,0.0,STOCK SUFFICIENT
2026-06-27,S003,Ghaziabad,P001,Laptop Bag,Accessories,Supplier B,1134.55,10.0,25,28363.75,193,136,14,False,6,2026,27,5,26,15.0,22.428571428571427,21.2,4.485714285714286,25.685714285714283,0.0,STOCK SUFFICIENT
2026-06-27,S003,Ghaziabad,P003,Mechanical Keyboard,Accessories,Supplier A,2543.93,0.0,4,10175.72,203,91,6,False,6,2026,27,5,26,9.0,12.285714285714286,13.235,2.4571428571428573,15.692142857142857,0.0,STOCK SUFFICIENT
2026-06-27,S004,Lucknow,P012,Backpack,Travel,Supplier B,2046.14,5.0,12,24553.68,162,108,14,False,6,2026,27,5,26,16.0,16.571428571428573,15.18,3.314285714285715,18.494285714285716,0.0,STOCK SUFFICIENT
2026-06-27,S001,Delhi,P008,Fitness Band,Wearables,Supplier C,2333.19,0.0,11,25665.09,238,130,13,False,6,2026,27,5,26,20.0,19.142857142857142,18.94,3.8285714285714287,22.76857142857143,0.0,STOCK SUFFICIENT
2026-06-28,S006,Chandigarh,P003,Mechanical Keyboard,Accessories,Supplier C,2356.72,15.0,11,25923.92,158,76,13,False,6,2026,28,6,26,9.0,13.285714285714286,12.165,2.6571428571428575,14.822142857142858,0.0,STOCK SUFFICIENT
2026-06-28,S002,Noida,P005,Power Bank,Electronics,Supplier D,1623.59,5.0,28,45460.52,437,184,12,False,6,2026,28,6,26,30.0,29.857142857142858,32.865,5.9714285714285715,38.83642857142857,0.0,STOCK SUFFICIENT
2026-06-28,S003,Ghaziabad,P003,Mechanical Keyboard,Accessories,Supplier A,2558.75,5.0,16,40940.0,207,91,7,False,6,2026,28,6,26,4.0,11.142857142857142,13.895,2.2285714285714286,16.123571428571427,0.0,STOCK SUFFICIENT
2026-06-28,S004,Lucknow,P008,Fitness Band,Wearables,Supplier D,2204.24,0.0,13,28655.119999999995,132,93,5,False,6,2026,28,6,26,9.0,11.571428571428571,12.595,2.3142857142857145,14.909285714285716,0.0,STOCK SUFFICIENT
2026-06-28,S002,Noida,P008,Fitness Band,Wearables,Supplier B,2254.97,5.0,18,40589.46,259,119,9,False,6,2026,28,6,26,20.0,19.142857142857142,17.9,3.8285714285714287,21.728571428571428,0.0,STOCK SUFFICIENT
2026-06-28,S004,Lucknow,P007,Smart Watch,Wearables,Supplier C,4423.34,0.0,7,30963.38,64,64,11,True,6,2026,28,6,26,16.0,10.714285714285714,9.705,2.142857142857143,11.847857142857142,0.0,REORDER REQUIRED
2026-06-28,S004,Lucknow,P003,Mechanical Keyboard,Accessories,Supplier D,2414.26,10.0,12,28971.120000000003,91,86,11,False,6,2026,28,6,26,14.0,12.142857142857142,14.165,2.428571428571429,16.59357142857143,0.0,STOCK SUFFICIENT
2026-06-28,S006,Chandigarh,P002,Wireless Mouse,Accessories,Supplier D,801.6,10.0,24,19238.4,174,166,9,False,6,2026,28,6,26,17.0,23.142857142857142,25.235,4.628571428571429,29.86357142857143,0.0,STOCK SUFFICIENT
2026-06-28,S006,Chandigarh,P009,Running Shoes,Sports,Supplier D,2982.6,0.0,11,32808.6,128,70,12,False,6,2026,28,6,26,7.0,9.0,10.865,1.8,12.665000000000001,0.0,STOCK SUFFICIENT
2026-06-28,S003,Ghaziabad,P014,Desk Lamp,Home,Supplier B,1379.99,10.0,27,37259.73,179,121,11,False,6,2026,28,6,26,18.0,18.857142857142858,18.675,3.771428571428572,22.446428571428573,0.0,STOCK SUFFICIENT
2026-06-28,S006,Chandigarh,P006,Bluetooth Speaker,Electronics,Supplier A,2645.75,15.0,14,37040.5,152,64,9,False,6,2026,28,6,26,12.0,10.285714285714286,9.13,2.0571428571428574,11.187142857142858,0.0,STOCK SUFFICIENT
2026-06-28,S002,Noida,P012,Backpack,Travel,Supplier D,1779.37,0.0,18,32028.659999999996,292,138,2,False,6,2026,28,6,26,29.0,23.0,20.42,4.6000000000000005,25.020000000000003,0.0,STOCK SUFFICIENT
2026-06-28,S006,Chandigarh,P005,Power Bank,Electronics,Supplier A,1520.82,0.0,21,31937.219999999998,217,128,13,False,6,2026,28,6,26,14.0,14.714285714285714,17.085,2.942857142857143,20.027857142857144,0.0,STOCK SUFFICIENT
2026-06-28,S001,Delhi,P003,Mechanical Keyboard,Accessories,Supplier D,2450.68,10.0,16,39210.88,283,120,13,False,6,2026,28,6,26,15.0,20.285714285714285,19.68,4.057142857142857,23.737142857142857,0.0,STOCK SUFFICIENT
2026-06-28,S003,Ghaziabad,P013,Travel Adapter,Travel,Supplier D,1015.03,10.0,32,32480.96,204,136,12,False,6,2026,28,6,26,19.0,20.857142857142858,21.35,4.171428571428572,25.521428571428572,0.0,STOCK SUFFICIENT
2026-06-28,S001,Delhi,P011,Water Bottle,Sports,Supplier B,727.02,10.0,43,31261.86,594,300,12,False,6,2026,28,6,26,67.0,51.857142857142854,49.385,10.371428571428572,59.75642857142857,0.0,STOCK SUFFICIENT
2026-06-28,S004,Lucknow,P009,Running Shoes,Sports,Supplier D,3227.31,0.0,11,35500.409999999996,150,79,12,False,6,2026,28,6,26,12.0,12.285714285714286,10.91,2.4571428571428573,13.367142857142857,0.0,STOCK SUFFICIENT
2026-06-28,S001,Delhi,P005,Power Bank,Electronics,Supplier D,1558.91,15.0,36,56120.76,381,200,13,False,6,2026,28,6,26,27.0,30.857142857142858,33.9,6.171428571428572,40.07142857142857,0.0,STOCK SUFFICIENT
2026-06-29,S003,Ghaziabad,P009,Running Shoes,Sports,Supplier A,3212.47,15.0,9,28912.23,164,83,13,False,6,2026,29,0,27,5.0,11.714285714285714,12.105,2.342857142857143,14.447857142857144,0.0,STOCK SUFFICIENT
2026-06-29,S006,Chandigarh,P008,Fitness Band,Wearables,Supplier C,2127.58,15.0,13,27658.54,217,83,8,False,6,2026,29,0,27,5.0,10.571428571428571,13.315,2.1142857142857143,15.429285714285713,0.0,STOCK SUFFICIENT
2026-06-29,S004,Lucknow,P010,Yoga Mat,Sports,Supplier B,1290.48,5.0,19,24519.12,135,122,9,False,6,2026,29,0,27,23.0,22.714285714285715,17.46,4.542857142857144,22.002857142857145,0.0,STOCK SUFFICIENT
2026-06-29,S005,Jaipur,P002,Wireless Mouse,Accessories,Supplier D,863.85,0.0,26,22460.100000000002,207,176,11,False,6,2026,29,0,27,21.0,23.428571428571427,21.845,4.685714285714286,26.530714285714286,0.0,STOCK SUFFICIENT
2026-06-29,S003,Ghaziabad,P011,Water Bottle,Sports,Supplier C,677.25,5.0,33,22349.25,615,228,13,False,6,2026,29,0,27,25.0,36.285714285714285,33.55,7.257142857142857,40.80714285714286,0.0,STOCK SUFFICIENT
2026-06-29,S004,Lucknow,P003,Mechanical Keyboard,Accessories,Supplier A,2580.25,0.0,10,25802.5,133,86,7,False,6,2026,29,0,27,12.0,12.142857142857142,12.28,2.428571428571429,14.708571428571428,0.0,STOCK SUFFICIENT
2026-06-29,S002,Noida,P001,Laptop Bag,Accessories,Supplier B,1152.11,0.0,27,31106.969999999998,414,165,7,False,6,2026,29,0,27,15.0,19.714285714285715,20.895,3.942857142857143,24.837857142857143,0.0,STOCK SUFFICIENT
2026-06-29,S006,Chandigarh,P002,Wireless Mouse,Accessories,Supplier A,914.74,0.0,25,22868.5,342,166,13,False,6,2026,29,0,27,24.0,22.571428571428573,23.275,4.514285714285715,27.789285714285715,0.0,STOCK SUFFICIENT
2026-06-29,S003,Ghaziabad,P014,Desk Lamp,Home,Supplier B,1311.42,15.0,16,20982.72,212,121,2,False,6,2026,29,0,27,27.0,19.285714285714285,18.82,3.857142857142857,22.677142857142858,0.0,STOCK SUFFICIENT
2026-06-29,S006,Chandigarh,P011,Water Bottle,Sports,Supplier B,671.03,,33,22143.989999999998,278,192,10,False,6,2026,29,0,27,15.0,27.428571428571427,27.235,5.485714285714286,32.72071428571429,0.0,STOCK SUFFICIENT
2026-06-29,S002,Noida,P011,Water Bottle,Sports,Supplier C,664.09,5.0,44,29219.960000000003,504,276,6,False,6,2026,29,0,27,44.0,42.142857142857146,39.905,8.428571428571429,48.33357142857143,0.0,STOCK SUFFICIENT
2026-06-30,S003,Ghaziabad,P009,Running Shoes,Sports,Supplier D,3430.09,0.0,13,44591.17,133,83,5,False,6,2026,30,1,27,9.0,11.428571428571429,11.335,2.285714285714286,13.620714285714287,0.0,STOCK SUFFICIENT
2026-06-30,S004,Lucknow,P015,Office Chair,Furniture,Supplier A,7970.74,10.0,6,47824.44,72,39,6,False,6,2026,30,1,27,2.0,4.285714285714286,5.56,0.8571428571428572,6.417142857142856,0.0,STOCK SUFFICIENT
2026-06-30,S003,Ghaziabad,P001,Laptop Bag,Accessories,Supplier B,1116.31,0.0,25,27907.75,227,136,12,False,6,2026,30,1,27,25.0,23.0,17.945,4.6000000000000005,22.545,0.0,STOCK SUFFICIENT
2026-06-30,S003,Ghaziabad,P002,Wireless Mouse,Accessories,Supplier C,802.2,15.0,39,31285.800000000003,490,197,12,False,6,2026,30,1,27,40.0,33.857142857142854,29.625,6.771428571428571,36.39642857142857,0.0,STOCK SUFFICIENT
2026-06-30,S006,Chandigarh,P012,Backpack,Travel,Supplier A,1758.4,0.0,14,24617.600000000002,197,96,12,False,6,2026,30,1,27,20.0,14.714285714285714,11.335,2.942857142857143,14.277857142857144,0.0,STOCK SUFFICIENT
2026-06-30,S003,Ghaziabad,P012,Backpack,Travel,Supplier B,2003.02,5.0,9,18027.18,214,114,13,False,6,2026,30,1,27,19.0,14.857142857142858,14.615,2.9714285714285715,17.58642857142857,0.0,STOCK SUFFICIENT
2026-06-30,S001,Delhi,P009,Running Shoes,Sports,Supplier B,3037.09,10.0,18,54667.62,260,110,6,False,6,2026,30,1,27,16.0,16.714285714285715,16.12,3.3428571428571434,19.462857142857146,0.0,STOCK SUFFICIENT
2026-06-30,S001,Delhi,P002,Wireless Mouse,Accessories,Supplier A,917.24,15.0,31,28434.44,441,260,14,False,6,2026,30,1,27,39.0,39.857142857142854,41.63,7.9714285714285715,49.60142857142857,0.0,STOCK SUFFICIENT
2026-06-30,S004,Lucknow,P010,Yoga Mat,Sports,Supplier A,1391.46,10.0,20,27829.2,183,122,9,False,6,2026,30,1,27,19.0,21.428571428571427,19.635,4.285714285714286,23.920714285714286,0.0,STOCK SUFFICIENT
2026-06-30,S004,Lucknow,P005,Power Bank,Electronics,Supplier D,1595.59,0.0,16,25529.44,265,144,2,False,6,2026,30,1,27,26.0,23.571428571428573,20.305,4.714285714285714,25.019285714285715,0.0,STOCK SUFFICIENT
2026-07-01,S002,Noida,P003,Mechanical Keyboard,Accessories,Supplier C,2294.68,0.0,12,27536.159999999996,236,110,3,False,7,2026,1,2,27,24.0,15.857142857142858,14.035,3.1714285714285717,17.20642857142857,0.0,STOCK SUFFICIENT
2026-07-01,S002,Noida,P002,Wireless Mouse,Accessories,Supplier C,793.13,10.0,28,22207.64,347,239,7,False,7,2026,1,2,27,25.0,34.142857142857146,31.455,6.828571428571429,38.28357142857143,0.0,STOCK SUFFICIENT
2026-07-01,S001,Delhi,P004,USB-C Hub,Electronics,Supplier D,1770.76,5.0,15,26561.4,265,150,11,False,7,2026,1,2,27,21.0,22.857142857142858,18.68,4.571428571428572,23.251428571428573,0.0,STOCK SUFFICIENT
2026-07-01,S005,Jaipur,P009,Running Shoes,Sports,Supplier D,3170.34,5.0,12,38044.08,75,74,2,False,7,2026,1,2,27,13.0,11.142857142857142,9.745,2.2285714285714286,11.973571428571429,0.0,STOCK SUFFICIENT
2026-07-01,S005,Jaipur,P002,Wireless Mouse,Accessories,Supplier A,842.7,10.0,25,21067.5,298,176,7,False,7,2026,1,2,27,26.0,23.428571428571427,22.2,4.685714285714286,26.885714285714286,0.0,STOCK SUFFICIENT
2026-07-01,S002,Noida,P009,Running Shoes,Sports,Supplier D,3402.91,0.0,10,34029.1,227,101,10,False,7,2026,1,2,27,16.0,15.714285714285714,12.075,3.142857142857143,15.217857142857142,0.0,STOCK SUFFICIENT
2026-07-01,S003,Ghaziabad,P006,Bluetooth Speaker,Electronics,Supplier C,2863.09,15.0,8,22904.72,154,76,5,False,7,2026,1,2,27,15.0,13.285714285714286,11.015,2.6571428571428575,13.672142857142859,0.0,STOCK SUFFICIENT
2026-07-01,S005,Jaipur,P010,Yoga Mat,Sports,Supplier B,1414.59,0.0,11,15560.49,347,115,5,False,7,2026,1,2,27,11.0,16.857142857142858,16.22,3.371428571428572,19.591428571428573,0.0,STOCK SUFFICIENT
2026-07-01,S002,Noida,P005,Power Bank,Electronics,Supplier D,1649.68,10.0,25,41242.0,472,184,11,False,7,2026,1,2,27,28.0,29.0,24.24,5.800000000000001,30.04,0.0,STOCK SUFFICIENT
2026-07-01,S004,Lucknow,P005,Power Bank,Electronics,Supplier C,1643.14,0.0,11,18074.54,214,144,4,False,7,2026,1,2,27,16.0,21.571428571428573,17.435,4.314285714285715,21.749285714285712,0.0,STOCK SUFFICIENT
2026-07-01,S004,Lucknow,P006,Bluetooth Speaker,Electronics,Supplier B,2601.2,10.0,9,23410.8,204,72,14,False,7,2026,1,2,27,9.0,11.571428571428571,9.755,2.3142857142857145,12.069285714285716,0.0,STOCK SUFFICIENT
2026-07-01,S001,Delhi,P011,Water Bottle,Sports,Supplier B,679.18,10.0,36,24450.48,569,300,11,False,7,2026,1,2,27,43.0,52.57142857142857,43.745,10.514285714285714,54.25928571428571,0.0,STOCK SUFFICIENT
2026-07-02,S001,Delhi,P003,Mechanical Keyboard,Accessories,Supplier B,2591.87,0.0,18,46653.659999999996,186,120,4,False,7,2026,2,3,27,16.0,18.571428571428573,14.605,3.714285714285715,18.319285714285716,0.0,STOCK SUFFICIENT
2026-07-02,S004,Lucknow,P004,USB-C Hub,Electronics,Supplier D,1885.69,0.0,17,32056.73,258,108,8,False,7,2026,2,3,27,11.0,15.142857142857142,11.345,3.0285714285714285,14.373571428571429,0.0,STOCK SUFFICIENT
2026-07-02,S005,Jaipur,P004,USB-C Hub,Electronics,Supplier D,1816.64,0.0,11,19983.04,121,102,4,False,7,2026,2,3,27,12.0,13.285714285714286,13.295,2.6571428571428575,15.952142857142857,0.0,STOCK SUFFICIENT
2026-07-02,S004,Lucknow,P007,Smart Watch,Wearables,Supplier B,4379.09,15.0,15,65686.35,122,64,2,False,7,2026,2,3,27,7.0,10.428571428571429,9.615,2.085714285714286,11.700714285714286,0.0,STOCK SUFFICIENT
2026-07-02,S002,Noida,P008,Fitness Band,Wearables,Supplier C,2183.24,0.0,16,34931.84,228,119,5,False,7,2026,2,3,27,18.0,18.571428571428573,15.46,3.714285714285715,19.174285714285716,0.0,STOCK SUFFICIENT
2026-07-02,S006,Chandigarh,P006,Bluetooth Speaker,Electronics,Supplier D,2617.0,10.0,8,20936.0,81,64,11,False,7,2026,2,3,27,14.0,10.571428571428571,8.14,2.1142857142857143,10.254285714285714,0.0,STOCK SUFFICIENT
2026-07-02,S006,Chandigarh,P004,USB-C Hub,Electronics,Supplier B,1692.68,0.0,15,25390.2,290,96,12,False,7,2026,2,3,27,19.0,16.142857142857142,11.655,3.2285714285714286,14.883571428571429,0.0,STOCK SUFFICIENT
2026-07-02,S002,Noida,P006,Bluetooth Speaker,Electronics,Supplier B,2904.41,15.0,11,31948.51,144,92,4,False,7,2026,2,3,27,8.0,11.714285714285714,12.1,2.342857142857143,14.442857142857143,0.0,STOCK SUFFICIENT
2026-07-02,S005,Jaipur,P013,Travel Adapter,Travel,Supplier C,1086.76,0.0,11,11954.36,182,122,12,False,7,2026,2,3,27,20.0,17.0,16.255,3.4000000000000004,19.655,0.0,STOCK SUFFICIENT
2026-07-02,S006,Chandigarh,P002,Wireless Mouse,Accessories,Supplier B,849.09,10.0,20,16981.8,406,166,13,False,7,2026,2,3,27,25.0,22.857142857142858,24.27,4.571428571428572,28.841428571428573,0.0,STOCK SUFFICIENT
2026-07-02,S001,Delhi,P012,Backpack,Travel,Supplier A,1824.08,5.0,25,45602.0,338,150,3,False,7,2026,2,3,27,23.0,18.857142857142858,20.135,3.771428571428572,23.906428571428574,0.0,STOCK SUFFICIENT
2026-07-02,S001,Delhi,P011,Water Bottle,Sports,Supplier A,718.18,0.0,36,25854.48,508,300,13,False,7,2026,2,3,27,44.0,48.57142857142857,40.055,9.714285714285715,49.769285714285715,0.0,STOCK SUFFICIENT
2026-07-02,S001,Delhi,P011,Water Bottle,Sports,Supplier C,702.16,5.0,44,30895.039999999997,634,300,12,False,7,2026,2,3,27,36.0,50.714285714285715,41.125,10.142857142857144,51.267857142857146,0.0,STOCK SUFFICIENT
2026-07-02,S006,Chandigarh,P015,Office Chair,Furniture,Supplier A,8225.21,10.0,5,41126.049999999996,40,35,8,False,7,2026,2,3,27,2.0,4.714285714285714,4.665,0.942857142857143,5.607857142857143,0.0,STOCK SUFFICIENT
2026-07-02,S002,Noida,P007,Smart Watch,Wearables,Supplier A,4589.93,10.0,9,41309.37,152,82,3,False,7,2026,2,3,27,11.0,13.285714285714286,10.055,2.6571428571428575,12.712142857142858,0.0,STOCK SUFFICIENT
2026-07-02,S005,Jaipur,P011,Water Bottle,Sports,Supplier B,753.43,5.0,27,20342.609999999997,407,204,11,False,7,2026,2,3,27,31.0,30.857142857142858,28.285,6.171428571428572,34.456428571428575,0.0,STOCK SUFFICIENT
2026-07-02,S005,Jaipur,P005,Power Bank,Electronics,Supplier B,1476.26,0.0,18,26572.68,246,136,14,False,7,2026,2,3,27,17.0,18.857142857142858,16.53,3.771428571428572,20.301428571428573,0.0,STOCK SUFFICIENT
2026-07-03,S003,Ghaziabad,P001,Laptop Bag,Accessories,Supplier B,1288.75,0.0,16,20620.0,357,136,7,False,7,2026,3,4,27,25.0,24.0,17.725,4.800000000000001,22.525000000000002,0.0,STOCK SUFFICIENT
2026-07-03,S001,Delhi,P004,USB-C Hub,Electronics,Supplier C,1872.02,5.0,17,31824.34,314,150,12,False,7,2026,3,4,27,15.0,21.428571428571427,19.285,4.285714285714286,23.570714285714285,0.0,STOCK SUFFICIENT
2026-07-03,S004,Lucknow,P015,Office Chair,Furniture,Supplier B,7957.53,0.0,7,55702.71,77,39,2,False,7,2026,3,4,27,6.0,4.857142857142857,4.565,0.9714285714285714,5.536428571428572,0.0,STOCK SUFFICIENT
2026-07-03,S002,Noida,P003,Mechanical Keyboard,Accessories,Supplier A,2402.28,0.0,14,33631.920000000006,192,110,6,False,7,2026,3,4,27,12.0,15.857142857142858,14.795,3.1714285714285717,17.966428571428573,0.0,STOCK SUFFICIENT
2026-07-03,S006,Chandigarh,P015,Office Chair,Furniture,Supplier D,8369.12,0.0,7,58583.840000000004,50,35,5,False,7,2026,3,4,27,5.0,4.571428571428571,4.185,0.9142857142857143,5.099285714285714,0.0,STOCK SUFFICIENT
2026-07-03,S006,Chandigarh,P008,Fitness Band,Wearables,Supplier D,2111.44,0.0,7,14780.08,111,83,11,False,7,2026,3,4,27,13.0,10.714285714285714,9.81,2.142857142857143,11.952857142857143,0.0,STOCK SUFFICIENT
2026-07-03,S005,Jaipur,P005,Power Bank,Electronics,Supplier B,1686.52,10.0,17,28670.84,296,136,3,False,7,2026,3,4,27,18.0,18.714285714285715,18.11,3.7428571428571433,21.852857142857143,0.0,STOCK SUFFICIENT
2026-07-03,S002,Noida,P015,Office Chair,Furniture,Supplier C,8551.95,0.0,3,25655.850000000002,93,50,2,False,7,2026,3,4,27,5.0,7.0,6.02,1.4000000000000001,7.42,0.0,STOCK SUFFICIENT
2026-07-03,S005,Jaipur,P003,Mechanical Keyboard,Accessories,Supplier D,2531.3,0.0,9,22781.7,174,81,11,False,7,2026,3,4,27,15.0,14.0,10.835,2.8000000000000003,13.635000000000002,0.0,STOCK SUFFICIENT
2026-07-03,S001,Delhi,P003,Mechanical Keyboard,Accessories,Supplier A,2486.44,0.0,17,42269.48,257,120,13,False,7,2026,3,4,27,18.0,19.428571428571427,16.62,3.8857142857142857,20.505714285714287,0.0,STOCK SUFFICIENT
2026-07-03,S002,Noida,P014,Desk Lamp,Home,Supplier D,1384.47,0.0,12,16613.64,238,147,5,False,7,2026,3,4,27,13.0,20.571428571428573,19.53,4.114285714285715,23.644285714285715,0.0,STOCK SUFFICIENT
2026-07-03,S001,Delhi,P011,Water Bottle,Sports,Supplier D,751.21,5.0,27,20282.670000000002,594,300,9,False,7,2026,3,4,27,31.0,44.42857142857143,40.895,8.885714285714286,49.78071428571429,0.0,STOCK SUFFICIENT
2026-07-03,S005,Jaipur,P002,Wireless Mouse,Accessories,Supplier D,816.78,15.0,27,22053.059999999998,245,176,13,False,7,2026,3,4,27,25.0,23.857142857142858,22.31,4.771428571428571,27.08142857142857,0.0,STOCK SUFFICIENT
2026-07-03,S001,Delhi,P011,Water Bottle,Sports,Supplier D,680.92,0.0,31,21108.52,499,300,14,False,7,2026,3,4,27,36.0,47.0,40.315,9.4,49.714999999999996,0.0,STOCK SUFFICIENT
2026-07-03,S001,Delhi,P014,Desk Lamp,Home,Supplier A,1351.97,10.0,16,21631.52,252,160,5,False,7,2026,3,4,27,16.0,22.285714285714285,21.72,4.457142857142857,26.177142857142854,0.0,STOCK SUFFICIENT
2026-07-03,S002,Noida,P009,Running Shoes,Sports,Supplier B,2949.21,15.0,7,20644.47,138,101,4,False,7,2026,3,4,27,10.0,14.714285714285714,14.425,2.942857142857143,17.367857142857144,0.0,STOCK SUFFICIENT
2026-07-03,S002,Noida,P009,Running Shoes,Sports,Supplier A,3030.02,10.0,13,39390.26,214,101,8,False,7,2026,3,4,27,7.0,13.285714285714286,15.445,2.6571428571428575,18.10214285714286,0.0,STOCK SUFFICIENT
2026-07-03,S004,Lucknow,P011,Water Bottle,Sports,Supplier D,739.0,0.0,29,21431.0,505,216,11,False,7,2026,3,4,27,29.0,34.285714285714285,28.56,6.857142857142858,35.417142857142856,0.0,STOCK SUFFICIENT
2026-07-03,S006,Chandigarh,P007,Smart Watch,Wearables,Supplier C,4234.36,10.0,7,29640.519999999997,98,57,5,False,7,2026,3,4,27,10.0,8.285714285714286,8.225,1.6571428571428575,9.882142857142856,0.0,STOCK SUFFICIENT
2026-07-03,S004,Lucknow,P007,Smart Watch,Wearables,Supplier B,4423.12,0.0,8,35384.96,152,64,12,False,7,2026,3,4,27,15.0,11.428571428571429,7.915,2.285714285714286,10.200714285714286,0.0,STOCK SUFFICIENT
2026-07-03,S001,Delhi,P015,Office Chair,Furniture,Supplier C,8502.43,5.0,10,85024.3,103,55,5,False,7,2026,3,4,27,9.0,8.857142857142858,6.5,1.7714285714285716,8.271428571428572,0.0,STOCK SUFFICIENT
2026-07-04,S001,Delhi,P007,Smart Watch,Wearables,Supplier A,4749.03,5.0,12,56988.36,129,90,6,False,7,2026,4,5,27,10.0,12.571428571428571,13.56,2.5142857142857142,16.074285714285715,0.0,STOCK SUFFICIENT
2026-07-04,S003,Ghaziabad,P009,Running Shoes,Sports,Supplier A,3353.92,0.0,12,40247.04,149,83,14,False,7,2026,4,5,27,13.0,10.714285714285714,9.63,2.142857142857143,11.772857142857143,0.0,STOCK SUFFICIENT
2026-07-04,S006,Chandigarh,P008,Fitness Band,Wearables,Supplier B,2091.74,5.0,10,20917.399999999998,217,83,7,False,7,2026,4,5,27,7.0,11.142857142857142,9.81,2.2285714285714286,12.03857142857143,0.0,STOCK SUFFICIENT
2026-07-04,S005,Jaipur,P001,Laptop Bag,Accessories,Supplier B,1110.57,0.0,21,23321.969999999998,199,122,10,False,7,2026,4,5,27,15.0,19.857142857142858,15.675,3.9714285714285715,19.646428571428572,0.0,STOCK SUFFICIENT
2026-07-04,S002,Noida,P011,Water Bottle,Sports,Supplier D,754.43,10.0,40,30177.199999999997,767,276,2,False,7,2026,4,5,27,44.0,42.285714285714285,46.58,8.457142857142857,55.037142857142854,0.0,STOCK SUFFICIENT
2026-07-04,S002,Noida,P011,Water Bottle,Sports,Supplier C,663.94,10.0,40,26557.600000000002,498,276,5,False,7,2026,4,5,27,40.0,40.857142857142854,46.28,8.17142857142857,54.45142857142857,0.0,STOCK SUFFICIENT
2026-07-04,S002,Noida,P011,Water Bottle,Sports,Supplier B,683.65,15.0,36,24611.399999999998,470,276,9,False,7,2026,4,5,27,40.0,40.142857142857146,47.34,8.02857142857143,55.368571428571435,0.0,STOCK SUFFICIENT
2026-07-04,S006,Chandigarh,P013,Travel Adapter,Travel,Supplier B,1115.16,5.0,21,23418.36,188,115,5,False,7,2026,4,5,27,20.0,15.142857142857142,17.43,3.0285714285714285,20.458571428571428,0.0,STOCK SUFFICIENT
2026-07-04,S002,Noida,P009,Running Shoes,Sports,Supplier D,2957.14,15.0,18,53228.52,229,101,4,False,7,2026,4,5,27,13.0,12.0,14.805,2.4000000000000004,17.205,0.0,STOCK SUFFICIENT
2026-07-04,S002,Noida,P003,Mechanical Keyboard,Accessories,Supplier A,2394.89,15.0,16,38318.24,274,110,2,False,7,2026,4,5,27,14.0,15.285714285714286,16.14,3.0571428571428574,19.197142857142858,0.0,STOCK SUFFICIENT
2026-07-04,S006,Chandigarh,P015,Office Chair,Furniture,Supplier C,8688.14,0.0,9,78193.26,54,35,3,False,7,2026,4,5,27,7.0,5.0,4.435,1.0,5.435,0.0,STOCK SUFFICIENT
2026-07-05,S004,Lucknow,P015,Office Chair,Furniture,Supplier A,8920.03,0.0,6,53520.18000000001,52,39,11,False,7,2026,5,6,27,7.0,5.142857142857143,4.275,1.0285714285714287,5.303571428571429,0.0,STOCK SUFFICIENT
2026-07-05,S004,Lucknow,P007,Smart Watch,Wearables,Supplier D,4825.74,5.0,9,43431.659999999996,119,64,8,False,7,2026,5,6,27,8.0,11.142857142857142,8.52,2.2285714285714286,10.748571428571427,0.0,STOCK SUFFICIENT
2026-07-05,S005,Jaipur,P011,Water Bottle,Sports,Supplier B,754.59,0.0,31,23392.29,302,204,7,False,7,2026,5,6,27,27.0,30.142857142857142,25.63,6.0285714285714285,31.658571428571427,0.0,STOCK SUFFICIENT
2026-07-05,S001,Delhi,P013,Travel Adapter,Travel,Supplier C,1083.57,5.0,27,29256.39,331,180,13,False,7,2026,5,6,27,33.0,27.571428571428573,27.835,5.514285714285715,33.34928571428571,0.0,STOCK SUFFICIENT
2026-07-05,S006,Chandigarh,P013,Travel Adapter,Travel,Supplier D,1109.82,5.0,19,21086.579999999998,249,115,4,False,7,2026,5,6,27,21.0,15.285714285714286,17.775,3.0571428571428574,20.832142857142856,0.0,STOCK SUFFICIENT
2026-07-05,S005,Jaipur,P010,Yoga Mat,Sports,Supplier D,1359.36,15.0,15,20390.399999999998,280,115,13,False,7,2026,5,6,27,11.0,14.571428571428571,17.465,2.9142857142857146,20.379285714285714,0.0,STOCK SUFFICIENT
2026-07-05,S001,Delhi,P014,Desk Lamp,Home,Supplier B,1210.95,0.0,21,25429.95,228,160,11,False,7,2026,5,6,27,16.0,21.285714285714285,21.185,4.257142857142857,25.442142857142855,0.0,STOCK SUFFICIENT
2026-07-05,S002,Noida,P004,USB-C Hub,Electronics,Supplier B,1735.12,10.0,23,39907.759999999995,229,138,6,False,7,2026,5,6,27,18.0,22.142857142857142,19.38,4.428571428571429,23.808571428571426,0.0,STOCK SUFFICIENT
2026-07-05,S003,Ghaziabad,P002,Wireless Mouse,Accessories,Supplier D,823.12,5.0,23,18931.76,628,197,10,False,7,2026,5,6,27,39.0,36.42857142857143,31.99,7.2857142857142865,39.27571428571429,0.0,STOCK SUFFICIENT
2026-07-05,S005,Jaipur,P015,Office Chair,Furniture,Supplier B,7872.96,5.0,3,23618.88,83,37,5,False,7,2026,5,6,27,9.0,6.285714285714286,5.45,1.2571428571428571,6.707142857142857,0.0,STOCK SUFFICIENT
2026-07-05,S002,Noida,P002,Wireless Mouse,Accessories,Supplier B,783.08,0.0,37,28973.960000000003,456,239,11,False,7,2026,5,6,27,28.0,31.857142857142858,30.305,6.371428571428572,36.67642857142857,0.0,STOCK SUFFICIENT
2026-07-05,S006,Chandigarh,P001,Laptop Bag,Accessories,Supplier A,1213.5,0.0,19,23056.5,137,115,10,False,7,2026,5,6,27,16.0,19.285714285714285,14.03,3.857142857142857,17.887142857142855,0.0,STOCK SUFFICIENT
2026-07-05,S005,Jaipur,P015,Office Chair,Furniture,Supplier C,8598.23,5.0,7,60187.61,91,37,5,False,7,2026,5,6,27,3.0,6.0,5.865,1.2000000000000002,7.065,0.0,STOCK SUFFICIENT
2026-07-05,S001,Delhi,P009,Running Shoes,Sports,Supplier C,3393.89,5.0,11,37332.79,215,110,10,False,7,2026,5,6,27,18.0,16.142857142857142,14.425,3.2285714285714286,17.65357142857143,0.0,STOCK SUFFICIENT
2026-07-05,S003,Ghaziabad,P009,Running Shoes,Sports,Supplier C,3016.85,20.0,8,24134.8,187,83,7,False,7,2026,5,6,27,12.0,10.428571428571429,10.85,2.085714285714286,12.935714285714285,0.0,STOCK SUFFICIENT
2026-07-06,S004,Lucknow,P001,Laptop Bag,Accessories,Supplier B,1118.34,10.0,17,19011.78,203,129,3,False,7,2026,6,0,28,21.0,19.142857142857142,18.055,3.8285714285714287,21.88357142857143,0.0,STOCK SUFFICIENT
2026-07-06,S001,Delhi,P004,USB-C Hub,Electronics,Supplier A,1906.61,5.0,16,30505.76,378,150,3,False,7,2026,6,0,28,17.0,19.571428571428573,20.02,3.9142857142857146,23.934285714285714,0.0,STOCK SUFFICIENT
2026-07-06,S001,Delhi,P004,USB-C Hub,Electronics,Supplier C,1877.13,5.0,19,35665.47,250,150,6,False,7,2026,6,0,28,16.0,18.0,20.065,3.6,23.665000000000003,0.0,STOCK SUFFICIENT
2026-07-06,S001,Delhi,P005,Power Bank,Electronics,Supplier D,1698.97,5.0,24,40775.28,431,200,9,False,7,2026,6,0,28,36.0,32.142857142857146,28.55,6.42857142857143,34.97857142857143,0.0,STOCK SUFFICIENT
2026-07-06,S002,Noida,P015,Office Chair,Furniture,Supplier C,8936.88,0.0,1,8936.88,80,50,8,False,7,2026,6,0,28,3.0,6.285714285714286,5.62,1.2571428571428571,6.877142857142857,0.0,STOCK SUFFICIENT
2026-07-06,S001,Delhi,P012,Backpack,Travel,Supplier C,1932.92,0.0,12,23195.04,236,150,7,False,7,2026,6,0,28,25.0,20.0,18.185,4.0,22.185,0.0,STOCK SUFFICIENT
2026-07-06,S002,Noida,P004,USB-C Hub,Electronics,Supplier A,1667.86,0.0,19,31689.339999999997,263,138,13,False,7,2026,6,0,28,23.0,22.714285714285715,16.33,4.542857142857144,20.872857142857143,0.0,STOCK SUFFICIENT
2026-07-06,S003,Ghaziabad,P003,Mechanical Keyboard,Accessories,Supplier D,2468.87,0.0,7,17282.09,142,91,9,False,7,2026,6,0,28,16.0,10.571428571428571,10.175,2.1142857142857143,12.289285714285715,0.0,STOCK SUFFICIENT
2026-07-06,S003,Ghaziabad,P008,Fitness Band,Wearables,Supplier C,2235.61,5.0,10,22356.100000000002,188,98,12,False,7,2026,6,0,28,7.0,14.857142857142858,12.72,2.9714285714285715,15.691428571428572,0.0,STOCK SUFFICIENT
2026-07-06,S003,Ghaziabad,P012,Backpack,Travel,Supplier D,1818.44,5.0,11,20002.84,197,114,2,False,7,2026,6,0,28,9.0,13.571428571428571,14.355,2.7142857142857144,17.069285714285716,0.0,STOCK SUFFICIENT
2026-07-06,S005,Jaipur,P006,Bluetooth Speaker,Electronics,Supplier D,2915.02,0.0,4,11660.08,164,68,4,False,7,2026,6,0,28,11.0,8.857142857142858,7.795,1.7714285714285716,9.566428571428572,0.0,STOCK SUFFICIENT
2026-07-06,S001,Delhi,P009,Running Shoes,Sports,Supplier D,3206.65,10.0,17,54513.05,192,110,13,False,7,2026,6,0,28,11.0,15.0,15.25,3.0,18.25,0.0,STOCK SUFFICIENT
2026-07-07,S001,Delhi,P014,Desk Lamp,Home,Supplier A,1223.35,0.0,15,18350.25,292,160,5,False,7,2026,7,1,28,21.0,21.285714285714285,19.87,4.257142857142857,24.127142857142857,0.0,STOCK SUFFICIENT
2026-07-07,S004,Lucknow,P015,Office Chair,Furniture,Supplier B,8542.41,0.0,8,68339.28,71,39,8,False,7,2026,7,1,28,6.0,5.0,4.415,1.0,5.415,0.0,STOCK SUFFICIENT
2026-07-07,S004,Lucknow,P011,Water Bottle,Sports,Supplier B,663.66,15.0,24,15927.84,350,216,14,False,7,2026,7,1,28,29.0,33.142857142857146,36.02,6.62857142857143,42.64857142857143,0.0,STOCK SUFFICIENT
2026-07-07,S006,Chandigarh,P003,Mechanical Keyboard,Accessories,Supplier C,2250.09,0.0,14,31501.260000000002,107,76,4,False,7,2026,7,1,28,11.0,12.428571428571429,9.305,2.4857142857142858,11.790714285714285,0.0,STOCK SUFFICIENT
2026-07-07,S003,Ghaziabad,P011,Water Bottle,Sports,Supplier B,673.69,5.0,31,20884.390000000003,422,228,11,False,7,2026,7,1,28,33.0,35.0,32.525,7.0,39.525,0.0,STOCK SUFFICIENT
2026-07-07,S001,Delhi,P012,Backpack,Travel,Supplier B,1796.74,0.0,20,35934.8,241,150,9,False,7,2026,7,1,28,12.0,18.857142857142858,18.63,3.771428571428572,22.40142857142857,0.0,STOCK SUFFICIENT
2026-07-07,S002,Noida,P009,Running Shoes,Sports,Supplier D,3020.16,15.0,15,45302.399999999994,220,101,9,False,7,2026,7,1,28,18.0,12.857142857142858,14.535,2.5714285714285716,17.106428571428573,0.0,STOCK SUFFICIENT
2026-07-07,S005,Jaipur,P006,Bluetooth Speaker,Electronics,Supplier A,2908.01,0.0,13,37804.130000000005,160,68,3,False,7,2026,7,1,28,4.0,7.857142857142857,8.03,1.5714285714285714,9.60142857142857,0.0,STOCK SUFFICIENT
2026-07-07,S005,Jaipur,P014,Desk Lamp,Home,Supplier C,1352.45,0.0,11,14876.95,254,108,3,False,7,2026,7,1,28,21.0,15.285714285714286,13.61,3.0571428571428574,16.667142857142856,0.0,STOCK SUFFICIENT
2026-07-07,S001,Delhi,P007,Smart Watch,Wearables,Supplier C,4268.07,0.0,12,51216.84,133,90,12,False,7,2026,7,1,28,12.0,12.571428571428571,10.425,2.5142857142857142,12.939285714285715,0.0,STOCK SUFFICIENT
2026-07-07,S003,Ghaziabad,P013,Travel Adapter,Travel,Supplier A,1132.97,15.0,23,26058.31,246,136,14,False,7,2026,7,1,28,32.0,21.428571428571427,19.42,4.285714285714286,23.705714285714286,0.0,STOCK SUFFICIENT
2026-07-07,S003,Ghaziabad,P009,Running Shoes,Sports,Supplier A,3392.73,10.0,7,23749.11,160,83,6,False,7,2026,7,1,28,8.0,9.142857142857142,10.71,1.8285714285714285,12.53857142857143,0.0,STOCK SUFFICIENT
2026-07-07,S006,Chandigarh,P002,Wireless Mouse,Accessories,Supplier A,846.37,5.0,30,25391.1,444,166,6,False,7,2026,7,1,28,20.0,23.0,21.87,4.6000000000000005,26.470000000000002,0.0,STOCK SUFFICIENT
2026-07-08,S001,Delhi,P004,USB-C Hub,Electronics,Supplier D,1786.11,15.0,24,42866.64,210,150,11,False,7,2026,8,2,28,19.0,19.0,20.645,3.8000000000000003,24.445,0.0,STOCK SUFFICIENT
2026-07-08,S002,Noida,P008,Fitness Band,Wearables,Supplier A,2166.83,0.0,18,39002.94,222,119,5,False,7,2026,8,2,28,16.0,17.285714285714285,14.32,3.4571428571428573,17.777142857142856,0.0,STOCK SUFFICIENT
2026-07-08,S003,Ghaziabad,P015,Office Chair,Furniture,Supplier C,8983.05,10.0,6,53898.299999999996,73,41,5,False,7,2026,8,2,28,7.0,5.571428571428571,4.63,1.1142857142857143,5.744285714285715,0.0,STOCK SUFFICIENT
2026-07-08,S001,Delhi,P012,Backpack,Travel,Supplier A,1768.49,15.0,26,45980.74,290,150,3,False,7,2026,8,2,28,20.0,19.285714285714285,20.615,3.857142857142857,24.472142857142856,0.0,STOCK SUFFICIENT
2026-07-08,S004,Lucknow,P009,Running Shoes,Sports,Supplier D,2945.41,10.0,10,29454.1,152,79,6,False,7,2026,8,2,28,12.0,12.0,9.72,2.4000000000000004,12.120000000000001,0.0,STOCK SUFFICIENT
2026-07-08,S005,Jaipur,P009,Running Shoes,Sports,Supplier B,3194.39,5.0,12,38332.68,166,74,5,False,7,2026,8,2,28,12.0,10.857142857142858,9.825,2.1714285714285717,11.99642857142857,0.0,STOCK SUFFICIENT
2026-07-08,S004,Lucknow,P007,Smart Watch,Wearables,Supplier B,4558.47,15.0,5,22792.350000000002,127,64,10,False,7,2026,8,2,28,9.0,11.142857142857142,8.9,2.2285714285714286,11.12857142857143,0.0,STOCK SUFFICIENT
2026-07-08,S005,Jaipur,P001,Laptop Bag,Accessories,Supplier A,1137.53,15.0,16,18200.48,301,122,12,False,7,2026,8,2,28,21.0,20.142857142857142,18.095,4.0285714285714285,22.123571428571427,0.0,STOCK SUFFICIENT
2026-07-08,S004,Lucknow,P015,Office Chair,Furniture,Supplier D,8015.22,0.0,6,48091.32,51,39,8,False,7,2026,8,2,28,8.0,5.0,4.685,1.0,5.685,0.0,STOCK SUFFICIENT
2026-07-08,S006,Chandigarh,P015,Office Chair,Furniture,Supplier C,8509.83,5.0,3,25529.489999999998,68,35,10,False,7,2026,8,2,28,9.0,5.857142857142857,3.97,1.1714285714285715,5.1414285714285715,0.0,STOCK SUFFICIENT
2026-07-08,S006,Chandigarh,P004,USB-C Hub,Electronics,Supplier C,1860.31,0.0,7,13022.17,226,96,11,False,7,2026,8,2,28,15.0,16.428571428571427,11.215,3.2857142857142856,14.500714285714285,0.0,STOCK SUFFICIENT
2026-07-08,S004,Lucknow,P009,Running Shoes,Sports,Supplier D,2957.3,0.0,12,35487.600000000006,141,79,11,False,7,2026,8,2,28,11.0,12.0,8.77,2.4000000000000004,11.17,0.0,STOCK SUFFICIENT
2026-07-08,S005,Jaipur,P011,Water Bottle,Sports,Supplier C,674.68,5.0,27,18216.359999999997,456,204,13,False,7,2026,8,2,28,31.0,29.571428571428573,26.135,5.914285714285715,32.049285714285716,0.0,STOCK SUFFICIENT
2026-07-08,S004,Lucknow,P015,Office Chair,Furniture,Supplier A,8902.15,5.0,6,53412.899999999994,51,39,11,False,7,2026,8,2,28,6.0,5.285714285714286,3.995,1.0571428571428572,5.052142857142857,0.0,STOCK SUFFICIENT
2026-07-08,S006,Chandigarh,P012,Backpack,Travel,Supplier B,1800.39,5.0,6,10802.34,196,96,9,False,7,2026,8,2,28,14.0,14.857142857142858,11.605,2.9714285714285715,14.576428571428572,0.0,STOCK SUFFICIENT
2026-07-08,S005,Jaipur,P008,Fitness Band,Wearables,Supplier B,2223.18,15.0,13,28901.339999999997,147,88,10,False,7,2026,8,2,28,21.0,12.428571428571429,12.505,2.4857142857142858,14.990714285714287,0.0,STOCK SUFFICIENT
2026-07-08,S004,Lucknow,P010,Yoga Mat,Sports,Supplier D,1330.2,5.0,19,25273.8,287,122,9,False,7,2026,8,2,28,20.0,21.285714285714285,15.75,4.257142857142857,20.007142857142856,0.0,STOCK SUFFICIENT
2026-07-08,S003,Ghaziabad,P009,Running Shoes,Sports,Supplier A,3007.13,5.0,11,33078.43,182,83,4,False,7,2026,8,2,28,7.0,8.714285714285714,10.135,1.7428571428571429,11.877857142857142,0.0,STOCK SUFFICIENT
2026-07-08,S003,Ghaziabad,P012,Backpack,Travel,Supplier C,1841.01,5.0,9,16569.09,144,114,9,False,7,2026,8,2,28,11.0,13.571428571428571,14.78,2.7142857142857144,17.494285714285713,0.0,STOCK SUFFICIENT
2026-07-08,S006,Chandigarh,P005,Power Bank,Electronics,Supplier A,1488.04,10.0,24,35712.96,259,128,6,False,7,2026,8,2,28,21.0,15.142857142857142,17.215,3.0285714285714285,20.24357142857143,0.0,STOCK SUFFICIENT
2026-07-08,S006,Chandigarh,P013,Travel Adapter,Travel,Supplier B,1163.16,10.0,19,22100.04,148,115,4,False,7,2026,8,2,28,19.0,16.142857142857142,15.275,3.2285714285714286,18.50357142857143,0.0,STOCK SUFFICIENT
2026-07-08,S002,Noida,P015,Office Chair,Furniture,Supplier D,9154.3,5.0,2,18308.6,108,50,8,False,7,2026,8,2,28,1.0,5.857142857142857,6.34,1.1714285714285715,7.511428571428572,0.0,STOCK SUFFICIENT
2026-07-08,S002,Noida,P007,Smart Watch,Wearables,Supplier B,4638.7,5.0,7,32470.899999999998,187,82,8,False,7,2026,8,2,28,9.0,12.142857142857142,10.08,2.428571428571429,12.508571428571429,0.0,STOCK SUFFICIENT
2026-07-09,S001,Delhi,P004,USB-C Hub,Electronics,Supplier D,1865.48,5.0,15,27982.2,273,150,2,False,7,2026,9,3,28,24.0,18.714285714285715,20.115,3.7428571428571433,23.857857142857142,0.0,STOCK SUFFICIENT
2026-07-09,S005,Jaipur,P001,Laptop Bag,Accessories,Supplier C,1139.16,5.0,17,19365.72,278,122,7,False,7,2026,9,3,28,8.0,17.571428571428573,15.69,3.5142857142857147,19.204285714285714,0.0,STOCK SUFFICIENT
2026-07-09,S005,Jaipur,P001,Laptop Bag,Accessories,Supplier A,1210.37,0.0,8,9682.96,276,122,12,False,7,2026,9,3,28,16.0,19.142857142857142,16.13,3.8285714285714287,19.958571428571428,0.0,STOCK SUFFICIENT
2026-07-09,S004,Lucknow,P002,Wireless Mouse,Accessories,Supplier B,850.64,0.0,20,17012.8,470,187,9,False,7,2026,9,3,28,26.0,26.571428571428573,22.02,5.314285714285715,27.334285714285713,0.0,STOCK SUFFICIENT
2026-07-09,S006,Chandigarh,P009,Running Shoes,Sports,Supplier C,3243.25,0.0,11,35675.75,162,70,13,False,7,2026,9,3,28,11.0,9.142857142857142,8.335,1.8285714285714285,10.16357142857143,0.0,STOCK SUFFICIENT
2026-07-09,S003,Ghaziabad,P013,Travel Adapter,Travel,,1146.84,10.0,25,28670.999999999996,222,136,3,False,7,2026,9,3,28,23.0,22.142857142857142,17.86,4.428571428571429,22.28857142857143,0.0,STOCK SUFFICIENT
2026-07-09,S004,Lucknow,P015,Office Chair,Furniture,Supplier D,8166.32,5.0,5,40831.6,104,39,8,False,7,2026,9,3,28,6.0,5.857142857142857,4.21,1.1714285714285715,5.381428571428572,0.0,STOCK SUFFICIENT
2026-07-09,S006,Chandigarh,P003,Mechanical Keyboard,Accessories,Supplier D,2473.22,5.0,6,14839.32,125,76,10,False,7,2026,9,3,28,14.0,11.857142857142858,10.11,2.3714285714285714,12.481428571428571,0.0,STOCK SUFFICIENT
2026-07-09,S006,Chandigarh,P011,Water Bottle,Sports,Supplier A,671.76,10.0,16,10748.16,389,192,6,False,7,2026,9,3,28,33.0,27.571428571428573,24.795,5.514285714285715,30.309285714285718,0.0,STOCK SUFFICIENT
2026-07-09,S004,Lucknow,P008,Fitness Band,Wearables,Supplier A,2120.84,10.0,18,38175.12,123,93,12,False,7,2026,9,3,28,13.0,10.857142857142858,12.54,2.1714285714285717,14.71142857142857,0.0,STOCK SUFFICIENT
2026-07-09,S006,Chandigarh,P014,Desk Lamp,Home,Supplier C,1305.5,5.0,13,16971.5,235,102,6,False,7,2026,9,3,28,10.0,14.285714285714286,13.435,2.8571428571428577,16.292142857142856,0.0,STOCK SUFFICIENT
2026-07-09,S002,Noida,P009,Running Shoes,Sports,Supplier B,2989.0,10.0,10,29890.0,188,101,14,False,7,2026,9,3,28,15.0,13.571428571428571,14.96,2.7142857142857144,17.674285714285716,0.0,STOCK SUFFICIENT
2026-07-10,S004,Lucknow,P004,USB-C Hub,Electronics,Supplier A,1860.92,5.0,22,40940.240000000005,243,108,8,False,7,2026,10,4,28,17.0,15.857142857142858,12.6,3.1714285714285717,15.771428571428572,0.0,STOCK SUFFICIENT
2026-07-10,S003,Ghaziabad,P011,Water Bottle,Sports,Supplier D,680.16,10.0,38,25846.079999999998,477,228,4,False,7,2026,10,4,28,31.0,34.142857142857146,30.665,6.828571428571429,37.49357142857143,0.0,STOCK SUFFICIENT
2026-07-10,S002,Noida,P008,Fitness Band,Wearables,Supplier C,2088.78,20.0,16,33420.48,129,119,2,False,7,2026,10,4,28,18.0,18.285714285714285,18.245,3.657142857142857,21.90214285714286,0.0,STOCK SUFFICIENT
2026-07-10,S005,Jaipur,P011,Water Bottle,Sports,Supplier A,710.94,15.0,28,19906.32,396,204,8,False,7,2026,10,4,28,27.0,28.714285714285715,28.35,5.742857142857144,34.09285714285714,0.0,STOCK SUFFICIENT
2026-07-10,S001,Delhi,P012,Backpack,Travel,Supplier C,1797.05,15.0,25,44926.25,292,150,13,False,7,2026,10,4,28,26.0,19.857142857142858,21.375,3.9714285714285715,25.34642857142857,0.0,STOCK SUFFICIENT
2026-07-10,S003,Ghaziabad,P004,USB-C Hub,Electronics,Supplier C,1709.03,10.0,10,17090.3,209,114,10,False,7,2026,10,4,28,10.0,17.428571428571427,14.95,3.4857142857142858,18.435714285714283,0.0,STOCK SUFFICIENT
2026-07-10,S001,Delhi,P012,Backpack,Travel,Supplier D,1872.31,10.0,24,44935.44,353,150,10,False,7,2026,10,4,28,25.0,21.428571428571427,19.86,4.285714285714286,24.145714285714284,0.0,STOCK SUFFICIENT
2026-07-10,S002,Noida,P002,Wireless Mouse,Accessories,Supplier D,822.26,15.0,38,31245.88,364,239,8,False,7,2026,10,4,28,37.0,33.0,38.59,6.6000000000000005,45.190000000000005,0.0,STOCK SUFFICIENT
2026-07-10,S001,Delhi,P011,Water Bottle,Sports,Supplier B,737.09,0.0,34,25061.06,524,300,7,False,7,2026,10,4,28,27.0,40.57142857142857,35.205,8.114285714285714,43.31928571428571,0.0,STOCK SUFFICIENT
2026-07-10,S001,Delhi,P008,Fitness Band,Wearables,Supplier A,2134.63,5.0,16,34154.08,221,130,9,False,7,2026,10,4,28,11.0,18.0,15.365,3.6,18.965,0.0,STOCK SUFFICIENT
2026-07-10,S003,Ghaziabad,P004,USB-C Hub,Electronics,Supplier C,1910.92,5.0,10,19109.2,342,114,2,False,7,2026,10,4,28,22.0,17.428571428571427,14.7,3.4857142857142858,18.185714285714283,0.0,STOCK SUFFICIENT
2026-07-11,S002,Noida,P015,Office Chair,Furniture,Supplier A,8181.64,15.0,6,49089.840000000004,71,50,7,False,7,2026,11,5,28,2.0,5.142857142857143,6.845,1.0285714285714287,7.873571428571428,0.0,STOCK SUFFICIENT
2026-07-11,S004,Lucknow,P007,Smart Watch,Wearables,Supplier B,4210.78,5.0,8,33686.24,124,64,11,False,7,2026,11,5,28,5.0,10.0,8.685,2.0,10.685,0.0,STOCK SUFFICIENT
2026-07-11,S001,Delhi,P011,Water Bottle,Sports,Supplier B,715.42,0.0,42,30047.64,649,300,11,False,7,2026,11,5,28,34.0,35.857142857142854,35.615,7.171428571428571,42.78642857142857,0.0,STOCK SUFFICIENT
2026-07-11,S003,Ghaziabad,P010,Yoga Mat,Sports,Supplier C,1394.82,5.0,22,30686.039999999997,174,129,5,False,7,2026,11,5,28,13.0,16.285714285714285,18.675,3.257142857142857,21.932142857142857,0.0,STOCK SUFFICIENT
2026-07-11,S001,Delhi,P013,Travel Adapter,Travel,Supplier C,1052.05,0.0,26,27353.3,346,180,10,False,7,2026,11,5,28,27.0,27.142857142857142,24.23,5.428571428571429,29.658571428571427,0.0,STOCK SUFFICIENT
2026-07-11,S006,Chandigarh,P011,Water Bottle,Sports,Supplier C,676.67,15.0,30,20300.1,379,192,7,False,7,2026,11,5,28,16.0,26.285714285714285,30.04,5.257142857142857,35.29714285714286,0.0,STOCK SUFFICIENT
2026-07-11,S004,Lucknow,P009,Running Shoes,Sports,Supplier B,3382.09,15.0,11,37202.990000000005,124,79,2,False,7,2026,11,5,28,10.0,12.428571428571429,12.025,2.4857142857142858,14.510714285714286,0.0,STOCK SUFFICIENT
2026-07-11,S004,Lucknow,P011,Water Bottle,Sports,Supplier C,684.48,0.0,25,17112.0,372,216,2,False,7,2026,11,5,28,24.0,31.857142857142858,25.595,6.371428571428572,31.966428571428573,0.0,STOCK SUFFICIENT
2026-07-12,S001,Delhi,P007,Smart Watch,Wearables,Supplier B,4315.47,15.0,11,47470.170000000006,179,90,14,False,7,2026,12,6,28,12.0,11.428571428571429,12.94,2.285714285714286,15.225714285714286,0.0,STOCK SUFFICIENT
2026-07-12,S006,Chandigarh,P007,Smart Watch,Wearables,Supplier D,4663.26,10.0,6,27979.56,119,57,14,False,7,2026,12,6,28,7.0,8.142857142857142,9.93,1.6285714285714286,11.558571428571428,0.0,STOCK SUFFICIENT
2026-07-12,S004,Lucknow,P005,Power Bank,Electronics,Supplier C,1497.47,15.0,31,46421.57,284,144,14,False,7,2026,12,6,28,11.0,20.428571428571427,21.925,4.085714285714285,26.010714285714286,0.0,STOCK SUFFICIENT
2026-07-12,S001,Delhi,P002,Wireless Mouse,Accessories,Supplier A,831.62,5.0,44,36591.28,573,260,10,False,7,2026,12,6,28,31.0,36.714285714285715,35.28,7.342857142857143,42.62285714285714,0.0,STOCK SUFFICIENT
2026-07-12,S004,Lucknow,P014,Desk Lamp,Home,Supplier A,1198.19,10.0,13,15576.470000000001,171,115,9,False,7,2026,12,6,28,7.0,16.0,16.475,3.2,19.675,0.0,STOCK SUFFICIENT
2026-07-12,S005,Jaipur,P009,Running Shoes,Sports,Supplier C,3322.89,0.0,15,49843.35,86,74,3,False,7,2026,12,6,28,12.0,11.285714285714286,10.665,2.2571428571428576,12.922142857142857,0.0,STOCK SUFFICIENT
2026-07-12,S003,Ghaziabad,P003,Mechanical Keyboard,Accessories,Supplier A,2433.7,10.0,13,31638.1,228,91,13,False,7,2026,12,6,28,7.0,10.285714285714286,12.805,2.0571428571428574,14.862142857142857,0.0,STOCK SUFFICIENT
2026-07-12,S003,Ghaziabad,P003,Mechanical Keyboard,Accessories,Supplier B,2508.73,5.0,8,20069.84,185,91,8,False,7,2026,12,6,28,13.0,10.857142857142858,14.025,2.1714285714285717,16.196428571428573,0.0,STOCK SUFFICIENT
2026-07-12,S005,Jaipur,P006,Bluetooth Speaker,Electronics,Supplier D,3023.94,15.0,9,27215.46,172,68,2,False,7,2026,12,6,28,13.0,8.714285714285714,10.57,1.7428571428571429,12.312857142857144,0.0,STOCK SUFFICIENT
2026-07-12,S001,Delhi,P013,Travel Adapter,Travel,Supplier B,1138.78,0.0,26,29608.28,326,180,7,False,7,2026,12,6,28,26.0,28.142857142857142,24.71,5.628571428571429,30.33857142857143,0.0,STOCK SUFFICIENT
2026-07-12,S004,Lucknow,P003,Mechanical Keyboard,Accessories,Supplier D,2499.36,10.0,8,19994.88,168,86,3,False,7,2026,12,6,28,10.0,11.857142857142858,11.885,2.3714285714285714,14.256428571428572,0.0,STOCK SUFFICIENT
2026-07-13,S003,Ghaziabad,P004,USB-C Hub,Electronics,Supplier C,1904.89,15.0,14,26668.460000000003,199,114,12,False,7,2026,13,0,29,10.0,15.714285714285714,16.91,3.142857142857143,20.052857142857142,0.0,STOCK SUFFICIENT
2026-07-13,S003,Ghaziabad,P008,Fitness Band,Wearables,Supplier D,2276.9,15.0,6,13661.400000000001,201,98,7,False,7,2026,13,0,29,10.0,13.571428571428571,15.205,2.7142857142857144,17.919285714285714,0.0,STOCK SUFFICIENT
2026-07-13,S006,Chandigarh,P009,Running Shoes,Sports,Supplier D,3197.72,0.0,8,25581.76,246,70,4,False,7,2026,13,0,29,11.0,9.857142857142858,7.595,1.9714285714285715,9.56642857142857,0.0,STOCK SUFFICIENT
2026-07-13,S006,Chandigarh,P009,Running Shoes,Sports,Supplier A,3159.87,15.0,11,34758.57,158,70,10,False,7,2026,13,0,29,11.0,9.571428571428571,9.545,1.9142857142857144,11.459285714285715,0.0,STOCK SUFFICIENT
2026-07-13,S004,Lucknow,P013,Travel Adapter,Travel,Supplier A,1048.75,0.0,15,15731.25,262,129,10,False,7,2026,13,0,29,20.0,18.142857142857142,16.225,3.6285714285714286,19.85357142857143,0.0,STOCK SUFFICIENT
2026-07-13,S003,Ghaziabad,P010,Yoga Mat,Sports,Supplier C,1415.4,15.0,17,24061.800000000003,258,129,8,False,7,2026,13,0,29,22.0,16.857142857142858,17.05,3.371428571428572,20.42142857142857,0.0,STOCK SUFFICIENT
2026-07-13,S004,Lucknow,P013,Travel Adapter,Travel,Supplier A,1089.02,5.0,14,15246.279999999999,164,129,14,False,7,2026,13,0,29,15.0,17.571428571428573,15.84,3.5142857142857147,19.354285714285716,0.0,STOCK SUFFICIENT
2026-07-13,S001,Delhi,P003,Mechanical Keyboard,Accessories,Supplier C,2567.19,20.0,15,38507.85,214,120,6,False,7,2026,13,0,29,17.0,18.714285714285715,17.015,3.7428571428571433,20.757857142857144,0.0,STOCK SUFFICIENT
2026-07-13,S005,Jaipur,P010,Yoga Mat,Sports,Supplier B,1299.46,0.0,15,19491.9,185,115,12,False,7,2026,13,0,29,15.0,14.571428571428571,15.99,2.9142857142857146,18.904285714285713,0.0,STOCK SUFFICIENT
2026-07-13,S004,Lucknow,P014,Desk Lamp,Home,Supplier D,1280.27,0.0,20,25605.4,233,115,5,False,7,2026,13,0,29,13.0,16.857142857142858,15.76,3.371428571428572,19.13142857142857,0.0,STOCK SUFFICIENT
2026-07-13,S004,Lucknow,P009,Running Shoes,Sports,Supplier D,3238.43,15.0,11,35622.729999999996,180,79,7,False,7,2026,13,0,29,11.0,12.142857142857142,10.94,2.428571428571429,13.368571428571428,0.0,STOCK SUFFICIENT
2026-07-13,S003,Ghaziabad,P010,Yoga Mat,Sports,Supplier A,1487.77,5.0,14,20828.78,196,129,9,False,7,2026,13,0,29,17.0,17.0,15.04,3.4000000000000004,18.439999999999998,0.0,STOCK SUFFICIENT
2026-07-13,S006,Chandigarh,P002,Wireless Mouse,Accessories,Supplier B,826.05,10.0,27,22303.35,304,166,5,False,7,2026,13,0,29,30.0,23.857142857142858,22.955,4.771428571428571,27.72642857142857,0.0,STOCK SUFFICIENT
2026-07-13,S005,Jaipur,P015,Office Chair,Furniture,Supplier A,8712.63,15.0,8,69701.04,38,37,3,False,7,2026,13,0,29,7.0,6.0,4.665,1.2000000000000002,5.865,0.0,STOCK SUFFICIENT
2026-07-13,S006,Chandigarh,P003,Mechanical Keyboard,Accessories,Supplier B,2264.26,0.0,7,15849.820000000002,93,76,10,False,7,2026,13,0,29,6.0,11.0,8.98,2.2,11.18,0.0,STOCK SUFFICIENT
2026-07-13,S005,Jaipur,P012,Backpack,Travel,Supplier C,1842.41,10.0,18,33163.380000000005,133,102,6,False,7,2026,13,0,29,13.0,13.142857142857142,14.5,2.6285714285714286,17.12857142857143,0.0,STOCK SUFFICIENT
2026-07-13,S005,Jaipur,P014,Desk Lamp,Home,Supplier B,1246.65,0.0,12,14959.800000000001,221,108,11,False,7,2026,13,0,29,11.0,14.857142857142858,13.385,2.9714285714285715,16.356428571428573,0.0,STOCK SUFFICIENT
2026-07-13,S006,Chandigarh,P006,Bluetooth Speaker,Electronics,Supplier C,2992.31,10.0,15,44884.65,96,64,9,False,7,2026,13,0,29,8.0,10.285714285714286,7.84,2.0571428571428574,9.897142857142857,0.0,STOCK SUFFICIENT
2026-07-13,S001,Delhi,P002,Wireless Mouse,Accessories,Supplier C,782.5,10.0,32,25040.0,335,260,12,False,7,2026,13,0,29,44.0,35.857142857142854,32.67,7.171428571428571,39.84142857142857,0.0,STOCK SUFFICIENT
2026-07-13,S006,Chandigarh,P015,Office Chair,Furniture,Supplier A,8894.15,5.0,4,35576.6,58,35,4,False,7,2026,13,0,29,3.0,6.142857142857143,5.855,1.2285714285714286,7.083571428571429,0.0,STOCK SUFFICIENT
2026-07-14,S004,Lucknow,P010,Yoga Mat,Sports,Supplier B,1408.19,10.0,20,28163.800000000003,197,122,3,False,7,2026,14,1,29,19.0,19.714285714285715,18.445,3.942857142857143,22.387857142857143,0.0,STOCK SUFFICIENT
2026-07-14,S003,Ghaziabad,P005,Power Bank,Electronics,Supplier A,1642.62,10.0,15,24639.3,225,152,12,False,7,2026,14,1,29,21.0,20.285714285714285,20.095,4.057142857142857,24.152142857142856,0.0,STOCK SUFFICIENT
2026-07-14,S004,Lucknow,P006,Bluetooth Speaker,Electronics,Supplier B,2728.01,0.0,9,24552.090000000004,206,72,2,False,7,2026,14,1,29,9.0,11.0,8.36,2.2,10.559999999999999,0.0,STOCK SUFFICIENT
2026-07-14,S005,Jaipur,P003,Mechanical Keyboard,Accessories,Supplier B,2422.24,20.0,15,36333.6,181,81,7,False,7,2026,14,1,29,9.0,13.714285714285714,12.815,2.742857142857143,15.557857142857141,0.0,STOCK SUFFICIENT
2026-07-14,S004,Lucknow,P006,Bluetooth Speaker,Electronics,Supplier A,2847.87,5.0,6,17087.22,84,72,4,False,7,2026,14,1,29,9.0,9.857142857142858,7.48,1.9714285714285715,9.451428571428572,0.0,STOCK SUFFICIENT
2026-07-14,S002,Noida,P010,Yoga Mat,Sports,Supplier A,1427.51,20.0,21,29977.71,373,156,12,False,7,2026,14,1,29,20.0,22.0,20.125,4.4,24.525,0.0,STOCK SUFFICIENT
2026-07-14,S005,Jaipur,P009,Running Shoes,Sports,Supplier A,3417.98,0.0,13,44433.74,140,74,9,False,7,2026,14,1,29,15.0,12.571428571428571,8.71,2.5142857142857142,11.224285714285715,0.0,STOCK SUFFICIENT
2026-07-14,S003,Ghaziabad,P001,Laptop Bag,Accessories,Supplier B,1222.98,5.0,16,19567.68,279,136,9,False,7,2026,14,1,29,16.0,23.142857142857142,15.515,4.628571428571429,20.14357142857143,0.0,STOCK SUFFICIENT
2026-07-14,S001,Delhi,P006,Bluetooth Speaker,Electronics,Supplier A,2678.37,0.0,13,34818.81,212,100,9,False,7,2026,14,1,29,25.0,15.428571428571429,14.74,3.085714285714286,17.825714285714287,0.0,STOCK SUFFICIENT
2026-07-14,S003,Ghaziabad,P015,Office Chair,Furniture,Supplier C,8009.83,5.0,4,32039.32,37,41,5,True,7,2026,14,1,29,6.0,5.714285714285714,4.64,1.142857142857143,5.782857142857143,0.0,REORDER REQUIRED
2026-07-14,S001,Delhi,P013,Travel Adapter,Travel,Supplier D,1066.7,5.0,30,32001.0,340,180,12,False,7,2026,14,1,29,26.0,26.571428571428573,23.885,5.314285714285715,29.199285714285715,0.0,STOCK SUFFICIENT
2026-07-14,S003,Ghaziabad,P004,USB-C Hub,Electronics,Supplier A,1663.92,10.0,17,28286.64,184,114,3,False,7,2026,14,1,29,14.0,14.714285714285714,15.375,2.942857142857143,18.317857142857143,0.0,STOCK SUFFICIENT
2026-07-15,S006,Chandigarh,P010,Yoga Mat,Sports,Supplier A,1502.62,0.0,24,36062.88,158,108,6,False,7,2026,15,2,29,20.0,16.0,13.01,3.2,16.21,0.0,STOCK SUFFICIENT
2026-07-15,S004,Lucknow,P013,Travel Adapter,Travel,Supplier C,1047.88,15.0,13,13622.440000000002,160,129,3,False,7,2026,15,2,29,14.0,18.142857142857142,17.69,3.6285714285714286,21.31857142857143,0.0,STOCK SUFFICIENT
2026-07-15,S003,Ghaziabad,P004,USB-C Hub,Electronics,Supplier C,1909.73,0.0,18,34375.14,245,114,11,False,7,2026,15,2,29,17.0,14.857142857142858,13.53,2.9714285714285715,16.50142857142857,0.0,STOCK SUFFICIENT
2026-07-15,S001,Delhi,P012,Backpack,Travel,Supplier B,1863.04,10.0,24,44712.96,246,150,9,False,7,2026,15,2,29,24.0,22.142857142857142,20.005,4.428571428571429,24.433571428571426,0.0,STOCK SUFFICIENT
2026-07-15,S006,Chandigarh,P015,Office Chair,Furniture,Supplier D,9087.6,10.0,7,63613.200000000004,56,35,8,False,7,2026,15,2,29,4.0,5.142857142857143,4.415,1.0285714285714287,5.4435714285714285,0.0,STOCK SUFFICIENT
2026-07-15,S004,Lucknow,P007,Smart Watch,Wearables,Supplier B,4523.06,5.0,12,54276.72,95,64,9,False,7,2026,15,2,29,8.0,9.714285714285714,6.47,1.9428571428571428,8.412857142857142,0.0,STOCK SUFFICIENT
2026-07-15,S006,Chandigarh,P001,Laptop Bag,Accessories,Supplier D,1174.07,5.0,21,24655.469999999998,177,115,14,False,7,2026,15,2,29,19.0,19.428571428571427,14.365,3.8857142857142857,18.250714285714285,0.0,STOCK SUFFICIENT
2026-07-15,S005,Jaipur,P011,Water Bottle,Sports,Supplier C,743.8,5.0,25,18595.0,251,204,3,False,7,2026,15,2,29,28.0,28.714285714285715,25.81,5.742857142857144,31.552857142857142,0.0,STOCK SUFFICIENT
2026-07-15,S006,Chandigarh,P008,Fitness Band,Wearables,Supplier D,2313.17,10.0,11,25444.870000000003,143,83,2,False,7,2026,15,2,29,10.0,10.0,12.265,2.0,14.265,0.0,STOCK SUFFICIENT
2026-07-15,S001,Delhi,P008,Fitness Band,Wearables,Supplier B,2183.93,0.0,9,19655.37,152,130,11,False,7,2026,15,2,29,16.0,17.571428571428573,14.62,3.5142857142857147,18.134285714285713,0.0,STOCK SUFFICIENT
2026-07-16,S004,Lucknow,P008,Fitness Band,Wearables,Supplier A,2167.22,5.0,11,23839.42,198,93,11,False,7,2026,16,3,29,18.0,12.285714285714286,11.545,2.4571428571428573,14.002142857142857,0.0,STOCK SUFFICIENT
2026-07-16,S003,Ghaziabad,P013,Travel Adapter,Travel,Supplier B,1046.99,0.0,10,10469.9,244,136,13,False,7,2026,16,3,29,25.0,23.428571428571427,17.03,4.685714285714286,21.715714285714288,0.0,STOCK SUFFICIENT
2026-07-16,S003,Ghaziabad,P011,Water Bottle,Sports,Supplier A,720.67,0.0,26,18737.42,398,228,13,False,7,2026,16,3,29,47.0,34.57142857142857,33.515,6.914285714285715,40.42928571428571,0.0,STOCK SUFFICIENT
2026-07-16,S004,Lucknow,P001,Laptop Bag,Accessories,Supplier D,1179.85,0.0,15,17697.75,298,129,2,False,7,2026,16,3,29,17.0,19.142857142857142,16.39,3.8285714285714287,20.21857142857143,0.0,STOCK SUFFICIENT
2026-07-16,S003,Ghaziabad,P011,Water Bottle,Sports,Supplier A,725.56,0.0,47,34101.32,483,228,9,False,7,2026,16,3,29,32.0,32.857142857142854,29.84,6.571428571428571,36.41142857142857,0.0,STOCK SUFFICIENT
2026-07-16,S003,Ghaziabad,P005,Power Bank,Electronics,Supplier B,1575.96,15.0,17,26791.32,280,152,4,False,7,2026,16,3,29,15.0,20.428571428571427,22.255,4.085714285714285,26.340714285714284,0.0,STOCK SUFFICIENT
2026-07-16,S004,Lucknow,P006,Bluetooth Speaker,Electronics,Supplier A,2821.3,5.0,9,25391.7,89,72,4,False,7,2026,16,3,29,6.0,9.285714285714286,7.13,1.8571428571428574,8.987142857142857,0.0,STOCK SUFFICIENT
2026-07-16,S001,Delhi,P004,USB-C Hub,Electronics,Supplier B,1735.13,10.0,17,29497.210000000003,343,150,13,False,7,2026,16,3,29,15.0,18.142857142857142,18.92,3.6285714285714286,22.54857142857143,0.0,STOCK SUFFICIENT
2026-07-16,S003,Ghaziabad,P011,Water Bottle,Sports,Supplier C,665.08,0.0,32,21282.56,493,228,5,False,7,2026,16,3,29,38.0,33.142857142857146,32.195,6.62857142857143,38.82357142857143,0.0,STOCK SUFFICIENT
2026-07-16,S003,Ghaziabad,P002,Wireless Mouse,Accessories,Supplier B,816.35,15.0,37,30204.95,244,197,14,False,7,2026,16,3,29,23.0,34.42857142857143,28.76,6.885714285714286,35.64571428571429,0.0,STOCK SUFFICIENT
2026-07-16,S002,Noida,P005,Power Bank,Electronics,Supplier B,1481.1,5.0,26,38508.6,196,184,2,False,7,2026,16,3,29,25.0,28.428571428571427,24.805,5.685714285714286,30.490714285714287,0.0,STOCK SUFFICIENT
2026-07-16,S005,Jaipur,P009,Running Shoes,Sports,Supplier A,3030.65,0.0,10,30306.5,155,74,3,False,7,2026,16,3,29,13.0,13.285714285714286,9.265,2.6571428571428575,11.922142857142859,0.0,STOCK SUFFICIENT
2026-07-17,S004,Lucknow,P001,Laptop Bag,Accessories,Supplier D,1142.12,0.0,17,19416.039999999997,152,129,5,False,7,2026,17,4,29,15.0,19.0,15.945,3.8000000000000003,19.745,0.0,STOCK SUFFICIENT
2026-07-17,S001,Delhi,P005,Power Bank,Electronics,Supplier B,1587.79,0.0,19,30168.01,446,200,11,False,7,2026,17,4,29,24.0,30.0,26.675,6.0,32.675,0.0,STOCK SUFFICIENT
2026-07-17,S004,Lucknow,P001,Laptop Bag,Accessories,Supplier D,1256.89,5.0,14,17596.460000000003,271,129,5,False,7,2026,17,4,29,17.0,17.714285714285715,15.54,3.542857142857143,19.082857142857144,0.0,STOCK SUFFICIENT
2026-07-17,S006,Chandigarh,P007,Smart Watch,Wearables,Supplier D,4180.06,0.0,14,58520.840000000004,87,57,3,False,7,2026,17,4,29,6.0,7.428571428571429,6.385,1.4857142857142858,7.8707142857142856,0.0,STOCK SUFFICIENT
2026-07-17,S001,Delhi,P007,Smart Watch,Wearables,Supplier A,4461.67,0.0,14,62463.380000000005,169,90,4,False,7,2026,17,4,29,11.0,11.428571428571429,11.45,2.285714285714286,13.735714285714286,0.0,STOCK SUFFICIENT
2026-07-17,S003,Ghaziabad,P011,Water Bottle,Sports,Supplier C,657.21,15.0,31,20373.510000000002,344,228,14,False,7,2026,17,4,29,26.0,33.142857142857146,38.18,6.62857142857143,44.808571428571426,0.0,STOCK SUFFICIENT
2026-07-17,S005,Jaipur,P009,Running Shoes,Sports,Supplier D,3084.59,0.0,14,43184.26,135,74,9,False,7,2026,17,4,29,10.0,13.142857142857142,9.24,2.6285714285714286,11.868571428571428,0.0,STOCK SUFFICIENT
2026-07-17,S001,Delhi,P003,Mechanical Keyboard,Accessories,Supplier C,2591.13,0.0,9,23320.170000000002,191,120,8,False,7,2026,17,4,29,15.0,17.857142857142858,15.37,3.5714285714285716,18.94142857142857,0.0,STOCK SUFFICIENT
2026-07-17,S004,Lucknow,P006,Bluetooth Speaker,Electronics,Supplier C,2875.94,15.0,10,28759.4,96,72,2,False,7,2026,17,4,29,9.0,9.0,11.95,1.8,13.75,0.0,STOCK SUFFICIENT
2026-07-17,S004,Lucknow,P007,Smart Watch,Wearables,Supplier D,4495.87,0.0,4,17983.48,119,64,5,False,7,2026,17,4,29,12.0,9.142857142857142,6.545,1.8285714285714285,8.373571428571429,0.0,STOCK SUFFICIENT
2026-07-17,S006,Chandigarh,P012,Backpack,Travel,Supplier D,1849.01,15.0,14,25886.14,91,96,4,True,7,2026,17,4,29,6.0,13.714285714285714,14.305,2.742857142857143,17.047857142857143,0.0,REORDER REQUIRED
2026-07-18,S006,Chandigarh,P007,Smart Watch,Wearables,Supplier A,4496.53,0.0,6,26979.18,60,57,12,False,7,2026,18,5,29,14.0,7.714285714285714,6.595,1.542857142857143,8.137857142857143,0.0,STOCK SUFFICIENT
2026-07-18,S006,Chandigarh,P008,Fitness Band,Wearables,Supplier B,2333.32,10.0,10,23333.2,134,83,13,False,7,2026,18,5,29,11.0,10.571428571428571,11.39,2.1142857142857143,13.504285714285714,0.0,STOCK SUFFICIENT
2026-07-18,S003,Ghaziabad,P004,USB-C Hub,Electronics,Supplier B,1714.83,5.0,24,41155.92,141,114,9,False,7,2026,18,5,29,18.0,15.0,15.6,3.0,18.6,0.0,STOCK SUFFICIENT
2026-07-18,S006,Chandigarh,P007,Smart Watch,Wearables,Supplier B,4207.07,5.0,11,46277.77,86,57,13,False,7,2026,18,5,29,6.0,7.714285714285714,7.415,1.542857142857143,8.957857142857144,0.0,STOCK SUFFICIENT
2026-07-18,S002,Noida,P010,Yoga Mat,Sports,Supplier C,1377.52,10.0,25,34438.0,282,156,6,False,7,2026,18,5,29,21.0,19.857142857142858,22.575,3.9714285714285715,26.54642857142857,0.0,STOCK SUFFICIENT
2026-07-18,S004,Lucknow,P005,Power Bank,Electronics,Supplier C,1527.02,0.0,21,32067.42,261,144,14,False,7,2026,18,5,29,31.0,20.571428571428573,18.085,4.114285714285715,22.199285714285715,0.0,STOCK SUFFICIENT
2026-07-18,S006,Chandigarh,P002,Wireless Mouse,Accessories,Supplier D,855.0,10.0,31,26505.0,253,166,11,False,7,2026,18,5,29,27.0,24.0,24.725,4.800000000000001,29.525000000000002,0.0,STOCK SUFFICIENT
2026-07-18,S001,Delhi,P013,Travel Adapter,Travel,Supplier D,1161.12,0.0,21,24383.519999999997,316,180,14,False,7,2026,18,5,29,30.0,27.571428571428573,24.46,5.514285714285715,29.974285714285717,0.0,STOCK SUFFICIENT
2026-07-18,S006,Chandigarh,P004,USB-C Hub,Electronics,Supplier A,1869.85,15.0,18,33657.299999999996,205,96,3,False,7,2026,18,5,29,12.0,14.0,13.545,2.8000000000000003,16.345,0.0,STOCK SUFFICIENT
2026-07-18,S003,Ghaziabad,P015,Office Chair,Furniture,Supplier A,8725.95,15.0,3,26177.850000000002,94,41,2,False,7,2026,18,5,29,4.0,5.0,6.395,1.0,7.395,0.0,STOCK SUFFICIENT
2026-07-18,S006,Chandigarh,P003,Mechanical Keyboard,Accessories,Supplier A,2423.13,5.0,3,7269.39,146,76,3,False,7,2026,18,5,29,7.0,10.285714285714286,9.265,2.0571428571428574,11.322142857142858,0.0,STOCK SUFFICIENT
2026-07-18,S002,Noida,P009,Running Shoes,Sports,Supplier D,3103.57,5.0,21,65174.97,160,101,7,False,7,2026,18,5,29,10.0,12.714285714285714,14.115,2.5428571428571427,16.657857142857143,0.0,STOCK SUFFICIENT
2026-07-18,S006,Chandigarh,P002,Wireless Mouse,Accessories,Supplier D,874.17,0.0,26,22728.42,339,166,14,False,7,2026,18,5,29,31.0,24.857142857142858,22.3,4.9714285714285715,27.271428571428572,0.0,STOCK SUFFICIENT
2026-07-18,S006,Chandigarh,P014,Desk Lamp,Home,Supplier A,1221.26,15.0,16,19540.16,279,102,14,False,7,2026,18,5,29,13.0,13.428571428571429,16.945,2.685714285714286,19.630714285714287,0.0,STOCK SUFFICIENT
2026-07-18,S001,Delhi,P006,Bluetooth Speaker,Electronics,Supplier D,2799.5,5.0,11,30794.5,196,100,4,False,7,2026,18,5,29,13.0,15.285714285714286,12.755,3.0571428571428574,15.812142857142858,0.0,STOCK SUFFICIENT
2026-07-18,S001,Delhi,P007,Smart Watch,Wearables,Supplier A,4256.08,0.0,12,51072.96,173,90,2,False,7,2026,18,5,29,14.0,11.571428571428571,13.115,2.3142857142857145,15.429285714285715,0.0,STOCK SUFFICIENT
2026-07-18,S005,Jaipur,P013,Travel Adapter,Travel,Supplier A,1080.93,10.0,18,19456.74,319,122,5,False,7,2026,18,5,29,11.0,16.0,16.43,3.2,19.63,0.0,STOCK SUFFICIENT
2026-07-18,S006,Chandigarh,P004,USB-C Hub,Electronics,Supplier D,1818.3,10.0,12,21819.6,217,96,6,False,7,2026,18,5,29,7.0,15.285714285714286,12.535,3.0571428571428574,15.592142857142857,0.0,STOCK SUFFICIENT
2026-07-18,S002,Noida,P008,Fitness Band,Wearables,Supplier D,2271.73,0.0,19,43162.87,147,119,10,False,7,2026,18,5,29,16.0,17.857142857142858,15.815,3.5714285714285716,19.38642857142857,0.0,STOCK SUFFICIENT
2026-07-19,S005,Jaipur,P003,Mechanical Keyboard,Accessories,Supplier B,2327.32,5.0,15,34909.8,153,81,7,False,7,2026,19,6,29,15.0,14.0,11.79,2.8000000000000003,14.59,0.0,STOCK SUFFICIENT
2026-07-19,S002,Noida,P006,Bluetooth Speaker,Electronics,Supplier C,2757.04,10.0,12,33084.479999999996,156,92,5,False,7,2026,19,6,29,11.0,11.714285714285714,13.2,2.342857142857143,15.542857142857143,0.0,STOCK SUFFICIENT
2026-07-19,S005,Jaipur,P007,Smart Watch,Wearables,Supplier B,4392.75,10.0,7,30749.25,124,61,13,False,7,2026,19,6,29,10.0,9.714285714285714,9.98,1.9428571428571428,11.922857142857143,0.0,STOCK SUFFICIENT
2026-07-19,S006,Chandigarh,P011,Water Bottle,Sports,Supplier D,732.73,5.0,27,19783.71,253,192,12,False,7,2026,19,6,29,30.0,26.571428571428573,29.76,5.314285714285715,35.074285714285715,0.0,STOCK SUFFICIENT
2026-07-19,S004,Lucknow,P001,Laptop Bag,Accessories,Supplier B,1290.2,15.0,27,34835.4,258,129,13,False,7,2026,19,6,29,14.0,16.714285714285715,19.115,3.3428571428571434,22.457857142857144,0.0,STOCK SUFFICIENT
2026-07-19,S005,Jaipur,P005,Power Bank,Electronics,Supplier A,1664.24,5.0,16,26627.84,265,136,2,False,7,2026,19,6,29,17.0,19.428571428571427,18.74,3.8857142857142857,22.625714285714285,0.0,STOCK SUFFICIENT
2026-07-19,S006,Chandigarh,P010,Yoga Mat,Sports,Supplier A,1370.26,20.0,15,20553.9,210,108,8,False,7,2026,19,6,29,24.0,17.571428571428573,19.115,3.5142857142857147,22.629285714285714,0.0,STOCK SUFFICIENT
2026-07-19,S005,Jaipur,P008,Fitness Band,Wearables,Supplier B,2153.21,0.0,12,25838.52,89,88,11,False,7,2026,19,6,29,13.0,13.142857142857142,11.57,2.6285714285714286,14.198571428571428,0.0,STOCK SUFFICIENT
2026-07-19,S002,Noida,P005,Power Bank,Electronics,Supplier D,1708.28,15.0,26,44415.28,442,184,7,False,7,2026,19,6,29,25.0,26.571428571428573,29.635,5.314285714285715,34.949285714285715,0.0,STOCK SUFFICIENT
2026-07-19,S002,Noida,P005,Power Bank,Electronics,Supplier D,1543.74,0.0,25,38593.5,452,184,14,False,7,2026,19,6,29,26.0,28.0,26.145,5.6000000000000005,31.745,0.0,STOCK SUFFICIENT
2026-07-19,S002,Noida,P010,Yoga Mat,Sports,Supplier D,1481.66,0.0,26,38523.16,227,156,8,False,7,2026,19,6,29,25.0,20.285714285714285,20.1,4.057142857142857,24.15714285714286,0.0,STOCK SUFFICIENT
2026-07-19,S004,Lucknow,P008,Fitness Band,Wearables,Supplier A,2311.16,0.0,13,30045.079999999998,194,93,14,False,7,2026,19,6,29,11.0,12.714285714285714,13.5,2.5428571428571427,16.042857142857144,0.0,STOCK SUFFICIENT
2026-07-19,S005,Jaipur,P004,USB-C Hub,Electronics,Supplier B,1892.93,10.0,13,24608.09,156,102,11,False,7,2026,19,6,29,11.0,13.285714285714286,14.38,2.6571428571428575,17.037142857142857,0.0,STOCK SUFFICIENT
2026-07-19,S001,Delhi,P011,Water Bottle,Sports,Supplier B,653.77,15.0,54,35303.58,626,300,9,False,7,2026,19,6,29,42.0,35.714285714285715,42.895,7.142857142857143,50.03785714285715,0.0,STOCK SUFFICIENT
2026-07-19,S005,Jaipur,P007,Smart Watch,Wearables,Supplier A,4237.03,0.0,9,38133.27,56,61,10,True,7,2026,19,6,29,7.0,9.285714285714286,6.99,1.8571428571428574,8.847142857142858,0.0,REORDER REQUIRED
2026-07-19,S004,Lucknow,P006,Bluetooth Speaker,Electronics,Supplier A,2640.86,15.0,17,44894.62,138,72,14,False,7,2026,19,6,29,10.0,9.0,11.005,1.8,12.805000000000001,0.0,STOCK SUFFICIENT
2026-07-19,S004,Lucknow,P003,Mechanical Keyboard,Accessories,Supplier C,2588.16,0.0,10,25881.6,244,86,6,False,7,2026,19,6,29,8.0,9.857142857142858,11.64,1.9714285714285715,13.611428571428572,0.0,STOCK SUFFICIENT
2026-07-19,S004,Lucknow,P005,Power Bank,Electronics,Supplier D,1532.37,10.0,22,33712.14,312,144,12,False,7,2026,19,6,29,21.0,21.142857142857142,21.93,4.228571428571429,26.158571428571427,0.0,STOCK SUFFICIENT
2026-07-20,S003,Ghaziabad,P003,Mechanical Keyboard,Accessories,Supplier B,2474.22,15.0,15,37113.299999999996,143,91,9,False,7,2026,20,0,30,8.0,10.857142857142858,11.785,2.1714285714285717,13.956428571428571,0.0,STOCK SUFFICIENT
2026-07-20,S005,Jaipur,P007,Smart Watch,Wearables,Supplier C,4640.67,10.0,11,51047.37,106,61,2,False,7,2026,20,0,30,9.0,9.428571428571429,8.44,1.885714285714286,10.325714285714286,0.0,STOCK SUFFICIENT
2026-07-20,S002,Noida,P005,Power Bank,Electronics,Supplier C,1524.91,0.0,18,27448.38,334,184,8,False,7,2026,20,0,30,26.0,26.714285714285715,23.075,5.342857142857143,28.417857142857144,0.0,STOCK SUFFICIENT
2026-07-20,S003,Ghaziabad,P015,Office Chair,Furniture,Supplier D,8030.04,0.0,2,16060.08,79,41,11,False,7,2026,20,0,30,4.0,4.428571428571429,4.615,0.8857142857142858,5.500714285714286,0.0,STOCK SUFFICIENT
2026-07-20,S005,Jaipur,P006,Bluetooth Speaker,Electronics,Supplier A,2596.95,0.0,11,28566.449999999997,149,68,2,False,7,2026,20,0,30,9.0,8.571428571428571,7.56,1.7142857142857144,9.274285714285714,0.0,STOCK SUFFICIENT
2026-07-20,S005,Jaipur,P009,Running Shoes,Sports,Supplier D,3148.29,0.0,14,44076.06,99,74,7,False,7,2026,20,0,30,14.0,12.714285714285714,9.775,2.5428571428571427,12.317857142857143,0.0,STOCK SUFFICIENT
2026-07-20,S003,Ghaziabad,P015,Office Chair,Furniture,Supplier D,8830.18,0.0,4,35320.72,81,41,5,False,7,2026,20,0,30,3.0,4.428571428571429,5.41,0.8857142857142858,6.295714285714286,0.0,STOCK SUFFICIENT
2026-07-20,S006,Chandigarh,P009,Running Shoes,Sports,Supplier A,3418.09,0.0,8,27344.72,75,70,6,False,7,2026,20,0,30,8.0,9.571428571428571,7.365,1.9142857142857144,9.279285714285715,0.0,STOCK SUFFICIENT
2026-07-20,S004,Lucknow,P009,Running Shoes,Sports,Supplier C,3434.41,0.0,5,17172.05,132,79,9,False,7,2026,20,0,30,11.0,12.142857142857142,9.08,2.428571428571429,11.508571428571429,0.0,STOCK SUFFICIENT
2026-07-20,S004,Lucknow,P009,Running Shoes,Sports,Supplier C,3083.24,0.0,13,40082.119999999995,141,79,6,False,7,2026,20,0,30,5.0,10.285714285714286,8.805,2.0571428571428574,10.862142857142857,0.0,STOCK SUFFICIENT
2026-07-20,S005,Jaipur,P004,USB-C Hub,Electronics,Supplier B,1846.27,0.0,14,25847.78,132,102,8,False,7,2026,20,0,30,13.0,13.428571428571429,13.375,2.685714285714286,16.060714285714287,0.0,STOCK SUFFICIENT
2026-07-20,S005,Jaipur,P013,Travel Adapter,Travel,Supplier D,1039.82,20.0,24,24955.68,219,122,6,False,7,2026,20,0,30,18.0,15.571428571428571,16.655,3.1142857142857143,19.769285714285715,0.0,STOCK SUFFICIENT
2026-07-20,S004,Lucknow,P003,Mechanical Keyboard,Accessories,Supplier C,2425.06,5.0,13,31525.78,121,86,11,False,7,2026,20,0,30,10.0,9.857142857142858,9.435,1.9714285714285715,11.406428571428572,0.0,STOCK SUFFICIENT
2026-07-20,S003,Ghaziabad,P012,Backpack,Travel,Supplier B,1944.13,0.0,14,27217.82,241,114,8,False,7,2026,20,0,30,9.0,12.714285714285714,13.355,2.5428571428571427,15.897857142857143,0.0,STOCK SUFFICIENT
2026-07-20,S001,Delhi,P004,USB-C Hub,Electronics,Supplier B,1909.54,10.0,24,45828.96,268,150,10,False,7,2026,20,0,30,17.0,17.571428571428573,20.705,3.5142857142857147,24.219285714285714,0.0,STOCK SUFFICIENT
2026-07-20,S002,Noida,P009,Running Shoes,Sports,Supplier B,3152.37,15.0,11,34676.07,193,101,14,False,7,2026,20,0,30,21.0,13.428571428571429,15.52,2.685714285714286,18.205714285714286,0.0,STOCK SUFFICIENT
2026-07-20,S004,Lucknow,P002,Wireless Mouse,Accessories,Supplier D,912.21,0.0,14,12770.94,342,187,11,False,7,2026,20,0,30,20.0,24.428571428571427,22.92,4.885714285714286,27.805714285714288,0.0,STOCK SUFFICIENT
2026-07-20,S004,Lucknow,P011,Water Bottle,Sports,Supplier D,718.0,15.0,32,22976.0,244,216,12,False,7,2026,20,0,30,25.0,31.0,31.275,6.2,37.475,0.0,STOCK SUFFICIENT
2026-07-21,S006,Chandigarh,P004,USB-C Hub,Electronics,Supplier C,1857.96,0.0,12,22295.52,182,96,8,False,7,2026,21,1,30,18.0,14.285714285714286,10.61,2.8571428571428577,13.467142857142857,0.0,STOCK SUFFICIENT
2026-07-21,S004,Lucknow,P003,Mechanical Keyboard,Accessories,Supplier C,2553.03,5.0,8,20424.24,205,86,12,False,7,2026,21,1,30,13.0,10.428571428571429,9.94,2.085714285714286,12.025714285714285,0.0,STOCK SUFFICIENT
2026-07-21,S006,Chandigarh,P001,Laptop Bag,Accessories,Supplier B,1116.09,10.0,19,21205.71,177,115,7,False,7,2026,21,1,30,21.0,19.714285714285715,15.755,3.942857142857143,19.697857142857146,0.0,STOCK SUFFICIENT
2026-07-21,S004,Lucknow,P012,Backpack,Travel,Supplier B,1814.23,5.0,14,25399.22,234,108,14,False,7,2026,21,1,30,12.0,16.714285714285715,13.985,3.3428571428571434,17.32785714285714,0.0,STOCK SUFFICIENT
2026-07-21,S004,Lucknow,P013,Travel Adapter,Travel,Supplier A,1185.76,0.0,20,23715.2,286,129,7,False,7,2026,21,1,30,13.0,17.142857142857142,15.515,3.428571428571429,18.94357142857143,0.0,STOCK SUFFICIENT
2026-07-21,S005,Jaipur,P015,Office Chair,Furniture,Supplier B,8905.95,5.0,5,44529.75,49,37,3,False,7,2026,21,1,30,8.0,6.0,5.48,1.2000000000000002,6.680000000000001,0.0,STOCK SUFFICIENT
2026-07-21,S003,Ghaziabad,P005,Power Bank,Electronics,Supplier C,1704.17,0.0,16,27266.72,298,152,9,False,7,2026,21,1,30,17.0,19.714285714285715,19.345,3.942857142857143,23.287857142857142,0.0,STOCK SUFFICIENT
2026-07-21,S006,Chandigarh,P006,Bluetooth Speaker,Electronics,Supplier C,3018.88,15.0,8,24151.04,132,64,12,False,7,2026,21,1,30,15.0,10.428571428571429,9.555,2.085714285714286,11.640714285714285,0.0,STOCK SUFFICIENT
2026-07-21,S006,Chandigarh,P015,Office Chair,Furniture,Supplier D,8056.27,5.0,5,40281.350000000006,70,35,2,False,7,2026,21,1,30,7.0,5.285714285714286,4.43,1.0571428571428572,5.487142857142857,0.0,STOCK SUFFICIENT
2026-07-21,S001,Delhi,P012,Backpack,Travel,Supplier A,1875.23,0.0,17,31878.91,204,150,4,False,7,2026,21,1,30,24.0,22.285714285714285,18.0,4.457142857142857,22.457142857142856,0.0,STOCK SUFFICIENT
2026-07-21,S003,Ghaziabad,P012,Backpack,Travel,Supplier C,1801.42,10.0,16,28822.72,231,114,14,False,7,2026,21,1,30,14.0,12.857142857142858,15.74,2.5714285714285716,18.31142857142857,0.0,STOCK SUFFICIENT
2026-07-21,S005,Jaipur,P007,Smart Watch,Wearables,Supplier D,4443.05,5.0,7,31101.350000000002,88,61,9,False,7,2026,21,1,30,11.0,10.142857142857142,6.395,2.0285714285714285,8.423571428571428,0.0,STOCK SUFFICIENT
2026-07-22,S001,Delhi,P008,Fitness Band,Wearables,Supplier A,2150.58,5.0,18,38710.44,255,130,13,False,7,2026,22,2,30,9.0,16.571428571428573,14.805,3.314285714285715,18.119285714285716,0.0,STOCK SUFFICIENT
2026-07-22,S005,Jaipur,P010,Yoga Mat,Sports,Supplier D,1296.64,20.0,9,11669.76,238,115,9,False,7,2026,22,2,30,15.0,13.571428571428571,16.765,2.7142857142857144,19.479285714285716,0.0,STOCK SUFFICIENT
2026-07-22,S006,Chandigarh,P014,Desk Lamp,Home,Supplier D,1197.67,10.0,18,21558.06,106,102,3,False,7,2026,22,2,30,16.0,13.428571428571429,13.385,2.685714285714286,16.070714285714285,0.0,STOCK SUFFICIENT
2026-07-22,S003,Ghaziabad,P014,Desk Lamp,Home,Supplier C,1196.54,0.0,15,17948.1,266,121,7,False,7,2026,22,2,30,16.0,18.571428571428573,15.935,3.714285714285715,19.649285714285714,0.0,STOCK SUFFICIENT
2026-07-22,S003,Ghaziabad,P012,Backpack,Travel,Supplier B,2006.25,15.0,15,30093.75,226,114,6,False,7,2026,22,2,30,16.0,13.142857142857142,15.505,2.6285714285714286,18.13357142857143,0.0,STOCK SUFFICIENT
2026-07-22,S004,Lucknow,P014,Desk Lamp,Home,Supplier C,1390.93,5.0,11,15300.230000000001,282,115,2,False,7,2026,22,2,30,20.0,16.142857142857142,14.25,3.2285714285714286,17.478571428571428,0.0,STOCK SUFFICIENT
2026-07-22,S005,Jaipur,P007,Smart Watch,Wearables,Supplier B,4287.95,5.0,4,17151.8,55,61,9,True,7,2026,22,2,30,7.0,9.714285714285714,6.905,1.9428571428571428,8.847857142857142,0.0,REORDER REQUIRED
2026-07-22,S004,Lucknow,P004,USB-C Hub,Electronics,Supplier D,1663.04,5.0,10,16630.4,241,108,2,False,7,2026,22,2,30,22.0,16.857142857142858,13.895,3.371428571428572,17.26642857142857,0.0,STOCK SUFFICIENT
2026-07-22,S002,Noida,P006,Bluetooth Speaker,Electronics,Supplier B,2596.16,5.0,10,25961.6,187,92,3,False,7,2026,22,2,30,21.0,12.285714285714286,11.04,2.4571428571428573,13.497142857142856,0.0,STOCK SUFFICIENT
2026-07-22,S005,Jaipur,P008,Fitness Band,Wearables,Supplier C,2282.94,0.0,6,13697.64,124,88,6,False,7,2026,22,2,30,12.0,13.0,10.095,2.6,12.695,0.0,STOCK SUFFICIENT
2026-07-22,S002,Noida,P013,Travel Adapter,Travel,Supplier A,1090.77,15.0,19,20724.63,222,165,10,False,7,2026,22,2,30,27.0,23.857142857142858,24.485,4.771428571428571,29.25642857142857,0.0,STOCK SUFFICIENT
2026-07-22,S002,Noida,P014,Desk Lamp,Home,Supplier C,1330.58,0.0,17,22619.86,314,147,2,False,7,2026,22,2,30,12.0,18.857142857142858,18.725,3.771428571428572,22.496428571428574,0.0,STOCK SUFFICIENT
2026-07-22,S003,Ghaziabad,P010,Yoga Mat,Sports,Supplier A,1346.51,0.0,13,17504.63,369,129,14,False,7,2026,22,2,30,14.0,17.0,15.36,3.4000000000000004,18.759999999999998,0.0,STOCK SUFFICIENT
2026-07-22,S003,Ghaziabad,P010,Yoga Mat,Sports,Supplier A,1476.84,20.0,24,35444.159999999996,269,129,13,False,7,2026,22,2,30,13.0,16.714285714285715,17.135,3.3428571428571434,20.477857142857147,0.0,STOCK SUFFICIENT
2026-07-22,S003,Ghaziabad,P014,Desk Lamp,Home,Supplier B,1310.56,5.0,17,22279.52,201,121,2,False,7,2026,22,2,30,15.0,18.428571428571427,15.595,3.6857142857142855,19.280714285714286,0.0,STOCK SUFFICIENT
2026-07-22,S001,Delhi,P004,USB-C Hub,Electronics,Supplier D,1863.42,0.0,16,29814.72,234,150,12,False,7,2026,22,2,30,24.0,18.857142857142858,17.39,3.771428571428572,21.161428571428573,0.0,STOCK SUFFICIENT
2026-07-22,S002,Noida,P006,Bluetooth Speaker,Electronics,Supplier A,2800.5,0.0,21,58810.5,153,92,4,False,7,2026,22,2,30,12.0,11.0,9.95,2.2,12.149999999999999,0.0,STOCK SUFFICIENT
2026-07-23,S004,Lucknow,P003,Mechanical Keyboard,Accessories,Supplier A,2286.32,0.0,11,25149.52,190,86,13,False,7,2026,23,3,30,8.0,10.714285714285714,9.16,2.142857142857143,11.302857142857142,0.0,STOCK SUFFICIENT
2026-07-23,S001,Delhi,P006,Bluetooth Speaker,Electronics,Supplier C,2817.88,0.0,12,33814.56,158,100,11,False,7,2026,23,3,30,11.0,14.857142857142858,13.215,2.9714285714285715,16.18642857142857,0.0,STOCK SUFFICIENT
2026-07-23,S003,Ghaziabad,P006,Bluetooth Speaker,Electronics,Supplier D,2780.51,0.0,11,30585.61,153,76,3,False,7,2026,23,3,30,8.0,12.285714285714286,9.14,2.4571428571428573,11.597142857142858,0.0,STOCK SUFFICIENT
2026-07-23,S004,Lucknow,P012,Backpack,Travel,Supplier B,1905.47,10.0,18,34298.46,177,108,12,False,7,2026,23,3,30,14.0,16.285714285714285,14.26,3.257142857142857,17.517142857142858,0.0,STOCK SUFFICIENT
2026-07-23,S003,Ghaziabad,P005,Power Bank,Electronics,Supplier C,1714.49,5.0,22,37718.78,265,152,7,False,7,2026,23,3,30,16.0,18.571428571428573,21.36,3.714285714285715,25.074285714285715,0.0,STOCK SUFFICIENT
2026-07-23,S003,Ghaziabad,P007,Smart Watch,Wearables,Supplier D,4537.97,5.0,14,63531.58,156,68,4,False,7,2026,23,3,30,9.0,11.714285714285714,8.31,2.342857142857143,10.652857142857144,0.0,STOCK SUFFICIENT
2026-07-23,S006,Chandigarh,P007,Smart Watch,Wearables,Supplier A,4781.24,0.0,6,28687.44,84,57,11,False,7,2026,23,3,30,11.0,8.857142857142858,5.96,1.7714285714285716,7.731428571428571,0.0,STOCK SUFFICIENT
2026-07-23,S004,Lucknow,P005,Power Bank,Electronics,Supplier D,1662.16,0.0,10,16621.600000000002,248,144,10,False,7,2026,23,3,30,22.0,21.285714285714285,17.305,4.257142857142857,21.562142857142856,0.0,STOCK SUFFICIENT
2026-07-23,S005,Jaipur,P013,Travel Adapter,Travel,Supplier B,1136.77,10.0,12,13641.24,346,122,13,False,7,2026,23,3,30,24.0,16.142857142857142,15.33,3.2285714285714286,18.55857142857143,0.0,STOCK SUFFICIENT
2026-07-23,S004,Lucknow,P006,Bluetooth Speaker,Electronics,Supplier C,2837.13,5.0,10,28371.300000000003,157,72,7,False,7,2026,23,3,30,17.0,9.857142857142858,8.915,1.9714285714285715,10.88642857142857,0.0,STOCK SUFFICIENT
2026-07-23,S003,Ghaziabad,P008,Fitness Band,Wearables,Supplier B,2154.65,10.0,16,34474.4,99,98,10,False,7,2026,23,3,30,6.0,12.285714285714286,14.77,2.4571428571428573,17.22714285714286,0.0,STOCK SUFFICIENT
2026-07-23,S002,Noida,P007,Smart Watch,Wearables,Supplier C,4618.16,5.0,10,46181.6,245,82,6,False,7,2026,23,3,30,7.0,10.571428571428571,10.525,2.1142857142857143,12.639285714285714,0.0,STOCK SUFFICIENT
2026-07-23,S006,Chandigarh,P012,Backpack,Travel,Supplier A,1893.68,20.0,15,28405.2,117,96,8,False,7,2026,23,3,30,14.0,12.142857142857142,13.02,2.428571428571429,15.448571428571428,0.0,STOCK SUFFICIENT
2026-07-24,S002,Noida,P002,Wireless Mouse,Accessories,Supplier D,895.61,0.0,25,22390.25,340,239,12,False,7,2026,24,4,30,38.0,33.42857142857143,31.38,6.685714285714287,38.065714285714286,0.0,STOCK SUFFICIENT
2026-07-24,S006,Chandigarh,P007,Smart Watch,Wearables,Supplier B,4635.15,5.0,2,9270.3,81,57,5,False,7,2026,24,4,30,6.0,8.571428571428571,6.205,1.7142857142857144,7.9192857142857145,0.0,STOCK SUFFICIENT
2026-07-24,S003,Ghaziabad,P010,Yoga Mat,Sports,Supplier C,1360.05,0.0,15,20400.75,204,129,13,False,7,2026,24,4,30,24.0,18.142857142857142,15.68,3.6285714285714286,19.30857142857143,0.0,STOCK SUFFICIENT
2026-07-24,S003,Ghaziabad,P013,Travel Adapter,Travel,Supplier A,1078.81,5.0,11,11866.91,202,136,9,False,7,2026,24,4,30,10.0,22.285714285714285,16.6,4.457142857142857,21.057142857142857,0.0,STOCK SUFFICIENT
2026-07-24,S003,Ghaziabad,P013,Travel Adapter,Travel,Supplier A,1149.05,5.0,28,32173.399999999998,289,136,8,False,7,2026,24,4,30,11.0,20.714285714285715,16.875,4.142857142857143,21.017857142857142,0.0,STOCK SUFFICIENT
2026-07-24,S003,Ghaziabad,P001,Laptop Bag,Accessories,Supplier B,1269.57,20.0,15,19043.55,119,136,14,True,7,2026,24,4,30,16.0,20.571428571428573,18.565,4.114285714285715,22.679285714285715,0.0,REORDER REQUIRED
2026-07-24,S006,Chandigarh,P010,Yoga Mat,Sports,Supplier B,1491.73,5.0,11,16409.03,81,108,9,True,7,2026,24,4,30,15.0,16.142857142857142,14.165,3.2285714285714286,17.393571428571427,0.0,REORDER REQUIRED
2026-07-24,S006,Chandigarh,P005,Power Bank,Electronics,Supplier A,1563.56,10.0,17,26580.52,270,128,7,False,7,2026,24,4,30,24.0,16.285714285714285,17.03,3.257142857142857,20.287142857142857,0.0,STOCK SUFFICIENT
2026-07-24,S001,Delhi,P004,USB-C Hub,Electronics,Supplier B,1841.35,15.0,24,44192.399999999994,383,150,13,False,7,2026,24,4,30,16.0,18.714285714285715,20.17,3.7428571428571433,23.912857142857145,0.0,STOCK SUFFICIENT
2026-07-24,S005,Jaipur,P005,Power Bank,Electronics,Supplier B,1603.29,15.0,10,16032.9,144,136,11,False,7,2026,24,4,30,16.0,17.714285714285715,18.435,3.542857142857143,21.977857142857143,0.0,STOCK SUFFICIENT
2026-07-24,S002,Noida,P010,Yoga Mat,Sports,Supplier C,1465.52,5.0,23,33706.96,270,156,13,False,7,2026,24,4,30,26.0,21.428571428571427,21.035,4.285714285714286,25.320714285714285,0.0,STOCK SUFFICIENT
2026-07-24,S001,Delhi,P005,Power Bank,Electronics,Supplier C,1641.31,0.0,19,31184.89,359,200,5,False,7,2026,24,4,30,19.0,28.571428571428573,22.415,5.714285714285715,28.129285714285714,0.0,STOCK SUFFICIENT
2026-07-24,S002,Noida,P005,Power Bank,Electronics,Supplier D,1646.38,0.0,15,24695.7,442,184,8,False,7,2026,24,4,30,18.0,25.428571428571427,23.065,5.085714285714285,28.150714285714287,0.0,STOCK SUFFICIENT
2026-07-24,S004,Lucknow,P001,Laptop Bag,Accessories,Supplier A,1191.72,0.0,15,17875.8,205,129,2,False,7,2026,24,4,30,27.0,18.0,15.975,3.6,19.575,0.0,STOCK SUFFICIENT
2026-07-24,S004,Lucknow,P011,Water Bottle,Sports,Supplier D,669.85,5.0,30,20095.5,426,216,8,False,7,2026,24,4,30,32.0,29.142857142857142,25.62,5.828571428571429,31.44857142857143,0.0,STOCK SUFFICIENT
2026-07-24,S004,Lucknow,P013,Travel Adapter,Travel,Supplier C,1041.83,10.0,24,25003.92,346,129,2,False,7,2026,24,4,30,20.0,16.428571428571427,16.37,3.2857142857142856,19.655714285714286,0.0,STOCK SUFFICIENT
2026-07-24,S001,Delhi,P008,Fitness Band,Wearables,Supplier D,2122.63,0.0,14,29716.82,324,130,13,False,7,2026,24,4,30,18.0,16.285714285714285,14.575,3.257142857142857,17.832142857142856,0.0,STOCK SUFFICIENT
2026-07-24,S002,Noida,P012,Backpack,Travel,Supplier D,1850.99,5.0,16,29615.84,185,138,12,False,7,2026,24,4,30,18.0,23.428571428571427,16.27,4.685714285714286,20.955714285714286,0.0,STOCK SUFFICIENT
2026-07-24,S003,Ghaziabad,P005,Power Bank,Electronics,Supplier A,1567.46,10.0,20,31349.2,380,152,5,False,7,2026,24,4,30,22.0,18.857142857142858,20.715,3.771428571428572,24.486428571428572,0.0,STOCK SUFFICIENT
2026-07-25,S004,Lucknow,P002,Wireless Mouse,Accessories,Supplier B,794.12,5.0,25,19853.0,326,187,3,False,7,2026,25,5,30,14.0,22.714285714285715,26.935,4.542857142857144,31.477857142857143,0.0,STOCK SUFFICIENT
2026-07-25,S003,Ghaziabad,P012,Backpack,Travel,Supplier A,1879.95,0.0,14,26319.3,143,114,8,False,7,2026,25,5,30,15.0,13.285714285714286,15.04,2.6571428571428575,17.697142857142858,0.0,STOCK SUFFICIENT
2026-07-25,S005,Jaipur,P013,Travel Adapter,Travel,Supplier A,1055.66,0.0,14,14779.240000000002,230,122,13,False,7,2026,25,5,30,12.0,15.714285714285714,14.735,3.142857142857143,17.877857142857142,0.0,STOCK SUFFICIENT
2026-07-25,S006,Chandigarh,P012,Backpack,Travel,Supplier A,1801.98,5.0,13,23425.74,44,96,2,True,7,2026,25,5,30,15.0,12.857142857142858,12.14,2.5714285714285716,14.711428571428572,0.0,REORDER REQUIRED
2026-07-25,S006,Chandigarh,P014,Desk Lamp,Home,Supplier C,1313.81,0.0,13,17079.53,253,102,7,False,7,2026,25,5,30,18.0,13.857142857142858,13.83,2.771428571428572,16.60142857142857,0.0,STOCK SUFFICIENT
2026-07-25,S005,Jaipur,P013,Travel Adapter,Travel,Supplier A,1057.31,15.0,22,23260.82,344,122,2,False,7,2026,25,5,30,14.0,15.571428571428571,18.415,3.1142857142857143,21.529285714285713,0.0,STOCK SUFFICIENT
2026-07-25,S004,Lucknow,P012,Backpack,Travel,Supplier C,1839.06,5.0,15,27585.899999999998,236,108,4,False,7,2026,25,5,30,18.0,16.0,14.01,3.2,17.21,0.0,STOCK SUFFICIENT
2026-07-25,S005,Jaipur,P013,Travel Adapter,Travel,Supplier B,1180.95,20.0,12,14171.400000000001,294,122,4,False,7,2026,25,5,30,22.0,17.285714285714285,24.41,3.4571428571428573,27.86714285714286,0.0,STOCK SUFFICIENT
2026-07-25,S005,Jaipur,P003,Mechanical Keyboard,Accessories,Supplier C,2296.11,10.0,12,27553.32,157,81,3,False,7,2026,25,5,30,15.0,14.142857142857142,12.555,2.8285714285714287,15.383571428571429,0.0,STOCK SUFFICIENT
2026-07-25,S006,Chandigarh,P011,Water Bottle,Sports,Supplier D,754.27,0.0,26,19611.02,227,192,11,False,7,2026,25,5,30,27.0,26.714285714285715,28.765,5.342857142857143,34.10785714285714,0.0,STOCK SUFFICIENT
2026-07-25,S004,Lucknow,P013,Travel Adapter,Travel,Supplier A,1110.57,0.0,17,18879.69,298,129,12,False,7,2026,25,5,30,24.0,17.857142857142858,16.515,3.5714285714285716,20.086428571428574,0.0,STOCK SUFFICIENT
2026-07-25,S002,Noida,P007,Smart Watch,Wearables,Supplier D,4453.52,20.0,14,62349.280000000006,164,82,9,False,7,2026,25,5,30,10.0,10.285714285714286,12.11,2.0571428571428574,14.167142857142856,0.0,STOCK SUFFICIENT
2026-07-25,S002,Noida,P014,Desk Lamp,Home,Supplier D,1229.2,0.0,17,20896.4,318,147,6,False,7,2026,25,5,30,17.0,17.428571428571427,18.77,3.4857142857142858,22.255714285714284,0.0,STOCK SUFFICIENT
2026-07-25,S001,Delhi,P008,Fitness Band,Wearables,Supplier D,2061.1,0.0,23,47405.299999999996,255,130,2,False,7,2026,25,5,30,14.0,15.857142857142858,16.51,3.1714285714285717,19.681428571428572,0.0,STOCK SUFFICIENT
2026-07-25,S005,Jaipur,P009,Running Shoes,Sports,Supplier D,3226.67,0.0,17,54853.39,116,74,8,False,7,2026,25,5,30,14.0,12.857142857142858,10.765,2.5714285714285716,13.336428571428572,0.0,STOCK SUFFICIENT
2026-07-25,S005,Jaipur,P004,USB-C Hub,Electronics,Supplier C,1766.21,0.0,12,21194.52,168,102,11,False,7,2026,25,5,30,14.0,13.285714285714286,13.695,2.6571428571428575,16.35214285714286,0.0,STOCK SUFFICIENT
2026-07-25,S001,Delhi,P007,Smart Watch,Wearables,Supplier C,4759.55,5.0,16,76152.8,177,90,7,False,7,2026,25,5,30,12.0,11.571428571428571,14.29,2.3142857142857145,16.604285714285712,0.0,STOCK SUFFICIENT
2026-07-26,S006,Chandigarh,P001,Laptop Bag,Accessories,Supplier A,1257.13,15.0,19,23885.47,150,115,5,False,7,2026,26,6,30,19.0,19.428571428571427,16.18,3.8857142857142857,20.065714285714286,0.0,STOCK SUFFICIENT
2026-07-26,S005,Jaipur,P014,Desk Lamp,Home,Supplier A,1392.0,0.0,15,20880.0,146,108,10,False,7,2026,26,6,30,12.0,14.857142857142858,13.945,2.9714285714285715,16.916428571428572,0.0,STOCK SUFFICIENT
2026-07-26,S002,Noida,P014,Desk Lamp,Home,Supplier B,1313.58,0.0,17,22330.86,332,147,13,False,7,2026,26,6,30,17.0,15.857142857142858,18.75,3.1714285714285717,21.92142857142857,0.0,STOCK SUFFICIENT
2026-07-26,S005,Jaipur,P007,Smart Watch,Wearables,Supplier C,4178.13,10.0,12,50137.56,104,61,14,False,7,2026,26,6,30,4.0,9.0,10.235,1.8,12.035,0.0,STOCK SUFFICIENT
2026-07-26,S006,Chandigarh,P007,Smart Watch,Wearables,Supplier B,4412.76,10.0,5,22063.800000000003,113,57,7,False,7,2026,26,6,30,2.0,7.428571428571429,8.93,1.4857142857142858,10.415714285714285,0.0,STOCK SUFFICIENT
2026-07-26,S004,Lucknow,P011,Water Bottle,Sports,Supplier A,752.91,20.0,35,26351.85,388,216,7,False,7,2026,26,6,30,30.0,28.857142857142858,33.54,5.771428571428572,39.31142857142857,0.0,STOCK SUFFICIENT
2026-07-26,S004,Lucknow,P011,Water Bottle,Sports,Supplier B,737.82,0.0,24,17707.68,468,216,3,False,7,2026,26,6,30,35.0,29.142857142857142,28.465,5.828571428571429,34.293571428571425,0.0,STOCK SUFFICIENT
2026-07-26,S001,Delhi,P005,Power Bank,Electronics,Supplier D,1562.93,0.0,25,39073.25,354,200,5,False,7,2026,26,6,30,19.0,24.857142857142858,25.445,4.9714285714285715,30.416428571428572,0.0,STOCK SUFFICIENT
2026-07-26,S006,Chandigarh,P009,Running Shoes,Sports,Supplier B,3060.93,10.0,9,27548.37,86,70,10,False,7,2026,26,6,30,8.0,9.428571428571429,8.39,1.885714285714286,10.275714285714287,0.0,STOCK SUFFICIENT
2026-07-26,S004,Lucknow,P005,Power Bank,Electronics,Supplier B,1708.58,15.0,24,41005.92,215,144,2,False,7,2026,26,6,30,10.0,19.571428571428573,23.81,3.9142857142857146,27.724285714285713,0.0,STOCK SUFFICIENT
2026-07-26,S002,Noida,P011,Water Bottle,Sports,Supplier D,755.97,15.0,50,37798.5,436,276,6,False,7,2026,26,6,30,36.0,40.714285714285715,47.02,8.142857142857144,55.16285714285715,0.0,STOCK SUFFICIENT
2026-07-26,S001,Delhi,P008,Fitness Band,Wearables,Supplier A,2054.64,0.0,24,49311.36,261,130,7,False,7,2026,26,6,30,23.0,15.857142857142858,16.065,3.1714285714285717,19.236428571428572,0.0,STOCK SUFFICIENT
2026-07-26,S001,Delhi,P009,Running Shoes,Sports,Supplier B,3237.0,0.0,16,51792.0,238,110,2,False,7,2026,26,6,30,17.0,14.428571428571429,14.495,2.885714285714286,17.380714285714284,0.0,STOCK SUFFICIENT
2026-07-27,S005,Jaipur,P013,Travel Adapter,Travel,Supplier B,1095.04,0.0,13,14235.52,103,122,12,True,7,2026,27,0,31,12.0,16.142857142857142,14.86,3.2285714285714286,18.088571428571427,0.0,REORDER REQUIRED
2026-07-27,S006,Chandigarh,P002,Wireless Mouse,Accessories,Supplier D,905.2,5.0,25,22630.0,355,166,9,False,7,2026,27,0,31,26.0,26.142857142857142,23.195,5.228571428571429,28.423571428571428,0.0,STOCK SUFFICIENT
2026-07-27,S003,Ghaziabad,P003,Mechanical Keyboard,Accessories,Supplier C,2333.27,5.0,14,32665.78,52,91,14,True,7,2026,27,0,31,15.0,10.285714285714286,11.415,2.0571428571428574,13.472142857142856,0.0,REORDER REQUIRED
2026-07-27,S005,Jaipur,P015,Office Chair,Furniture,Supplier A,8794.39,15.0,3,26383.17,54,37,10,False,7,2026,27,0,31,5.0,5.857142857142857,5.525,1.1714285714285715,6.696428571428572,0.0,STOCK SUFFICIENT
2026-07-27,S002,Noida,P005,Power Bank,Electronics,Supplier B,1665.59,15.0,20,33311.799999999996,454,184,14,False,7,2026,27,0,31,15.0,23.285714285714285,23.56,4.6571428571428575,28.217142857142857,0.0,STOCK SUFFICIENT
2026-07-27,S003,Ghaziabad,P005,Power Bank,Electronics,Supplier A,1726.31,0.0,19,32799.89,331,152,4,False,7,2026,27,0,31,20.0,19.285714285714285,19.5,3.857142857142857,23.357142857142858,0.0,STOCK SUFFICIENT
2026-07-27,S006,Chandigarh,P007,Smart Watch,Wearables,Supplier A,4729.18,10.0,8,37833.44,90,57,6,False,7,2026,27,0,31,5.0,7.142857142857143,7.45,1.4285714285714288,8.87857142857143,0.0,STOCK SUFFICIENT
2026-07-27,S001,Delhi,P013,Travel Adapter,Travel,Supplier D,1135.3,0.0,24,27247.199999999997,304,180,5,False,7,2026,27,0,31,21.0,26.714285714285715,23.05,5.342857142857143,28.392857142857146,0.0,STOCK SUFFICIENT
2026-07-27,S006,Chandigarh,P010,Yoga Mat,Sports,Supplier D,1301.77,0.0,18,23431.86,209,108,9,False,7,2026,27,0,31,11.0,16.285714285714285,13.295,3.257142857142857,16.552142857142858,0.0,STOCK SUFFICIENT
2026-07-27,S006,Chandigarh,P003,Mechanical Keyboard,Accessories,Supplier B,2216.79,5.0,12,26601.48,96,76,12,False,7,2026,27,0,31,3.0,8.857142857142858,10.22,1.7714285714285716,11.991428571428573,0.0,STOCK SUFFICIENT
2026-07-27,S003,Ghaziabad,P001,Laptop Bag,Accessories,Supplier B,1150.98,0.0,9,10358.82,154,136,14,False,7,2026,27,0,31,15.0,19.142857142857142,17.645,3.8285714285714287,21.47357142857143,0.0,STOCK SUFFICIENT
2026-07-27,S005,Jaipur,P010,Yoga Mat,Sports,Supplier C,1402.95,15.0,19,26656.05,301,115,13,False,7,2026,27,0,31,9.0,12.142857142857142,15.0,2.428571428571429,17.42857142857143,0.0,STOCK SUFFICIENT
2026-07-28,S003,Ghaziabad,P010,Yoga Mat,Sports,Supplier C,1480.99,5.0,13,19252.87,157,129,8,False,7,2026,28,1,31,15.0,16.857142857142858,15.055,3.371428571428572,18.426428571428573,0.0,STOCK SUFFICIENT
2026-07-28,S001,Delhi,P005,Power Bank,Electronics,Supplier C,1511.15,10.0,18,27200.7,395,200,3,False,7,2026,28,1,31,25.0,24.428571428571427,23.91,4.885714285714286,28.795714285714286,0.0,STOCK SUFFICIENT
2026-07-28,S003,Ghaziabad,P006,Bluetooth Speaker,Electronics,Supplier D,2713.48,0.0,7,18994.36,130,76,9,False,7,2026,28,1,31,11.0,12.0,9.205,2.4000000000000004,11.605,0.0,STOCK SUFFICIENT
2026-07-28,S003,Ghaziabad,P014,Desk Lamp,Home,Supplier B,1225.4,10.0,12,14704.800000000001,201,121,7,False,7,2026,28,1,31,17.0,18.857142857142858,17.17,3.771428571428572,20.941428571428574,0.0,STOCK SUFFICIENT
2026-07-28,S001,Delhi,P006,Bluetooth Speaker,Electronics,Supplier B,2973.33,15.0,14,41626.619999999995,183,100,12,False,7,2026,28,1,31,12.0,13.714285714285714,14.805,2.742857142857143,17.547857142857143,0.0,STOCK SUFFICIENT
2026-07-28,S004,Lucknow,P002,Wireless Mouse,Accessories,Supplier D,796.05,5.0,21,16717.05,228,187,13,False,7,2026,28,1,31,25.0,23.571428571428573,24.175,4.714285714285714,28.889285714285716,0.0,STOCK SUFFICIENT
2026-07-28,S005,Jaipur,P011,Water Bottle,Sports,Supplier A,655.85,0.0,25,16396.25,217,204,5,False,7,2026,28,1,31,25.0,27.285714285714285,23.925,5.457142857142857,29.38214285714286,0.0,STOCK SUFFICIENT
2026-07-28,S002,Noida,P003,Mechanical Keyboard,Accessories,Supplier D,2489.41,20.0,14,34851.74,240,110,14,False,7,2026,28,1,31,16.0,15.142857142857142,15.975,3.0285714285714285,19.003571428571426,0.0,STOCK SUFFICIENT
2026-07-28,S005,Jaipur,P013,Travel Adapter,Travel,Supplier D,1113.26,0.0,7,7792.82,268,122,11,False,7,2026,28,1,31,13.0,16.428571428571427,15.39,3.2857142857142856,18.675714285714285,0.0,STOCK SUFFICIENT
2026-07-28,S002,Noida,P003,Mechanical Keyboard,Accessories,Supplier C,2392.75,5.0,12,28713.0,229,110,13,False,7,2026,28,1,31,14.0,14.285714285714286,14.225,2.8571428571428577,17.082142857142856,0.0,STOCK SUFFICIENT
2026-07-28,S002,Noida,P015,Office Chair,Furniture,Supplier C,7942.84,15.0,7,55599.880000000005,109,50,7,False,7,2026,28,1,31,6.0,4.714285714285714,7.02,0.942857142857143,7.962857142857143,0.0,STOCK SUFFICIENT
2026-07-28,S003,Ghaziabad,P008,Fitness Band,Wearables,Supplier C,2284.27,10.0,13,29695.51,178,98,4,False,7,2026,28,1,31,16.0,12.428571428571429,13.125,2.4857142857142858,15.610714285714286,0.0,STOCK SUFFICIENT
2026-07-28,S005,Jaipur,P001,Laptop Bag,Accessories,Supplier D,1202.3,0.0,7,8416.1,287,122,11,False,7,2026,28,1,31,17.0,17.0,15.19,3.4000000000000004,18.59,0.0,STOCK SUFFICIENT
2026-07-28,S005,Jaipur,P015,Office Chair,Furniture,Supplier C,8163.94,10.0,3,24491.82,83,37,6,False,7,2026,28,1,31,3.0,5.428571428571429,3.8,1.0857142857142859,4.885714285714286,0.0,STOCK SUFFICIENT
2026-07-29,S006,Chandigarh,P008,Fitness Band,Wearables,Supplier B,2229.99,5.0,11,24529.89,173,83,10,False,7,2026,29,2,31,10.0,10.428571428571429,9.38,2.085714285714286,11.465714285714286,0.0,STOCK SUFFICIENT
2026-07-29,S004,Lucknow,P001,Laptop Bag,Accessories,Supplier D,1171.67,10.0,15,17575.050000000003,186,129,12,False,7,2026,29,2,31,15.0,18.0,16.53,3.6,20.130000000000003,0.0,STOCK SUFFICIENT
2026-07-29,S002,Noida,P013,Travel Adapter,Travel,Supplier C,1123.2,0.0,14,15724.800000000001,230,165,3,False,7,2026,29,2,31,19.0,22.0,19.48,4.4,23.880000000000003,0.0,STOCK SUFFICIENT
2026-07-29,S002,Noida,P015,Office Chair,Furniture,Supplier A,8121.2,0.0,7,56848.4,91,50,12,False,7,2026,29,2,31,7.0,4.285714285714286,6.03,0.8571428571428572,6.887142857142857,0.0,STOCK SUFFICIENT
2026-07-29,S001,Delhi,P009,Running Shoes,Sports,Supplier C,3145.03,15.0,15,47175.450000000004,239,110,13,False,7,2026,29,2,31,16.0,14.714285714285714,16.06,2.942857142857143,19.002857142857142,0.0,STOCK SUFFICIENT
2026-07-29,S005,Jaipur,P012,Backpack,Travel,Supplier B,1986.83,0.0,8,15894.64,220,102,9,False,7,2026,29,2,31,18.0,14.285714285714286,12.68,2.8571428571428577,15.537142857142857,0.0,STOCK SUFFICIENT
2026-07-29,S005,Jaipur,P005,Power Bank,Electronics,Supplier A,1667.78,10.0,20,33355.6,262,136,9,False,7,2026,29,2,31,10.0,16.428571428571427,17.06,3.2857142857142856,20.345714285714283,0.0,STOCK SUFFICIENT
2026-07-29,S003,Ghaziabad,P013,Travel Adapter,Travel,Supplier B,1174.74,15.0,14,16446.36,304,136,11,False,7,2026,29,2,31,28.0,21.142857142857142,18.845,4.228571428571429,23.073571428571427,0.0,STOCK SUFFICIENT
2026-07-29,S004,Lucknow,P010,Yoga Mat,Sports,Supplier A,1405.3,0.0,11,15458.3,251,122,7,False,7,2026,29,2,31,20.0,20.285714285714285,15.38,4.057142857142857,19.43714285714286,0.0,STOCK SUFFICIENT
2026-07-29,S002,Noida,P013,Travel Adapter,Travel,Supplier A,1148.49,0.0,19,21821.31,298,165,9,False,7,2026,29,2,31,19.0,23.285714285714285,19.93,4.6571428571428575,24.587142857142858,0.0,STOCK SUFFICIENT
2026-07-29,S005,Jaipur,P003,Mechanical Keyboard,Accessories,Supplier C,2416.23,15.0,10,24162.3,113,81,9,False,7,2026,29,2,31,12.0,14.571428571428571,13.705,2.9142857142857146,16.619285714285716,0.0,STOCK SUFFICIENT
2026-07-29,S002,Noida,P006,Bluetooth Speaker,Electronics,Supplier C,2686.06,0.0,12,32232.72,206,92,2,False,7,2026,29,2,31,10.0,12.0,10.475,2.4000000000000004,12.875,0.0,STOCK SUFFICIENT
2026-07-29,S002,Noida,P015,Office Chair,Furniture,Supplier A,8889.67,10.0,7,62227.69,97,50,14,False,7,2026,29,2,31,7.0,4.428571428571429,7.535,0.8857142857142858,8.420714285714286,0.0,STOCK SUFFICIENT
2026-07-29,S005,Jaipur,P002,Wireless Mouse,Accessories,Supplier D,902.42,15.0,28,25267.76,420,176,10,False,7,2026,29,2,31,27.0,23.142857142857142,25.58,4.628571428571429,30.208571428571428,0.0,STOCK SUFFICIENT
2026-07-30,S001,Delhi,P005,Power Bank,Electronics,Supplier C,1546.95,5.0,25,38673.75,252,200,13,False,7,2026,30,3,31,18.0,24.0,22.805,4.800000000000001,27.605,0.0,STOCK SUFFICIENT
2026-07-30,S006,Chandigarh,P004,USB-C Hub,Electronics,Supplier C,1810.09,10.0,15,27151.35,153,96,4,False,7,2026,30,3,31,12.0,13.571428571428571,13.87,2.7142857142857144,16.584285714285713,0.0,STOCK SUFFICIENT
2026-07-30,S002,Noida,P008,Fitness Band,Wearables,Supplier B,2156.04,0.0,10,21560.4,243,119,9,False,7,2026,30,3,31,19.0,18.0,16.08,3.6,19.68,0.0,STOCK SUFFICIENT
2026-07-30,S005,Jaipur,P014,Desk Lamp,Home,Supplier B,1246.07,5.0,9,11214.63,261,108,5,False,7,2026,30,3,31,15.0,14.714285714285714,13.71,2.942857142857143,16.652857142857144,0.0,STOCK SUFFICIENT
2026-07-30,S004,Lucknow,P003,Mechanical Keyboard,Accessories,Supplier C,2457.15,15.0,11,27028.65,189,86,10,False,7,2026,30,3,31,11.0,10.285714285714286,11.825,2.0571428571428574,13.882142857142856,0.0,STOCK SUFFICIENT
2026-07-30,S003,Ghaziabad,P012,Backpack,Travel,Supplier D,2025.66,15.0,16,32410.56,321,114,8,False,7,2026,30,3,31,14.0,12.571428571428571,14.51,2.5142857142857142,17.024285714285714,0.0,STOCK SUFFICIENT
2026-07-30,S002,Noida,P015,Office Chair,Furniture,Supplier B,7997.1,0.0,8,63976.8,91,50,14,False,7,2026,30,3,31,7.0,4.714285714285714,6.21,0.942857142857143,7.152857142857143,0.0,STOCK SUFFICIENT
2026-07-30,S005,Jaipur,P001,Laptop Bag,Accessories,Supplier C,1252.4,0.0,9,11271.6,306,122,14,False,7,2026,30,3,31,7.0,15.0,14.54,3.0,17.54,0.0,STOCK SUFFICIENT
2026-07-30,S002,Noida,P004,USB-C Hub,Electronics,Supplier D,1822.75,0.0,17,30986.75,279,138,9,False,7,2026,30,3,31,19.0,22.857142857142858,15.725,4.571428571428572,20.29642857142857,0.0,STOCK SUFFICIENT
2026-07-30,S003,Ghaziabad,P011,Water Bottle,Sports,Supplier C,741.06,5.0,19,14080.14,305,228,4,False,7,2026,30,3,31,31.0,34.0,29.805,6.800000000000001,36.605000000000004,0.0,STOCK SUFFICIENT
2026-07-30,S006,Chandigarh,P014,Desk Lamp,Home,Supplier D,1351.72,5.0,13,17572.36,254,102,10,False,7,2026,30,3,31,13.0,13.428571428571429,13.055,2.685714285714286,15.740714285714287,0.0,STOCK SUFFICIENT
2026-07-30,S003,Ghaziabad,P014,Desk Lamp,Home,Supplier A,1255.12,5.0,15,18826.8,233,121,6,False,7,2026,30,3,31,12.0,18.285714285714285,15.67,3.657142857142857,19.327142857142857,0.0,STOCK SUFFICIENT
2026-07-30,S002,Noida,P010,Yoga Mat,Sports,Supplier D,1392.83,0.0,10,13928.3,283,156,4,False,7,2026,30,3,31,23.0,20.857142857142858,20.275,4.171428571428572,24.44642857142857,0.0,STOCK SUFFICIENT
2026-07-31,S002,Noida,P001,Laptop Bag,Accessories,Supplier B,1145.96,0.0,13,14897.48,411,165,13,False,7,2026,31,4,31,27.0,21.857142857142858,21.63,4.371428571428572,26.00142857142857,0.0,STOCK SUFFICIENT
2026-07-31,S001,Delhi,P009,Running Shoes,Sports,Supplier A,3412.28,0.0,16,54596.48,247,110,5,False,7,2026,31,4,31,15.0,15.142857142857142,14.23,3.0285714285714285,17.25857142857143,0.0,STOCK SUFFICIENT
2026-07-31,S003,Ghaziabad,P008,Fitness Band,Wearables,Supplier D,2063.66,0.0,16,33018.56,126,98,7,False,7,2026,31,4,31,13.0,12.571428571428571,11.855,2.5142857142857142,14.369285714285715,0.0,STOCK SUFFICIENT
2026-07-31,S006,Chandigarh,P009,Running Shoes,Sports,Supplier B,3431.17,5.0,9,30880.53,98,70,5,False,7,2026,31,4,31,9.0,9.285714285714286,7.64,1.8571428571428574,9.497142857142856,0.0,STOCK SUFFICIENT
2026-07-31,S005,Jaipur,P010,Yoga Mat,Sports,Supplier C,1387.24,5.0,10,13872.4,171,115,3,False,7,2026,31,4,31,19.0,13.428571428571429,14.94,2.685714285714286,17.625714285714285,0.0,STOCK SUFFICIENT
2026-07-31,S003,Ghaziabad,P003,Mechanical Keyboard,Accessories,Supplier B,2512.64,5.0,9,22613.76,216,91,11,False,7,2026,31,4,31,14.0,11.0,11.49,2.2,13.690000000000001,0.0,STOCK SUFFICIENT
2026-07-31,S006,Chandigarh,P009,Running Shoes,Sports,Supplier C,3100.16,0.0,8,24801.28,144,70,4,False,7,2026,31,4,31,9.0,9.571428571428571,7.62,1.9142857142857144,9.534285714285714,0.0,STOCK SUFFICIENT
2026-07-31,S004,Lucknow,P015,Office Chair,Furniture,Supplier A,8326.88,20.0,3,24980.64,74,39,4,False,7,2026,31,4,31,5.0,6.285714285714286,6.65,1.2571428571428571,7.9071428571428575,0.0,STOCK SUFFICIENT
2026-07-31,S006,Chandigarh,P005,Power Bank,Electronics,Supplier A,1483.39,0.0,16,23734.24,268,128,12,False,7,2026,31,4,31,17.0,16.428571428571427,14.945,3.2857142857142856,18.230714285714285,0.0,STOCK SUFFICIENT
2026-07-31,S001,Delhi,P013,Travel Adapter,Travel,Supplier B,1068.67,0.0,14,14961.380000000001,256,180,3,False,7,2026,31,4,31,24.0,26.714285714285715,24.04,5.342857142857143,29.38285714285714,0.0,STOCK SUFFICIENT
2026-07-31,S005,Jaipur,P013,Travel Adapter,Travel,Supplier C,1052.56,0.0,15,15788.4,212,122,13,False,7,2026,31,4,31,7.0,14.857142857142858,13.545,2.9714285714285715,16.51642857142857,0.0,STOCK SUFFICIENT
2026-07-31,S006,Chandigarh,P008,Fitness Band,Wearables,Supplier A,2369.95,5.0,14,33179.299999999996,191,83,12,False,7,2026,31,4,31,11.0,9.571428571428571,9.575,1.9142857142857144,11.489285714285714,0.0,STOCK SUFFICIENT
2026-07-31,S003,Ghaziabad,P012,Backpack,Travel,Supplier B,1935.2,0.0,14,27092.8,228,114,8,False,7,2026,31,4,31,16.0,13.571428571428571,13.935,2.7142857142857144,16.649285714285714,0.0,STOCK SUFFICIENT
2026-08-01,S003,Ghaziabad,P008,Fitness Band,Wearables,Supplier D,2150.31,20.0,13,27954.03,223,98,2,False,8,2026,1,5,31,16.0,11.857142857142858,14.35,2.3714285714285714,16.72142857142857,0.0,STOCK SUFFICIENT
2026-08-01,S001,Delhi,P011,Water Bottle,Sports,Supplier A,682.36,0.0,41,27976.760000000002,570,300,14,False,8,2026,1,5,31,54.0,38.285714285714285,41.185,7.6571428571428575,48.84214285714286,0.0,STOCK SUFFICIENT
2026-08-01,S001,Delhi,P002,Wireless Mouse,Accessories,Supplier D,840.97,10.0,31,26070.07,379,260,10,False,8,2026,1,5,31,32.0,35.0,35.195,7.0,42.195,0.0,STOCK SUFFICIENT
2026-08-01,S006,Chandigarh,P009,Running Shoes,Sports,Supplier C,3206.29,0.0,15,48094.35,144,70,8,False,8,2026,1,5,31,8.0,9.142857142857142,8.475,1.8285714285714285,10.303571428571429,0.0,STOCK SUFFICIENT
2026-08-01,S005,Jaipur,P006,Bluetooth Speaker,Electronics,Supplier B,2897.56,0.0,10,28975.6,137,68,10,False,8,2026,1,5,31,11.0,9.0,8.39,1.8,10.190000000000001,0.0,STOCK SUFFICIENT
2026-08-01,S002,Noida,P002,Wireless Mouse,Accessories,Supplier B,825.69,0.0,34,28073.460000000003,387,239,10,False,8,2026,1,5,31,25.0,32.0,27.34,6.4,33.74,0.0,STOCK SUFFICIENT
2026-08-01,S002,Noida,P003,Mechanical Keyboard,Accessories,Supplier C,2297.65,5.0,15,34464.75,168,110,4,False,8,2026,1,5,31,12.0,14.571428571428571,15.035,2.9142857142857146,17.949285714285715,0.0,STOCK SUFFICIENT
2026-08-01,S003,Ghaziabad,P015,Office Chair,Furniture,Supplier D,7873.38,10.0,8,62987.04,81,41,11,False,8,2026,1,5,31,2.0,4.142857142857143,5.53,0.8285714285714287,6.3585714285714285,0.0,STOCK SUFFICIENT
2026-08-01,S003,Ghaziabad,P015,Office Chair,Furniture,Supplier D,8088.13,5.0,9,72793.17,51,41,14,False,8,2026,1,5,31,8.0,4.857142857142857,6.15,0.9714285714285714,7.121428571428572,0.0,STOCK SUFFICIENT
2026-08-01,S006,Chandigarh,P014,Desk Lamp,Home,Supplier A,1346.37,5.0,16,21541.92,213,102,13,False,8,2026,1,5,31,13.0,13.571428571428571,14.48,2.7142857142857144,17.194285714285716,0.0,STOCK SUFFICIENT
2026-08-01,S006,Chandigarh,P015,Office Chair,Furniture,Supplier D,8253.43,5.0,4,33013.72,106,35,7,False,8,2026,1,5,31,5.0,5.714285714285714,4.675,1.142857142857143,5.817857142857143,0.0,STOCK SUFFICIENT
2026-08-01,S006,Chandigarh,P007,Smart Watch,Wearables,Supplier D,4329.59,10.0,13,56284.67,98,57,10,False,8,2026,1,5,31,9.0,6.714285714285714,8.125,1.342857142857143,9.467857142857143,0.0,STOCK SUFFICIENT
2026-08-01,S006,Chandigarh,P007,Smart Watch,Wearables,Supplier A,4808.99,10.0,9,43280.909999999996,91,57,9,False,8,2026,1,5,31,8.0,7.428571428571429,7.285,1.4857142857142858,8.770714285714286,0.0,STOCK SUFFICIENT
2026-08-01,S003,Ghaziabad,P002,Wireless Mouse,Accessories,Supplier A,855.43,10.0,30,25662.899999999998,341,197,7,False,8,2026,1,5,31,37.0,34.42857142857143,28.075,6.885714285714286,34.96071428571429,0.0,STOCK SUFFICIENT
2026-08-01,S005,Jaipur,P010,Yoga Mat,Sports,Supplier A,1402.55,5.0,15,21038.25,217,115,3,False,8,2026,1,5,31,10.0,12.857142857142858,15.145,2.5714285714285716,17.716428571428573,0.0,STOCK SUFFICIENT
2026-08-01,S002,Noida,P001,Laptop Bag,Accessories,Supplier C,1256.97,0.0,30,37709.1,277,165,4,False,8,2026,1,5,31,13.0,20.142857142857142,18.28,4.0285714285714285,22.30857142857143,0.0,STOCK SUFFICIENT
2026-08-02,S005,Jaipur,P006,Bluetooth Speaker,Electronics,Supplier D,2867.73,5.0,9,25809.57,156,68,8,False,8,2026,2,6,31,10.0,9.571428571428571,7.18,1.9142857142857144,9.094285714285714,0.0,STOCK SUFFICIENT
2026-08-02,S002,Noida,P006,Bluetooth Speaker,Electronics,Supplier A,2706.72,10.0,14,37894.079999999994,212,92,11,False,8,2026,2,6,31,12.0,11.857142857142858,11.915,2.3714285714285714,14.286428571428571,0.0,STOCK SUFFICIENT
2026-08-02,S001,Delhi,P011,Water Bottle,Sports,Supplier A,734.59,0.0,43,31587.370000000003,540,300,5,False,8,2026,2,6,31,41.0,37.857142857142854,37.28,7.571428571428571,44.85142857142857,0.0,STOCK SUFFICIENT
2026-08-02,S003,Ghaziabad,P003,Mechanical Keyboard,Accessories,Supplier A,2232.8,10.0,13,29026.4,128,91,10,False,8,2026,2,6,31,9.0,11.714285714285714,12.415,2.342857142857143,14.757857142857143,0.0,STOCK SUFFICIENT
2026-08-02,S002,Noida,P005,Power Bank,Electronics,Supplier B,1523.66,5.0,22,33520.520000000004,388,184,11,False,8,2026,2,6,31,20.0,22.142857142857142,24.85,4.428571428571429,29.278571428571432,0.0,STOCK SUFFICIENT
2026-08-02,S004,Lucknow,P012,Backpack,Travel,Supplier C,1831.94,20.0,18,32974.92,229,108,7,False,8,2026,2,6,31,15.0,15.857142857142858,14.805,3.1714285714285717,17.97642857142857,0.0,STOCK SUFFICIENT
2026-08-02,S001,Delhi,P003,Mechanical Keyboard,Accessories,Supplier B,2232.94,15.0,23,51357.62,216,120,14,False,8,2026,2,6,31,9.0,15.428571428571429,17.715,3.085714285714286,20.800714285714285,0.0,STOCK SUFFICIENT
2026-08-02,S002,Noida,P015,Office Chair,Furniture,Supplier D,7849.73,,7,54948.11,85,50,12,False,8,2026,2,6,31,8.0,5.428571428571429,7.67,1.0857142857142859,8.755714285714285,0.0,STOCK SUFFICIENT
2026-08-02,S005,Jaipur,P007,Smart Watch,Wearables,Supplier D,4735.6,0.0,9,42620.4,214,61,2,False,8,2026,2,6,31,12.0,8.571428571428571,8.515,1.7142857142857144,10.229285714285716,0.0,STOCK SUFFICIENT
2026-08-02,S001,Delhi,P009,Running Shoes,Sports,Supplier B,3293.07,5.0,19,62568.33,236,110,5,False,8,2026,2,6,31,16.0,15.571428571428571,13.44,3.1142857142857143,16.554285714285715,0.0,STOCK SUFFICIENT
2026-08-02,S003,Ghaziabad,P007,Smart Watch,Wearables,Supplier D,4609.48,0.0,6,27656.879999999997,142,68,9,False,8,2026,2,6,31,14.0,12.428571428571429,8.855,2.4857142857142858,11.340714285714286,0.0,STOCK SUFFICIENT
2026-08-02,S002,Noida,P003,Mechanical Keyboard,Accessories,Supplier D,2257.54,0.0,12,27090.48,199,110,14,False,8,2026,2,6,31,15.0,15.285714285714286,12.36,3.0571428571428574,15.417142857142856,0.0,STOCK SUFFICIENT
2026-08-02,S002,Noida,P002,Wireless Mouse,Accessories,Supplier C,798.76,20.0,43,34346.68,478,239,8,False,8,2026,2,6,31,34.0,32.142857142857146,36.96,6.42857142857143,43.38857142857143,0.0,STOCK SUFFICIENT
2026-08-02,S001,Delhi,P002,Wireless Mouse,Accessories,Supplier C,888.48,10.0,40,35539.2,375,260,10,False,8,2026,2,6,31,31.0,35.714285714285715,35.455,7.142857142857143,42.597857142857144,0.0,STOCK SUFFICIENT
2026-08-02,S002,Noida,P009,Running Shoes,Sports,Supplier D,3344.94,10.0,20,66898.8,300,101,2,False,8,2026,2,6,31,11.0,13.571428571428571,13.075,2.7142857142857144,15.789285714285715,0.0,STOCK SUFFICIENT
2026-08-02,S003,Ghaziabad,P013,Travel Adapter,Travel,Supplier B,1117.81,15.0,14,15649.34,280,136,3,False,8,2026,2,6,31,14.0,20.428571428571427,20.39,4.085714285714285,24.475714285714286,0.0,STOCK SUFFICIENT
2026-08-02,S002,Noida,P011,Water Bottle,Sports,Supplier C,698.6,5.0,48,33532.8,511,276,6,False,8,2026,2,6,31,50.0,42.57142857142857,43.835,8.514285714285714,52.34928571428571,0.0,STOCK SUFFICIENT
2026-08-02,S006,Chandigarh,P013,Travel Adapter,Travel,Supplier C,1112.35,10.0,12,13348.199999999999,185,115,10,False,8,2026,2,6,31,19.0,17.0,17.495,3.4000000000000004,20.895000000000003,0.0,STOCK SUFFICIENT
2026-08-03,S006,Chandigarh,P001,Laptop Bag,Accessories,Supplier B,1276.33,5.0,16,20421.28,327,115,10,False,8,2026,3,0,32,19.0,18.428571428571427,15.2,3.6857142857142855,18.885714285714286,0.0,STOCK SUFFICIENT
2026-08-03,S002,Noida,P013,Travel Adapter,Travel,Supplier B,1036.02,10.0,17,17612.34,266,165,4,False,8,2026,3,0,32,14.0,20.0,22.96,4.0,26.96,0.0,STOCK SUFFICIENT
2026-08-03,S005,Jaipur,P014,Desk Lamp,Home,Supplier B,1244.09,0.0,9,11196.81,229,108,11,False,8,2026,3,0,32,9.0,14.428571428571429,12.345,2.885714285714286,15.230714285714287,0.0,STOCK SUFFICIENT
2026-08-03,S006,Chandigarh,P014,Desk Lamp,Home,Supplier D,1358.96,0.0,16,21743.36,18,102,7,True,8,2026,3,0,32,16.0,14.142857142857142,12.74,2.8285714285714287,15.56857142857143,0.0,REORDER REQUIRED
2026-08-03,S006,Chandigarh,P012,Backpack,Travel,Supplier B,1878.03,10.0,13,24414.39,283,96,14,False,8,2026,3,0,32,13.0,12.857142857142858,12.695,2.5714285714285716,15.266428571428571,0.0,STOCK SUFFICIENT
2026-08-03,S002,Noida,P015,Office Chair,Furniture,Supplier D,9090.11,5.0,3,27270.33,82,50,8,False,8,2026,3,0,32,7.0,6.285714285714286,4.94,1.2571428571428571,6.1971428571428575,0.0,STOCK SUFFICIENT
2026-08-03,S003,Ghaziabad,P001,Laptop Bag,Accessories,Supplier A,1244.13,0.0,19,23638.47,207,136,8,False,8,2026,3,0,32,9.0,17.285714285714285,15.02,3.4571428571428573,18.47714285714286,0.0,STOCK SUFFICIENT
2026-08-03,S005,Jaipur,P004,USB-C Hub,Electronics,Supplier A,1896.74,15.0,9,17070.66,263,102,13,False,8,2026,3,0,32,12.0,12.714285714285714,14.44,2.5428571428571427,16.982857142857142,0.0,STOCK SUFFICIENT
2026-08-03,S003,Ghaziabad,P005,Power Bank,Electronics,Supplier C,1680.26,10.0,24,40326.24,394,152,13,False,8,2026,3,0,32,19.0,18.571428571428573,17.12,3.714285714285715,20.834285714285716,0.0,STOCK SUFFICIENT
2026-08-03,S002,Noida,P011,Water Bottle,Sports,Supplier B,694.36,10.0,30,20830.8,687,276,12,False,8,2026,3,0,32,48.0,43.142857142857146,40.325,8.62857142857143,48.953571428571436,0.0,STOCK SUFFICIENT
2026-08-03,S002,Noida,P003,Mechanical Keyboard,Accessories,Supplier A,2475.08,5.0,21,51976.68,200,110,14,False,8,2026,3,0,32,12.0,13.571428571428571,12.11,2.7142857142857144,14.824285714285715,0.0,STOCK SUFFICIENT
2026-08-03,S006,Chandigarh,P010,Yoga Mat,Sports,Supplier D,1369.4,5.0,15,20541.0,171,108,2,False,8,2026,3,0,32,18.0,16.857142857142858,13.18,3.371428571428572,16.551428571428573,0.0,STOCK SUFFICIENT
2026-08-03,S003,Ghaziabad,P004,USB-C Hub,Electronics,Supplier D,1930.66,5.0,16,30890.56,134,114,7,False,8,2026,3,0,32,24.0,16.428571428571427,13.475,3.2857142857142856,16.760714285714286,0.0,STOCK SUFFICIENT
2026-08-04,S005,Jaipur,P010,Yoga Mat,Sports,Supplier A,1490.96,5.0,16,23855.36,173,115,13,False,8,2026,4,1,32,15.0,13.428571428571429,13.165,2.685714285714286,15.850714285714286,0.0,STOCK SUFFICIENT
2026-08-04,S001,Delhi,P014,Desk Lamp,Home,Supplier B,1375.9,15.0,28,38525.200000000004,302,160,11,False,8,2026,4,1,32,15.0,19.285714285714285,19.315,3.857142857142857,23.17214285714286,0.0,STOCK SUFFICIENT
2026-08-04,S001,Delhi,P010,Yoga Mat,Sports,Supplier D,1318.61,10.0,35,46151.35,163,170,4,True,8,2026,4,1,32,23.0,24.571428571428573,22.105,4.914285714285715,27.019285714285715,0.0,REORDER REQUIRED
2026-08-04,S002,Noida,P001,Laptop Bag,Accessories,Supplier D,1216.27,0.0,26,31623.02,234,165,14,False,8,2026,4,1,32,30.0,21.428571428571427,18.085,4.285714285714286,22.370714285714286,0.0,STOCK SUFFICIENT
2026-08-04,S004,Lucknow,P014,Desk Lamp,Home,Supplier B,1256.01,0.0,12,15072.119999999999,197,115,14,False,8,2026,4,1,32,11.0,15.714285714285714,11.97,3.142857142857143,15.112857142857143,0.0,STOCK SUFFICIENT
2026-08-04,S006,Chandigarh,P003,Mechanical Keyboard,Accessories,Supplier D,2209.37,5.0,6,13256.22,126,76,7,False,8,2026,4,1,32,15.0,9.714285714285714,11.145,1.9428571428571428,13.087857142857143,0.0,STOCK SUFFICIENT
2026-08-04,S001,Delhi,P004,USB-C Hub,Electronics,Supplier D,1819.67,20.0,17,30934.39,336,150,5,False,8,2026,4,1,32,24.0,19.857142857142858,18.955,3.9714285714285715,22.92642857142857,0.0,STOCK SUFFICIENT
2026-08-04,S006,Chandigarh,P003,Mechanical Keyboard,Accessories,Supplier A,2585.55,10.0,15,38783.25,180,76,11,False,8,2026,4,1,32,12.0,8.857142857142858,10.17,1.7714285714285716,11.941428571428572,0.0,STOCK SUFFICIENT
2026-08-04,S006,Chandigarh,P009,Running Shoes,Sports,Supplier B,3442.25,10.0,12,41307.0,164,70,12,False,8,2026,4,1,32,10.0,9.571428571428571,8.655,1.9142857142857144,10.569285714285714,0.0,STOCK SUFFICIENT
2026-08-04,S006,Chandigarh,P009,Running Shoes,Sports,Supplier D,3017.47,15.0,10,30174.699999999997,124,70,6,False,8,2026,4,1,32,15.0,9.714285714285714,9.43,1.9428571428571428,11.372857142857143,0.0,STOCK SUFFICIENT
2026-08-04,S003,Ghaziabad,P015,Office Chair,Furniture,Supplier C,9145.32,10.0,9,82307.88,49,41,4,False,8,2026,4,1,32,9.0,5.142857142857143,5.12,1.0285714285714287,6.148571428571429,0.0,STOCK SUFFICIENT
2026-08-04,S006,Chandigarh,P014,Desk Lamp,Home,Supplier B,1399.91,15.0,20,27998.2,135,102,2,False,8,2026,4,1,32,16.0,15.0,13.55,3.0,16.55,0.0,STOCK SUFFICIENT
2026-08-04,S002,Noida,P004,USB-C Hub,Electronics,Supplier A,1810.49,10.0,23,41641.27,279,138,12,False,8,2026,4,1,32,17.0,21.714285714285715,16.815,4.342857142857143,21.157857142857146,0.0,STOCK SUFFICIENT
2026-08-04,S002,Noida,P013,Travel Adapter,Travel,Supplier A,1050.25,0.0,18,18904.5,138,165,11,True,8,2026,4,1,32,17.0,18.857142857142858,18.355,3.771428571428572,22.126428571428573,0.0,REORDER REQUIRED
2026-08-04,S004,Lucknow,P006,Bluetooth Speaker,Electronics,Supplier C,2666.41,15.0,13,34663.33,125,72,14,False,8,2026,4,1,32,10.0,10.0,10.81,2.0,12.81,0.0,STOCK SUFFICIENT
2026-08-05,S004,Lucknow,P001,Laptop Bag,Accessories,Supplier D,1251.5,5.0,21,26281.5,234,129,5,False,8,2026,5,2,32,12.0,16.428571428571427,16.405,3.2857142857142856,19.690714285714286,0.0,STOCK SUFFICIENT
2026-08-05,S004,Lucknow,P001,Laptop Bag,Accessories,Supplier B,1152.92,0.0,12,13835.04,228,129,9,False,8,2026,5,2,32,15.0,17.142857142857142,15.35,3.428571428571429,18.77857142857143,0.0,STOCK SUFFICIENT
2026-08-05,S004,Lucknow,P006,Bluetooth Speaker,Electronics,Supplier C,2970.98,0.0,8,23767.84,129,72,2,False,8,2026,5,2,32,13.0,10.571428571428571,8.485,2.1142857142857143,10.599285714285713,0.0,STOCK SUFFICIENT
2026-08-05,S001,Delhi,P001,Laptop Bag,Accessories,Supplier C,1236.08,0.0,18,22249.44,384,180,7,False,8,2026,5,2,32,23.0,26.285714285714285,21.52,5.257142857142857,26.777142857142856,0.0,STOCK SUFFICIENT
2026-08-05,S002,Noida,P004,USB-C Hub,Electronics,Supplier A,1881.0,0.0,12,22572.0,277,138,6,False,8,2026,5,2,32,23.0,21.714285714285715,15.83,4.342857142857143,20.172857142857143,0.0,STOCK SUFFICIENT
2026-08-05,S004,Lucknow,P003,Mechanical Keyboard,Accessories,Supplier B,2544.59,0.0,11,27990.49,166,86,12,False,8,2026,5,2,32,11.0,10.142857142857142,9.295,2.0285714285714285,11.323571428571428,0.0,STOCK SUFFICIENT
2026-08-05,S005,Jaipur,P009,Running Shoes,Sports,Supplier C,2968.81,0.0,2,5937.62,157,74,2,False,8,2026,5,2,32,17.0,13.571428571428571,10.06,2.7142857142857144,12.774285714285714,0.0,STOCK SUFFICIENT
2026-08-05,S003,Ghaziabad,P004,USB-C Hub,Electronics,Supplier B,1751.27,5.0,11,19263.97,186,114,14,False,8,2026,5,2,32,16.0,15.571428571428571,12.165,3.1142857142857143,15.279285714285713,0.0,STOCK SUFFICIENT
2026-08-05,S006,Chandigarh,P007,Smart Watch,Wearables,Supplier A,4544.02,0.0,8,36352.16,129,57,5,False,8,2026,5,2,32,13.0,7.714285714285714,5.34,1.542857142857143,6.882857142857143,0.0,STOCK SUFFICIENT
2026-08-06,S001,Delhi,P003,Mechanical Keyboard,Accessories,Supplier D,2466.94,0.0,15,37004.1,238,120,10,False,8,2026,6,3,32,23.0,16.142857142857142,13.045,3.2285714285714286,16.27357142857143,0.0,STOCK SUFFICIENT
2026-08-06,S003,Ghaziabad,P004,USB-C Hub,Electronics,Supplier A,1664.8,15.0,15,24972.0,196,114,7,False,8,2026,6,3,32,11.0,15.714285714285714,14.34,3.142857142857143,17.482857142857142,0.0,STOCK SUFFICIENT
2026-08-06,S002,Noida,P006,Bluetooth Speaker,Electronics,Supplier A,2923.82,15.0,10,29238.2,232,92,11,False,8,2026,6,3,32,14.0,12.571428571428571,12.35,2.5142857142857142,14.864285714285714,0.0,STOCK SUFFICIENT
2026-08-06,S005,Jaipur,P011,Water Bottle,Sports,Supplier A,684.47,5.0,25,17111.75,375,204,9,False,8,2026,6,3,32,25.0,27.714285714285715,25.23,5.542857142857144,30.772857142857145,0.0,STOCK SUFFICIENT
2026-08-06,S003,Ghaziabad,P010,Yoga Mat,Sports,Supplier A,1356.27,15.0,18,24412.86,278,129,13,False,8,2026,6,3,32,13.0,16.857142857142858,16.71,3.371428571428572,20.081428571428575,0.0,STOCK SUFFICIENT
2026-08-06,S003,Ghaziabad,P008,Fitness Band,Wearables,Supplier C,2246.16,5.0,11,24707.76,255,98,11,False,8,2026,6,3,32,13.0,11.571428571428571,9.68,2.3142857142857145,11.994285714285715,0.0,STOCK SUFFICIENT
2026-08-06,S006,Chandigarh,P012,Backpack,Travel,Supplier D,2050.94,10.0,14,28713.16,131,96,2,False,8,2026,6,3,32,13.0,13.571428571428571,14.99,2.7142857142857144,17.704285714285714,0.0,STOCK SUFFICIENT
2026-08-06,S002,Noida,P010,Yoga Mat,Sports,Supplier D,1413.49,0.0,19,26856.31,329,156,11,False,8,2026,6,3,32,10.0,20.285714285714285,17.505,4.057142857142857,21.562142857142856,0.0,STOCK SUFFICIENT
2026-08-06,S006,Chandigarh,P001,Laptop Bag,Accessories,Supplier D,1186.43,0.0,13,15423.59,284,115,14,False,8,2026,6,3,32,16.0,17.857142857142858,14.485,3.5714285714285716,18.056428571428572,0.0,STOCK SUFFICIENT
2026-08-06,S006,Chandigarh,P009,Running Shoes,Sports,Supplier B,2948.74,0.0,8,23589.92,101,70,6,False,8,2026,6,3,32,12.0,10.142857142857142,7.79,2.0285714285714285,9.818571428571428,0.0,STOCK SUFFICIENT
2026-08-06,S003,Ghaziabad,P013,Travel Adapter,Travel,Supplier A,1018.42,5.0,6,6110.5199999999995,233,136,9,False,8,2026,6,3,32,14.0,17.857142857142858,16.46,3.5714285714285716,20.031428571428574,0.0,STOCK SUFFICIENT
2026-08-06,S002,Noida,P013,Travel Adapter,Travel,Supplier B,1065.2,5.0,20,21304.0,368,165,2,False,8,2026,6,3,32,18.0,18.571428571428573,18.67,3.714285714285715,22.384285714285717,0.0,STOCK SUFFICIENT
2026-08-06,S001,Delhi,P002,Wireless Mouse,Accessories,Supplier B,788.73,15.0,35,27605.55,435,260,3,False,8,2026,6,3,32,40.0,37.0,35.32,7.4,42.72,0.0,STOCK SUFFICIENT
2026-08-06,S006,Chandigarh,P010,Yoga Mat,Sports,Supplier B,1377.98,0.0,16,22047.68,278,108,4,False,8,2026,6,3,32,15.0,16.857142857142858,12.32,3.371428571428572,15.691428571428572,0.0,STOCK SUFFICIENT
2026-08-06,S004,Lucknow,P001,Laptop Bag,Accessories,Supplier A,1168.38,0.0,19,22199.22,245,129,12,False,8,2026,6,3,32,21.0,17.285714285714285,15.08,3.4571428571428573,18.537142857142857,0.0,STOCK SUFFICIENT
2026-08-07,S004,Lucknow,P004,USB-C Hub,Electronics,Supplier C,1855.26,5.0,13,24118.38,216,108,8,False,8,2026,7,4,32,10.0,16.0,11.995,3.2,15.195,0.0,STOCK SUFFICIENT
2026-08-07,S005,Jaipur,P010,Yoga Mat,Sports,Supplier B,1501.29,10.0,9,13511.61,361,115,8,False,8,2026,7,4,32,16.0,14.142857142857142,14.81,2.8285714285714287,17.638571428571428,0.0,STOCK SUFFICIENT
2026-08-07,S002,Noida,P002,Wireless Mouse,Accessories,Supplier B,794.65,10.0,29,23044.85,654,239,3,False,8,2026,7,4,32,43.0,32.857142857142854,32.8,6.571428571428571,39.37142857142857,0.0,STOCK SUFFICIENT
2026-08-07,S001,Delhi,P009,Running Shoes,Sports,Supplier A,3271.03,0.0,11,35981.33,236,110,12,False,8,2026,7,4,32,19.0,16.0,11.965,3.2,15.165,0.0,STOCK SUFFICIENT
2026-08-07,S006,Chandigarh,P007,Smart Watch,Wearables,Supplier B,4714.49,20.0,8,37715.92,109,57,7,False,8,2026,7,4,32,8.0,7.285714285714286,8.11,1.4571428571428573,9.567142857142857,0.0,STOCK SUFFICIENT
2026-08-07,S003,Ghaziabad,P006,Bluetooth Speaker,Electronics,Supplier D,2679.81,15.0,10,26798.1,128,76,2,False,8,2026,7,4,32,7.0,11.0,11.94,2.2,14.14,0.0,STOCK SUFFICIENT
2026-08-07,S006,Chandigarh,P012,Backpack,Travel,Supplier A,1876.29,15.0,11,20639.19,205,96,4,False,8,2026,7,4,32,14.0,12.714285714285714,12.815,2.5428571428571427,15.357857142857142,0.0,STOCK SUFFICIENT
2026-08-07,S003,Ghaziabad,P013,Travel Adapter,Travel,Supplier C,1185.19,0.0,14,16592.66,184,136,11,False,8,2026,7,4,32,6.0,15.428571428571429,13.85,3.085714285714286,16.935714285714287,0.0,STOCK SUFFICIENT
2026-08-07,S005,Jaipur,P015,Office Chair,Furniture,Supplier C,8643.09,0.0,3,25929.27,67,37,4,False,8,2026,7,4,32,3.0,5.428571428571429,4.57,1.0857142857142859,5.655714285714286,0.0,STOCK SUFFICIENT
2026-08-07,S001,Delhi,P007,Smart Watch,Wearables,Supplier B,4731.82,5.0,12,56781.84,177,90,4,False,8,2026,7,4,32,16.0,12.428571428571429,11.75,2.4857142857142858,14.235714285714286,0.0,STOCK SUFFICIENT
2026-08-07,S004,Lucknow,P014,Desk Lamp,Home,Supplier C,1218.46,0.0,15,18276.9,225,115,11,False,8,2026,7,4,32,12.0,14.428571428571429,12.19,2.885714285714286,15.075714285714286,0.0,STOCK SUFFICIENT
2026-08-07,S002,Noida,P011,Water Bottle,Sports,Supplier C,670.12,0.0,42,28145.04,493,276,7,False,8,2026,7,4,32,30.0,41.142857142857146,34.565,8.22857142857143,42.793571428571425,0.0,STOCK SUFFICIENT
2026-08-07,S003,Ghaziabad,P005,Power Bank,Electronics,Supplier C,1531.4,5.0,15,22971.0,378,152,8,False,8,2026,7,4,32,17.0,19.285714285714285,19.83,3.857142857142857,23.687142857142856,0.0,STOCK SUFFICIENT
2026-08-07,S003,Ghaziabad,P005,Power Bank,Electronics,Supplier B,1602.56,0.0,17,27243.52,361,152,7,False,8,2026,7,4,32,24.0,19.0,18.63,3.8000000000000003,22.43,0.0,STOCK SUFFICIENT
2026-08-07,S005,Jaipur,P012,Backpack,Travel,Supplier D,1895.4,15.0,10,18954.0,111,102,7,False,8,2026,7,4,32,8.0,13.428571428571429,14.905,2.685714285714286,17.590714285714284,0.0,STOCK SUFFICIENT
2026-08-07,S002,Noida,P010,Yoga Mat,Sports,Supplier B,1433.01,0.0,11,15763.11,177,156,2,False,8,2026,7,4,32,19.0,20.571428571428573,18.3,4.114285714285715,22.414285714285715,0.0,STOCK SUFFICIENT
2026-08-07,S001,Delhi,P011,Water Bottle,Sports,Supplier B,689.95,10.0,37,25528.15,448,300,4,False,8,2026,7,4,32,43.0,38.857142857142854,38.06,7.771428571428571,45.831428571428575,0.0,STOCK SUFFICIENT
2026-08-08,S005,Jaipur,P013,Travel Adapter,Travel,Supplier C,1041.74,0.0,17,17709.58,153,122,11,False,8,2026,8,5,32,15.0,13.571428571428571,12.8,2.7142857142857144,15.514285714285716,0.0,STOCK SUFFICIENT
2026-08-08,S005,Jaipur,P005,Power Bank,Electronics,Supplier B,1682.04,0.0,21,35322.84,252,136,12,False,8,2026,8,5,32,20.0,16.714285714285715,15.875,3.3428571428571434,19.21785714285714,0.0,STOCK SUFFICIENT
2026-08-08,S001,Delhi,P012,Backpack,Travel,Supplier D,2044.87,10.0,22,44987.14,292,150,7,False,8,2026,8,5,32,17.0,21.142857142857142,20.46,4.228571428571429,24.68857142857143,0.0,STOCK SUFFICIENT
2026-08-08,S003,Ghaziabad,P010,Yoga Mat,Sports,Supplier D,1298.98,10.0,15,19484.7,216,129,8,False,8,2026,8,5,32,18.0,16.285714285714285,16.425,3.257142857142857,19.682142857142857,0.0,STOCK SUFFICIENT
2026-08-08,S003,Ghaziabad,P008,Fitness Band,Wearables,Supplier A,2255.17,5.0,12,27062.04,214,98,2,False,8,2026,8,5,32,11.0,12.142857142857142,13.025,2.428571428571429,15.45357142857143,0.0,STOCK SUFFICIENT
2026-08-08,S005,Jaipur,P002,Wireless Mouse,Accessories,Supplier D,845.02,10.0,28,23660.559999999998,209,176,12,False,8,2026,8,5,32,28.0,23.857142857142858,23.935,4.771428571428571,28.70642857142857,0.0,STOCK SUFFICIENT
2026-08-08,S006,Chandigarh,P003,Mechanical Keyboard,Accessories,Supplier C,2264.31,0.0,3,6792.93,121,76,7,False,8,2026,8,5,32,6.0,9.0,8.38,1.8,10.180000000000001,0.0,STOCK SUFFICIENT
2026-08-08,S006,Chandigarh,P015,Office Chair,Furniture,Supplier C,9164.36,0.0,4,36657.44,77,35,9,False,8,2026,8,5,32,4.0,5.571428571428571,4.59,1.1142857142857143,5.704285714285714,0.0,STOCK SUFFICIENT
2026-08-08,S004,Lucknow,P012,Backpack,Travel,Supplier B,1853.85,5.0,12,22246.199999999997,188,108,13,False,8,2026,8,5,32,18.0,15.571428571428571,13.535,3.1142857142857143,16.649285714285714,0.0,STOCK SUFFICIENT
2026-08-08,S003,Ghaziabad,P005,Power Bank,Electronics,Supplier D,1535.11,5.0,23,35307.53,374,152,6,False,8,2026,8,5,32,15.0,19.0,20.785,3.8000000000000003,24.585,0.0,STOCK SUFFICIENT
2026-08-08,S002,Noida,P013,Travel Adapter,Travel,Supplier C,1182.39,0.0,22,26012.58,352,165,11,False,8,2026,8,5,32,20.0,19.142857142857142,18.66,3.8285714285714287,22.48857142857143,0.0,STOCK SUFFICIENT
2026-08-09,S001,Delhi,P013,Travel Adapter,Travel,Supplier B,1057.93,0.0,17,17984.81,357,180,8,False,8,2026,9,6,32,14.0,24.0,21.6,4.800000000000001,26.400000000000002,0.0,STOCK SUFFICIENT
2026-08-09,S004,Lucknow,P005,Power Bank,Electronics,Supplier C,1684.08,15.0,22,37049.759999999995,297,144,14,False,8,2026,9,6,32,24.0,19.285714285714285,21.28,3.857142857142857,25.13714285714286,0.0,STOCK SUFFICIENT
2026-08-09,S002,Noida,P006,Bluetooth Speaker,Electronics,Supplier A,2616.54,5.0,13,34015.02,222,92,14,False,8,2026,9,6,32,10.0,12.857142857142858,11.98,2.5714285714285716,14.551428571428572,0.0,STOCK SUFFICIENT
2026-08-09,S001,Delhi,P005,Power Bank,Electronics,Supplier D,1485.18,0.0,26,38614.68,301,200,6,False,8,2026,9,6,32,25.0,23.714285714285715,24.215,4.742857142857143,28.957857142857144,0.0,STOCK SUFFICIENT
2026-08-09,S003,Ghaziabad,P005,Power Bank,Electronics,Supplier B,1535.97,10.0,31,47615.07,283,152,6,False,8,2026,9,6,32,23.0,20.0,22.27,4.0,26.27,0.0,STOCK SUFFICIENT
2026-08-09,S002,Noida,P007,Smart Watch,Wearables,Supplier B,4767.84,0.0,8,38142.72,149,82,13,False,8,2026,9,6,32,14.0,10.571428571428571,10.46,2.1142857142857143,12.574285714285715,0.0,STOCK SUFFICIENT
2026-08-09,S006,Chandigarh,P015,Office Chair,Furniture,Supplier D,8711.37,15.0,3,26134.11,85,35,14,False,8,2026,9,6,32,4.0,5.142857142857143,6.45,1.0285714285714287,7.478571428571429,0.0,STOCK SUFFICIENT
2026-08-09,S006,Chandigarh,P006,Bluetooth Speaker,Electronics,Supplier A,2981.16,20.0,8,23849.28,137,64,5,False,8,2026,9,6,32,8.0,10.428571428571429,9.545,2.085714285714286,11.630714285714285,0.0,STOCK SUFFICIENT
2026-08-09,S006,Chandigarh,P008,Fitness Band,Wearables,Supplier A,2081.31,15.0,13,27057.03,130,83,2,False,8,2026,9,6,32,14.0,10.857142857142858,11.45,2.1714285714285717,13.62142857142857,0.0,STOCK SUFFICIENT
2026-08-09,S004,Lucknow,P015,Office Chair,Furniture,Supplier B,8049.48,0.0,5,40247.399999999994,87,39,3,False,8,2026,9,6,32,3.0,5.857142857142857,5.415,1.1714285714285715,6.586428571428572,0.0,STOCK SUFFICIENT
2026-08-09,S003,Ghaziabad,P002,Wireless Mouse,Accessories,Supplier B,838.3,15.0,16,13412.8,412,197,6,False,8,2026,9,6,32,30.0,33.857142857142854,33.055,6.771428571428571,39.82642857142857,0.0,STOCK SUFFICIENT
2026-08-10,S001,Delhi,P001,Laptop Bag,Accessories,Supplier A,1225.51,10.0,18,22059.18,337,180,7,False,8,2026,10,0,33,18.0,24.428571428571427,21.155,4.885714285714286,26.040714285714287,0.0,STOCK SUFFICIENT
2026-08-10,S003,Ghaziabad,P008,Fitness Band,Wearables,Supplier B,2140.76,0.0,9,19266.840000000004,190,98,5,False,8,2026,10,0,33,12.0,12.428571428571429,10.115,2.4857142857142858,12.600714285714286,0.0,STOCK SUFFICIENT
2026-08-10,S003,Ghaziabad,P011,Water Bottle,Sports,Supplier A,747.7,0.0,26,19440.2,592,228,3,False,8,2026,10,0,33,19.0,32.0,28.015,6.4,34.415,0.0,STOCK SUFFICIENT
2026-08-10,S004,Lucknow,P005,Power Bank,Electronics,Supplier A,1485.48,0.0,13,19311.24,147,144,13,False,8,2026,10,0,33,22.0,20.142857142857142,17.165,4.0285714285714285,21.193571428571428,0.0,STOCK SUFFICIENT
2026-08-10,S001,Delhi,P005,Power Bank,Electronics,Supplier C,1536.39,0.0,22,33800.58,388,200,12,False,8,2026,10,0,33,26.0,22.285714285714285,21.025,4.457142857142857,25.482142857142854,0.0,STOCK SUFFICIENT
2026-08-10,S002,Noida,P003,Mechanical Keyboard,Accessories,Supplier A,2405.89,20.0,14,33682.46,129,110,14,False,8,2026,10,0,33,21.0,14.857142857142858,15.585,2.9714285714285715,18.556428571428572,0.0,STOCK SUFFICIENT
2026-08-10,S006,Chandigarh,P002,Wireless Mouse,Accessories,Supplier A,917.81,15.0,24,22027.44,375,166,2,False,8,2026,10,0,33,25.0,26.285714285714285,24.39,5.257142857142857,29.647142857142857,0.0,STOCK SUFFICIENT
2026-08-10,S006,Chandigarh,P005,Power Bank,Electronics,Supplier A,1507.72,10.0,15,22615.8,196,128,5,False,8,2026,10,0,33,16.0,16.428571428571427,14.435,3.2857142857142856,17.720714285714287,0.0,STOCK SUFFICIENT
2026-08-10,S001,Delhi,P011,Water Bottle,Sports,Supplier B,718.63,5.0,34,24433.42,575,300,3,False,8,2026,10,0,33,37.0,39.714285714285715,33.085,7.942857142857143,41.027857142857144,0.0,STOCK SUFFICIENT
2026-08-10,S003,Ghaziabad,P002,Wireless Mouse,Accessories,Supplier B,853.09,20.0,38,32417.420000000002,401,197,14,False,8,2026,10,0,33,16.0,31.571428571428573,29.835,6.314285714285715,36.14928571428572,0.0,STOCK SUFFICIENT
2026-08-10,S005,Jaipur,P002,Wireless Mouse,Accessories,Supplier B,882.13,0.0,20,17642.6,303,176,13,False,8,2026,10,0,33,28.0,25.142857142857142,21.57,5.0285714285714285,26.59857142857143,0.0,STOCK SUFFICIENT
2026-08-10,S001,Delhi,P014,Desk Lamp,Home,Supplier C,1376.64,0.0,24,33039.36,311,160,13,False,8,2026,10,0,33,28.0,19.428571428571427,17.28,3.8857142857142857,21.165714285714287,0.0,STOCK SUFFICIENT
2026-08-10,S002,Noida,P011,Water Bottle,Sports,Supplier B,668.01,15.0,38,25384.38,573,276,6,False,8,2026,10,0,33,42.0,40.857142857142854,40.91,8.17142857142857,49.08142857142857,0.0,STOCK SUFFICIENT
2026-08-10,S001,Delhi,P014,Desk Lamp,Home,Supplier B,1289.94,0.0,10,12899.400000000001,248,160,10,False,8,2026,10,0,33,24.0,19.714285714285715,17.16,3.942857142857143,21.102857142857143,0.0,STOCK SUFFICIENT
2026-08-10,S004,Lucknow,P012,Backpack,Travel,Supplier B,1890.41,0.0,11,20794.510000000002,217,108,9,False,8,2026,10,0,33,12.0,15.0,12.575,3.0,15.575,0.0,STOCK SUFFICIENT
2026-08-11,S005,Jaipur,P004,USB-C Hub,Electronics,Supplier D,1731.75,15.0,15,25976.25,98,102,9,True,8,2026,11,1,33,9.0,11.428571428571429,14.945,2.285714285714286,17.230714285714285,0.0,REORDER REQUIRED
2026-08-11,S002,Noida,P001,Laptop Bag,Accessories,Supplier A,1109.56,0.0,14,15533.84,359,165,13,False,8,2026,11,1,33,26.0,21.857142857142858,18.98,4.371428571428572,23.35142857142857,0.0,STOCK SUFFICIENT
2026-08-11,S005,Jaipur,P005,Power Bank,Electronics,Supplier C,1489.89,5.0,17,25328.13,284,136,4,False,8,2026,11,1,33,21.0,17.0,15.79,3.4000000000000004,19.189999999999998,0.0,STOCK SUFFICIENT
2026-08-11,S001,Delhi,P001,Laptop Bag,Accessories,Supplier B,1279.86,15.0,19,24317.339999999997,412,180,13,False,8,2026,11,1,33,18.0,24.142857142857142,23.23,4.828571428571429,28.05857142857143,0.0,STOCK SUFFICIENT
2026-08-11,S001,Delhi,P001,Laptop Bag,Accessories,Supplier B,1179.12,10.0,22,25940.64,275,180,7,False,8,2026,11,1,33,19.0,23.285714285714285,20.625,4.6571428571428575,25.28214285714286,0.0,STOCK SUFFICIENT
2026-08-11,S004,Lucknow,P006,Bluetooth Speaker,Electronics,Supplier C,2766.17,15.0,9,24895.53,89,72,6,False,8,2026,11,1,33,8.0,10.428571428571429,10.275,2.085714285714286,12.360714285714286,0.0,STOCK SUFFICIENT
2026-08-11,S006,Chandigarh,P012,Backpack,Travel,Supplier C,1855.84,5.0,11,20414.239999999998,160,96,3,False,8,2026,11,1,33,11.0,12.285714285714286,11.48,2.4571428571428573,13.937142857142858,0.0,STOCK SUFFICIENT
2026-08-11,S002,Noida,P010,Yoga Mat,Sports,Supplier A,1436.48,0.0,13,18674.24,379,156,7,False,8,2026,11,1,33,11.0,19.285714285714285,18.04,3.857142857142857,21.897142857142857,0.0,STOCK SUFFICIENT
2026-08-11,S004,Lucknow,P002,Wireless Mouse,Accessories,Supplier B,884.91,15.0,23,20352.93,466,187,3,False,8,2026,11,1,33,21.0,21.857142857142858,25.445,4.371428571428572,29.816428571428574,0.0,STOCK SUFFICIENT
2026-08-11,S001,Delhi,P006,Bluetooth Speaker,Electronics,Supplier A,2998.86,10.0,15,44982.9,148,100,14,False,8,2026,11,1,33,14.0,13.571428571428571,13.65,2.7142857142857144,16.364285714285714,0.0,STOCK SUFFICIENT
2026-08-11,S006,Chandigarh,P001,Laptop Bag,Accessories,Supplier B,1235.04,20.0,15,18525.6,272,115,2,False,8,2026,11,1,33,13.0,17.571428571428573,18.12,3.5142857142857147,21.634285714285717,0.0,STOCK SUFFICIENT
2026-08-11,S003,Ghaziabad,P002,Wireless Mouse,Accessories,Supplier D,854.55,5.0,21,17945.55,342,197,6,False,8,2026,11,1,33,38.0,31.857142857142858,24.665,6.371428571428572,31.036428571428573,0.0,STOCK SUFFICIENT
2026-08-11,S006,Chandigarh,P005,Power Bank,Electronics,Supplier A,1714.06,5.0,13,22282.78,326,128,4,False,8,2026,11,1,33,15.0,17.0,15.32,3.4000000000000004,18.72,0.0,STOCK SUFFICIENT
2026-08-11,S003,Ghaziabad,P015,Office Chair,Furniture,Supplier C,7914.48,15.0,3,23743.44,77,41,10,False,8,2026,11,1,33,9.0,5.571428571428571,4.41,1.1142857142857143,5.524285714285714,0.0,STOCK SUFFICIENT
2026-08-11,S005,Jaipur,P014,Desk Lamp,Home,Supplier D,1379.97,0.0,10,13799.7,130,108,2,False,8,2026,11,1,33,9.0,13.0,12.975,2.6,15.575,0.0,STOCK SUFFICIENT
2026-08-12,S005,Jaipur,P008,Fitness Band,Wearables,Supplier D,2229.8,15.0,14,31217.200000000004,136,88,3,False,8,2026,12,2,33,6.0,11.428571428571429,12.85,2.285714285714286,15.135714285714286,0.0,STOCK SUFFICIENT
2026-08-12,S001,Delhi,P014,Desk Lamp,Home,Supplier D,1330.02,5.0,18,23940.36,282,160,10,False,8,2026,12,2,33,10.0,18.571428571428573,18.585,3.714285714285715,22.299285714285716,0.0,STOCK SUFFICIENT
2026-08-12,S003,Ghaziabad,P011,Water Bottle,Sports,Supplier A,731.93,0.0,21,15370.529999999999,396,228,7,False,8,2026,12,2,33,26.0,31.285714285714285,28.13,6.257142857142857,34.387142857142855,0.0,STOCK SUFFICIENT
2026-08-12,S002,Noida,P012,Backpack,Travel,Supplier B,1877.15,5.0,10,18771.5,174,138,14,False,8,2026,12,2,33,16.0,23.285714285714285,16.165,4.6571428571428575,20.822142857142858,0.0,STOCK SUFFICIENT
2026-08-12,S006,Chandigarh,P009,Running Shoes,Sports,Supplier B,3399.28,0.0,9,30593.52,123,70,3,False,8,2026,12,2,33,8.0,10.142857142857142,7.345,2.0285714285714285,9.373571428571427,0.0,STOCK SUFFICIENT
2026-08-12,S006,Chandigarh,P015,Office Chair,Furniture,Supplier C,8259.95,5.0,3,24779.850000000002,38,35,12,False,8,2026,12,2,33,3.0,4.285714285714286,3.86,0.8571428571428572,4.717142857142857,0.0,STOCK SUFFICIENT
2026-08-12,S004,Lucknow,P004,USB-C Hub,Electronics,Supplier C,1790.2,0.0,11,19692.2,193,108,2,False,8,2026,12,2,33,13.0,14.428571428571429,12.745,2.885714285714286,15.630714285714285,0.0,STOCK SUFFICIENT
2026-08-12,S005,Jaipur,P006,Bluetooth Speaker,Electronics,Supplier A,2766.69,20.0,8,22133.52,115,68,13,False,8,2026,12,2,33,9.0,9.571428571428571,9.265,1.9142857142857144,11.179285714285715,0.0,STOCK SUFFICIENT
2026-08-12,S005,Jaipur,P010,Yoga Mat,Sports,Supplier C,1421.64,5.0,20,28432.800000000003,113,115,11,True,8,2026,12,2,33,9.0,13.285714285714286,12.32,2.6571428571428575,14.977142857142859,0.0,REORDER REQUIRED
2026-08-12,S004,Lucknow,P008,Fitness Band,Wearables,Supplier B,2356.74,15.0,9,21210.659999999996,162,93,10,False,8,2026,12,2,33,13.0,13.142857142857142,13.65,2.6285714285714286,16.27857142857143,0.0,STOCK SUFFICIENT
2026-08-12,S001,Delhi,P013,Travel Adapter,Travel,Supplier C,1165.21,0.0,21,24469.41,331,180,11,False,8,2026,12,2,33,17.0,22.571428571428573,20.885,4.514285714285715,25.399285714285718,0.0,STOCK SUFFICIENT
2026-08-12,S004,Lucknow,P001,Laptop Bag,Accessories,Supplier C,1290.82,5.0,12,15489.84,298,129,12,False,8,2026,12,2,33,19.0,17.571428571428573,15.205,3.5142857142857147,18.719285714285714,0.0,STOCK SUFFICIENT
2026-08-12,S004,Lucknow,P011,Water Bottle,Sports,Supplier D,715.65,10.0,24,17175.6,285,216,3,False,8,2026,12,2,33,24.0,28.428571428571427,25.07,5.685714285714286,30.755714285714287,0.0,STOCK SUFFICIENT
2026-08-12,S006,Chandigarh,P008,Fitness Band,Wearables,Supplier D,2271.22,0.0,10,22712.199999999997,182,83,7,False,8,2026,12,2,33,13.0,10.857142857142858,8.955,2.1714285714285717,11.126428571428573,0.0,STOCK SUFFICIENT
2026-08-12,S001,Delhi,P007,Smart Watch,Wearables,Supplier C,4490.9,10.0,12,53890.799999999996,168,90,8,False,8,2026,12,2,33,12.0,12.714285714285714,11.435,2.5428571428571427,13.977857142857143,0.0,STOCK SUFFICIENT
2026-08-13,S001,Delhi,P011,Water Bottle,Sports,Supplier B,718.0,0.0,24,17232.0,544,300,14,False,8,2026,13,3,33,34.0,40.714285714285715,36.81,8.142857142857144,44.95285714285715,0.0,STOCK SUFFICIENT
2026-08-13,S005,Jaipur,P008,Fitness Band,Wearables,Supplier A,2199.62,0.0,7,15397.34,137,88,9,False,8,2026,13,3,33,8.0,12.285714285714286,9.575,2.4571428571428573,12.032142857142857,0.0,STOCK SUFFICIENT
2026-08-13,S006,Chandigarh,P003,Mechanical Keyboard,Accessories,Supplier D,2405.62,15.0,11,26461.82,154,76,10,False,8,2026,13,3,33,3.0,7.428571428571429,10.985,1.4857142857142858,12.470714285714285,0.0,STOCK SUFFICIENT
2026-08-13,S002,Noida,P004,USB-C Hub,Electronics,Supplier B,1668.07,10.0,18,30025.26,312,138,11,False,8,2026,13,3,33,12.0,20.428571428571427,16.855,4.085714285714285,20.940714285714286,0.0,STOCK SUFFICIENT
2026-08-13,S006,Chandigarh,P008,Fitness Band,Wearables,Supplier A,2080.89,5.0,10,20808.899999999998,108,83,12,False,8,2026,13,3,33,13.0,11.714285714285714,9.355,2.342857142857143,11.697857142857144,0.0,STOCK SUFFICIENT
2026-08-13,S006,Chandigarh,P008,Fitness Band,Wearables,Supplier C,2223.36,0.0,13,28903.68,161,83,14,False,8,2026,13,3,33,10.0,11.285714285714286,8.0,2.2571428571428576,10.257142857142858,0.0,STOCK SUFFICIENT
2026-08-13,S006,Chandigarh,P013,Travel Adapter,Travel,Supplier D,1059.12,5.0,13,13768.559999999998,139,115,10,False,8,2026,13,3,33,12.0,16.428571428571427,13.73,3.2857142857142856,17.015714285714285,0.0,STOCK SUFFICIENT
2026-08-13,S006,Chandigarh,P002,Wireless Mouse,Accessories,Supplier C,859.3,10.0,23,19763.899999999998,295,166,2,False,8,2026,13,3,33,24.0,26.142857142857142,24.26,5.228571428571429,29.48857142857143,0.0,STOCK SUFFICIENT
2026-08-13,S001,Delhi,P007,Smart Watch,Wearables,Supplier A,4563.67,0.0,14,63891.380000000005,124,90,10,False,8,2026,13,3,33,12.0,12.714285714285714,10.36,2.5428571428571427,12.902857142857142,0.0,STOCK SUFFICIENT
2026-08-13,S005,Jaipur,P003,Mechanical Keyboard,Accessories,Supplier B,2321.83,5.0,10,23218.3,147,81,11,False,8,2026,13,3,33,10.0,13.571428571428571,8.485,2.7142857142857144,11.199285714285715,0.0,STOCK SUFFICIENT
2026-08-13,S005,Jaipur,P010,Yoga Mat,Sports,Supplier B,1293.97,5.0,14,18115.58,171,115,2,False,8,2026,13,3,33,20.0,14.0,12.425,2.8000000000000003,15.225000000000001,0.0,STOCK SUFFICIENT
2026-08-13,S005,Jaipur,P008,Fitness Band,Wearables,Supplier A,2027.19,5.0,8,16217.52,205,88,11,False,8,2026,13,3,33,12.0,12.0,9.42,2.4000000000000004,11.82,0.0,STOCK SUFFICIENT
2026-08-13,S005,Jaipur,P008,Fitness Band,Wearables,Supplier C,2199.99,0.0,12,26399.879999999997,84,88,4,True,8,2026,13,3,33,14.0,12.0,10.615,2.4000000000000004,13.015,0.0,REORDER REQUIRED
2026-08-13,S001,Delhi,P010,Yoga Mat,Sports,Supplier B,1435.98,0.0,17,24411.66,331,170,6,False,8,2026,13,3,33,35.0,26.571428571428573,20.955,5.314285714285715,26.269285714285715,0.0,STOCK SUFFICIENT
2026-08-13,S006,Chandigarh,P005,Power Bank,Electronics,Supplier D,1493.72,5.0,12,17924.64,250,128,13,False,8,2026,13,3,33,13.0,17.142857142857142,15.1,3.428571428571429,18.52857142857143,0.0,STOCK SUFFICIENT
2026-08-13,S004,Lucknow,P013,Travel Adapter,Travel,Supplier A,1123.34,10.0,15,16850.1,265,129,14,False,8,2026,13,3,33,17.0,17.571428571428573,15.64,3.5142857142857147,19.154285714285717,0.0,STOCK SUFFICIENT
2026-08-13,S004,Lucknow,P001,Laptop Bag,Accessories,Supplier C,1266.49,10.0,12,15197.880000000001,318,129,12,False,8,2026,13,3,33,12.0,17.285714285714285,16.1,3.4571428571428573,19.557142857142857,0.0,STOCK SUFFICIENT
2026-08-13,S005,Jaipur,P009,Running Shoes,Sports,Supplier A,3000.52,5.0,9,27004.68,91,74,11,False,8,2026,13,3,33,2.0,12.142857142857142,8.945,2.428571428571429,11.373571428571429,0.0,STOCK SUFFICIENT
2026-08-13,S002,Noida,P001,Laptop Bag,Accessories,Supplier A,1114.35,10.0,25,27858.749999999996,223,165,8,False,8,2026,13,3,33,14.0,21.714285714285715,20.53,4.342857142857143,24.872857142857143,0.0,STOCK SUFFICIENT
2026-08-14,S006,Chandigarh,P010,Yoga Mat,Sports,Supplier C,1366.28,0.0,17,23226.76,218,108,3,False,8,2026,14,4,33,16.0,17.0,12.665,3.4000000000000004,16.064999999999998,0.0,STOCK SUFFICIENT
2026-08-14,S002,Noida,P013,Travel Adapter,Travel,Supplier A,1130.68,10.0,14,15829.52,304,165,11,False,8,2026,14,4,33,22.0,18.428571428571427,20.465,3.6857142857142855,24.150714285714287,0.0,STOCK SUFFICIENT
2026-08-14,S002,Noida,P014,Desk Lamp,Home,Supplier C,1279.11,10.0,13,16628.43,339,147,9,False,8,2026,14,4,33,17.0,15.571428571428571,18.29,3.1142857142857143,21.404285714285713,0.0,STOCK SUFFICIENT
2026-08-14,S004,Lucknow,P010,Yoga Mat,Sports,Supplier D,1319.5,5.0,11,14514.5,181,122,14,False,8,2026,14,4,33,11.0,18.428571428571427,14.47,3.6857142857142855,18.155714285714286,0.0,STOCK SUFFICIENT
2026-08-14,S003,Ghaziabad,P009,Running Shoes,Sports,Supplier B,2965.2,20.0,19,56338.799999999996,205,83,9,False,8,2026,14,4,33,11.0,9.285714285714286,10.415,1.8571428571428574,12.272142857142857,0.0,STOCK SUFFICIENT
2026-08-14,S004,Lucknow,P015,Office Chair,Furniture,Supplier D,8642.63,0.0,6,51855.78,61,39,2,False,8,2026,14,4,33,5.0,5.571428571428571,3.895,1.1142857142857143,5.009285714285714,0.0,STOCK SUFFICIENT
2026-08-14,S004,Lucknow,P003,Mechanical Keyboard,Accessories,Supplier D,2372.02,0.0,10,23720.2,153,86,5,False,8,2026,14,4,33,7.0,10.142857142857142,9.93,2.0285714285714285,11.958571428571428,0.0,STOCK SUFFICIENT
2026-08-14,S004,Lucknow,P011,Water Bottle,Sports,Supplier B,710.11,0.0,17,12071.87,462,216,13,False,8,2026,14,4,33,24.0,27.714285714285715,23.125,5.542857142857144,28.667857142857144,0.0,STOCK SUFFICIENT
2026-08-14,S005,Jaipur,P013,Travel Adapter,Travel,Supplier C,1050.15,15.0,12,12601.800000000001,287,122,7,False,8,2026,14,4,33,17.0,14.285714285714286,16.29,2.8571428571428577,19.147142857142857,0.0,STOCK SUFFICIENT
2026-08-14,S004,Lucknow,P003,Mechanical Keyboard,Accessories,Supplier A,2375.69,5.0,7,16629.83,239,86,12,False,8,2026,14,4,33,11.0,10.285714285714286,10.52,2.0571428571428574,12.577142857142857,0.0,STOCK SUFFICIENT
2026-08-14,S001,Delhi,P003,Mechanical Keyboard,Accessories,Supplier D,2215.68,0.0,12,26588.159999999996,202,120,14,False,8,2026,14,4,33,15.0,16.142857142857142,13.11,3.2285714285714286,16.338571428571427,0.0,STOCK SUFFICIENT
2026-08-14,S004,Lucknow,P013,Travel Adapter,Travel,Supplier D,1081.04,5.0,8,8648.32,316,129,4,False,8,2026,14,4,33,15.0,16.857142857142858,16.595,3.371428571428572,19.966428571428573,0.0,STOCK SUFFICIENT
2026-08-14,S003,Ghaziabad,P013,Travel Adapter,Travel,Supplier C,1101.6,0.0,12,13219.199999999999,311,136,7,False,8,2026,14,4,33,14.0,13.857142857142858,14.585,2.771428571428572,17.356428571428573,0.0,STOCK SUFFICIENT
2026-08-14,S002,Noida,P012,Backpack,Travel,Supplier C,1869.88,0.0,12,22438.56,302,138,6,False,8,2026,14,4,33,10.0,20.0,16.11,4.0,20.11,0.0,STOCK SUFFICIENT
2026-08-14,S006,Chandigarh,P004,USB-C Hub,Electronics,Supplier D,1694.01,10.0,7,11858.07,189,96,8,False,8,2026,14,4,33,15.0,14.0,12.61,2.8000000000000003,15.41,0.0,STOCK SUFFICIENT
2026-08-15,S002,Noida,P008,Fitness Band,Wearables,Supplier A,2099.16,5.0,16,33586.56,198,119,6,False,8,2026,15,5,33,10.0,16.714285714285715,15.755,3.3428571428571434,19.097857142857144,0.0,STOCK SUFFICIENT
2026-08-15,S002,Noida,P005,Power Bank,Electronics,Supplier C,1621.09,0.0,20,32421.8,389,184,7,False,8,2026,15,5,33,22.0,21.714285714285715,23.6,4.342857142857143,27.942857142857143,0.0,STOCK SUFFICIENT
2026-08-15,S002,Noida,P005,Power Bank,Electronics,Supplier B,1672.22,10.0,28,46822.16,376,184,2,False,8,2026,15,5,33,20.0,20.857142857142858,26.735,4.171428571428572,30.90642857142857,0.0,STOCK SUFFICIENT
2026-08-15,S003,Ghaziabad,P010,Yoga Mat,Sports,Supplier C,1310.9,5.0,17,22285.300000000003,258,129,4,False,8,2026,15,5,33,15.0,16.0,18.165,3.2,21.365,0.0,STOCK SUFFICIENT
2026-08-15,S002,Noida,P010,Yoga Mat,Sports,Supplier C,1322.34,5.0,21,27769.14,268,156,6,False,8,2026,15,5,33,13.0,18.142857142857142,19.955,3.6285714285714286,23.583571428571428,0.0,STOCK SUFFICIENT
2026-08-15,S003,Ghaziabad,P009,Running Shoes,Sports,Supplier A,3393.46,0.0,16,54295.36,169,83,3,False,8,2026,15,5,33,19.0,11.285714285714286,10.415,2.2571428571428576,12.672142857142857,0.0,STOCK SUFFICIENT
2026-08-15,S001,Delhi,P004,USB-C Hub,Electronics,Supplier B,1681.11,5.0,16,26897.76,324,150,6,False,8,2026,15,5,33,17.0,19.571428571428573,20.665,3.9142857142857146,24.579285714285714,0.0,STOCK SUFFICIENT
2026-08-15,S006,Chandigarh,P015,Office Chair,Furniture,Supplier B,9018.34,0.0,7,63128.380000000005,75,35,4,False,8,2026,15,5,33,3.0,4.285714285714286,5.35,0.8571428571428572,6.207142857142857,0.0,STOCK SUFFICIENT
2026-08-16,S006,Chandigarh,P015,Office Chair,Furniture,Supplier B,8993.75,10.0,5,44968.75,82,35,8,False,8,2026,16,6,33,7.0,4.714285714285714,4.985,0.942857142857143,5.927857142857143,0.0,STOCK SUFFICIENT
2026-08-16,S003,Ghaziabad,P012,Backpack,Travel,Supplier A,1956.02,10.0,21,41076.42,265,114,13,False,8,2026,16,6,33,14.0,14.0,14.075,2.8000000000000003,16.875,0.0,STOCK SUFFICIENT
2026-08-16,S002,Noida,P001,Laptop Bag,Accessories,Supplier A,1228.94,10.0,31,38097.14,343,165,5,False,8,2026,16,6,33,25.0,21.428571428571427,23.255,4.285714285714286,27.540714285714284,0.0,STOCK SUFFICIENT
2026-08-16,S005,Jaipur,P013,Travel Adapter,Travel,Supplier B,1168.03,5.0,15,17520.45,197,122,9,False,8,2026,16,6,33,12.0,14.0,15.365,2.8000000000000003,18.165,0.0,STOCK SUFFICIENT
2026-08-16,S004,Lucknow,P014,Desk Lamp,Home,Supplier D,1285.36,5.0,14,17995.039999999997,297,115,8,False,8,2026,16,6,33,15.0,13.428571428571429,16.01,2.685714285714286,18.69571428571429,0.0,STOCK SUFFICIENT
2026-08-16,S002,Noida,P009,Running Shoes,Sports,Supplier C,3273.84,0.0,17,55655.28,231,101,14,False,8,2026,16,6,33,20.0,15.428571428571429,11.275,3.085714285714286,14.360714285714286,0.0,STOCK SUFFICIENT
2026-08-16,S003,Ghaziabad,P008,Fitness Band,Wearables,Supplier D,2037.36,10.0,10,20373.6,60,98,2,True,8,2026,16,6,33,9.0,12.857142857142858,14.515,2.5714285714285716,17.086428571428574,0.0,REORDER REQUIRED
2026-08-16,S006,Chandigarh,P004,USB-C Hub,Electronics,Supplier A,1700.34,5.0,10,17003.399999999998,229,96,11,False,8,2026,16,6,33,15.0,12.285714285714286,12.935,2.4571428571428573,15.392142857142858,0.0,STOCK SUFFICIENT
2026-08-16,S005,Jaipur,P009,Running Shoes,Sports,Supplier D,3214.92,15.0,7,22504.440000000002,160,74,10,False,8,2026,16,6,33,9.0,11.285714285714286,10.73,2.2571428571428576,12.987142857142858,0.0,STOCK SUFFICIENT
2026-08-16,S006,Chandigarh,P004,USB-C Hub,Electronics,Supplier D,1784.06,5.0,15,26760.899999999998,266,96,2,False,8,2026,16,6,33,7.0,12.285714285714286,12.865,2.4571428571428573,15.322142857142858,0.0,STOCK SUFFICIENT
2026-08-16,S004,Lucknow,P002,Wireless Mouse,Accessories,Supplier C,893.95,0.0,26,23242.7,392,187,12,False,8,2026,16,6,33,23.0,21.428571428571427,24.035,4.285714285714286,28.320714285714285,0.0,STOCK SUFFICIENT
2026-08-16,S006,Chandigarh,P014,Desk Lamp,Home,Supplier A,1245.65,5.0,8,9965.2,206,102,9,False,8,2026,16,6,33,20.0,16.0,13.695,3.2,16.895,0.0,STOCK SUFFICIENT
2026-08-16,S006,Chandigarh,P007,Smart Watch,Wearables,Supplier C,4358.65,10.0,6,26151.899999999998,64,57,10,False,8,2026,16,6,33,8.0,8.428571428571429,7.935,1.685714285714286,9.620714285714286,0.0,STOCK SUFFICIENT
2026-08-16,S006,Chandigarh,P007,Smart Watch,Wearables,Supplier A,4209.78,0.0,8,33678.24,112,57,13,False,8,2026,16,6,33,8.0,7.571428571428571,7.12,1.5142857142857142,8.634285714285713,0.0,STOCK SUFFICIENT
2026-08-16,S006,Chandigarh,P011,Water Bottle,Sports,Supplier B,720.69,5.0,22,15855.18,437,192,3,False,8,2026,16,6,33,26.0,25.428571428571427,29.205,5.085714285714285,34.29071428571429,0.0,STOCK SUFFICIENT
2026-08-16,S006,Chandigarh,P001,Laptop Bag,Accessories,Supplier D,1120.5,0.0,9,10084.5,151,115,4,False,8,2026,16,6,33,15.0,17.428571428571427,15.07,3.4857142857142858,18.555714285714288,0.0,STOCK SUFFICIENT
2026-08-16,S002,Noida,P010,Yoga Mat,Sports,Supplier A,1448.63,5.0,14,20280.82,224,156,9,False,8,2026,16,6,33,21.0,17.571428571428573,19.625,3.5142857142857147,23.139285714285716,0.0,STOCK SUFFICIENT
2026-08-16,S004,Lucknow,P009,Running Shoes,Sports,Supplier B,3276.69,10.0,13,42596.97,169,79,7,False,8,2026,16,6,33,13.0,10.428571428571429,10.775,2.085714285714286,12.860714285714286,0.0,STOCK SUFFICIENT
2026-08-16,S001,Delhi,P015,Office Chair,Furniture,Supplier C,8151.65,15.0,11,89668.15,89,55,11,False,8,2026,16,6,33,10.0,9.0,9.135,1.8,10.935,0.0,STOCK SUFFICIENT
2026-08-17,S003,Ghaziabad,P015,Office Chair,Furniture,Supplier D,8840.85,0.0,3,26522.550000000003,64,41,7,False,8,2026,17,0,34,3.0,5.428571428571429,4.59,1.0857142857142859,5.675714285714285,0.0,STOCK SUFFICIENT
2026-08-17,S001,Delhi,P012,Backpack,Travel,Supplier C,1846.76,0.0,30,55402.8,154,150,2,False,8,2026,17,0,34,22.0,22.571428571428573,17.36,4.514285714285715,21.874285714285715,0.0,STOCK SUFFICIENT
2026-08-17,S003,Ghaziabad,P012,Backpack,Travel,Supplier C,1793.58,5.0,7,12555.06,219,114,12,False,8,2026,17,0,34,21.0,15.714285714285714,12.965,3.142857142857143,16.107857142857142,0.0,STOCK SUFFICIENT
2026-08-17,S005,Jaipur,P011,Water Bottle,Sports,Supplier B,736.35,15.0,22,16199.7,216,204,8,False,8,2026,17,0,34,25.0,26.857142857142858,25.74,5.371428571428572,31.11142857142857,0.0,STOCK SUFFICIENT
2026-08-17,S005,Jaipur,P002,Wireless Mouse,Accessories,Supplier B,908.62,10.0,22,19989.64,419,176,13,False,8,2026,17,0,34,20.0,25.0,22.5,5.0,27.5,0.0,STOCK SUFFICIENT
2026-08-17,S002,Noida,P010,Yoga Mat,Sports,Supplier D,1343.81,5.0,20,26876.199999999997,275,156,3,False,8,2026,17,0,34,14.0,15.857142857142858,18.345,3.1714285714285717,21.51642857142857,0.0,STOCK SUFFICIENT
2026-08-17,S004,Lucknow,P010,Yoga Mat,Sports,Supplier D,1330.25,5.0,15,19953.75,422,122,11,False,8,2026,17,0,34,11.0,17.571428571428573,15.12,3.5142857142857147,18.634285714285713,0.0,STOCK SUFFICIENT
2026-08-17,S006,Chandigarh,P005,Power Bank,Electronics,Supplier A,1625.67,0.0,14,22759.38,279,128,9,False,8,2026,17,0,34,12.0,16.857142857142858,14.84,3.371428571428572,18.21142857142857,0.0,STOCK SUFFICIENT
2026-08-17,S003,Ghaziabad,P005,Power Bank,Electronics,Supplier A,1477.95,5.0,17,25125.15,249,152,5,False,8,2026,17,0,34,31.0,21.285714285714285,18.735,4.257142857142857,22.992142857142856,0.0,STOCK SUFFICIENT
2026-08-17,S002,Noida,P012,Backpack,Travel,Supplier C,1935.53,10.0,17,32904.01,342,138,3,False,8,2026,17,0,34,12.0,18.714285714285715,16.545,3.7428571428571433,20.287857142857145,0.0,STOCK SUFFICIENT
2026-08-18,S004,Lucknow,P013,Travel Adapter,Travel,Supplier C,1122.65,0.0,20,22453.0,149,129,8,False,8,2026,18,1,34,8.0,15.857142857142858,14.11,3.1714285714285717,17.28142857142857,0.0,STOCK SUFFICIENT
2026-08-18,S003,Ghaziabad,P008,Fitness Band,Wearables,Supplier B,2146.47,0.0,6,12878.82,297,98,2,False,8,2026,18,1,34,10.0,12.0,10.515,2.4000000000000004,12.915000000000001,0.0,STOCK SUFFICIENT
2026-08-18,S003,Ghaziabad,P006,Bluetooth Speaker,Electronics,Supplier C,2608.86,10.0,5,13044.300000000001,102,76,4,False,8,2026,18,1,34,10.0,10.714285714285714,10.01,2.142857142857143,12.152857142857142,0.0,STOCK SUFFICIENT
2026-08-18,S003,Ghaziabad,P009,Running Shoes,Sports,Supplier D,3341.64,10.0,12,40099.68,174,83,14,False,8,2026,18,1,34,16.0,12.285714285714286,12.245,2.4571428571428573,14.702142857142857,0.0,STOCK SUFFICIENT
2026-08-18,S001,Delhi,P002,Wireless Mouse,Accessories,Supplier C,878.24,0.0,30,26347.2,438,260,13,False,8,2026,18,1,34,35.0,36.0,32.14,7.2,39.34,0.0,STOCK SUFFICIENT
2026-08-18,S003,Ghaziabad,P010,Yoga Mat,Sports,Supplier D,1386.58,15.0,14,19412.12,315,129,2,False,8,2026,18,1,34,17.0,16.428571428571427,17.1,3.2857142857142856,20.385714285714286,0.0,STOCK SUFFICIENT
2026-08-18,S004,Lucknow,P005,Power Bank,Electronics,Supplier A,1546.7,10.0,14,21653.8,119,144,14,True,8,2026,18,1,34,13.0,20.428571428571427,19.24,4.085714285714285,23.325714285714284,0.0,REORDER REQUIRED
2026-08-18,S005,Jaipur,P015,Office Chair,Furniture,Supplier D,9027.58,0.0,1,9027.58,35,37,11,True,8,2026,18,1,34,4.0,4.714285714285714,4.075,0.942857142857143,5.017857142857143,0.0,REORDER REQUIRED
2026-08-18,S002,Noida,P010,Yoga Mat,Sports,Supplier D,1391.22,10.0,16,22259.52,226,156,3,False,8,2026,18,1,34,20.0,15.428571428571429,20.43,3.085714285714286,23.515714285714285,0.0,STOCK SUFFICIENT
2026-08-18,S001,Delhi,P013,Travel Adapter,Travel,Supplier D,1175.95,0.0,17,19991.15,268,180,9,False,8,2026,18,1,34,21.0,21.857142857142858,20.765,4.371428571428572,25.136428571428574,0.0,STOCK SUFFICIENT
2026-08-18,S005,Jaipur,P015,Office Chair,Furniture,Supplier A,9017.29,5.0,4,36069.16,89,37,2,False,8,2026,18,1,34,3.0,4.571428571428571,5.165,0.9142857142857143,6.079285714285715,0.0,STOCK SUFFICIENT
2026-08-18,S001,Delhi,P006,Bluetooth Speaker,Electronics,Supplier D,2733.42,5.0,7,19133.940000000002,176,100,4,False,8,2026,18,1,34,15.0,13.714285714285714,10.985,2.742857142857143,13.727857142857143,0.0,STOCK SUFFICIENT
2026-08-18,S006,Chandigarh,P013,Travel Adapter,Travel,Supplier D,1027.01,0.0,11,11297.11,221,115,13,False,8,2026,18,1,34,13.0,16.571428571428573,12.42,3.314285714285715,15.734285714285715,0.0,STOCK SUFFICIENT
2026-08-18,S001,Delhi,P014,Desk Lamp,Home,Supplier C,1204.53,0.0,15,18067.95,223,160,2,False,8,2026,18,1,34,18.0,18.857142857142858,17.255,3.771428571428572,21.02642857142857,0.0,STOCK SUFFICIENT
2026-08-18,S006,Chandigarh,P015,Office Chair,Furniture,Supplier A,8041.01,0.0,4,32164.04,61,35,12,False,8,2026,18,1,34,5.0,4.428571428571429,5.04,0.8857142857142858,5.925714285714286,0.0,STOCK SUFFICIENT
2026-08-18,S002,Noida,P012,Backpack,Travel,Supplier D,1758.18,5.0,15,26372.7,253,138,4,False,8,2026,18,1,34,17.0,18.142857142857142,15.225,3.6285714285714286,18.853571428571428,0.0,STOCK SUFFICIENT
2026-08-19,S003,Ghaziabad,P007,Smart Watch,Wearables,Supplier D,4216.65,15.0,7,29516.549999999996,161,68,9,False,8,2026,19,2,34,6.0,10.285714285714286,10.125,2.0571428571428574,12.182142857142857,0.0,STOCK SUFFICIENT
2026-08-19,S002,Noida,P002,Wireless Mouse,Accessories,Supplier B,794.65,5.0,27,21455.55,330,239,5,False,8,2026,19,2,34,29.0,33.42857142857143,31.44,6.685714285714287,38.12571428571429,0.0,STOCK SUFFICIENT
2026-08-19,S001,Delhi,P002,Wireless Mouse,Accessories,Supplier D,906.81,10.0,27,24483.87,435,260,8,False,8,2026,19,2,34,30.0,34.714285714285715,34.055,6.942857142857143,40.99785714285714,0.0,STOCK SUFFICIENT
2026-08-19,S003,Ghaziabad,P011,Water Bottle,Sports,Supplier B,667.15,15.0,17,11341.55,378,228,11,False,8,2026,19,2,34,21.0,28.857142857142858,28.51,5.771428571428572,34.28142857142858,0.0,STOCK SUFFICIENT
2026-08-19,S006,Chandigarh,P006,Bluetooth Speaker,Electronics,Supplier D,2622.11,5.0,9,23598.99,141,64,13,False,8,2026,19,2,34,6.0,10.142857142857142,7.22,2.0285714285714285,9.248571428571427,0.0,STOCK SUFFICIENT
2026-08-19,S006,Chandigarh,P006,Bluetooth Speaker,Electronics,Supplier C,3001.67,15.0,6,18010.02,95,64,11,False,8,2026,19,2,34,8.0,10.857142857142858,9.23,2.1714285714285717,11.401428571428571,0.0,STOCK SUFFICIENT
2026-08-19,S004,Lucknow,P014,Desk Lamp,Home,Supplier C,1358.74,20.0,14,19022.36,271,115,14,False,8,2026,19,2,34,14.0,13.142857142857142,16.165,2.6285714285714286,18.79357142857143,0.0,STOCK SUFFICIENT
2026-08-19,S001,Delhi,P010,Yoga Mat,Sports,Supplier A,1317.06,5.0,18,23707.079999999998,301,170,11,False,8,2026,19,2,34,17.0,25.857142857142858,24.025,5.171428571428572,29.19642857142857,0.0,STOCK SUFFICIENT
2026-08-19,S005,Jaipur,P011,Water Bottle,Sports,Supplier D,692.44,5.0,24,16618.56,506,204,7,False,8,2026,19,2,34,22.0,26.142857142857142,23.77,5.228571428571429,28.998571428571427,0.0,STOCK SUFFICIENT
2026-08-19,S001,Delhi,P008,Fitness Band,Wearables,Supplier B,2262.85,10.0,18,40731.299999999996,257,130,13,False,8,2026,19,2,34,24.0,16.428571428571427,14.915,3.2857142857142856,18.200714285714284,0.0,STOCK SUFFICIENT
2026-08-19,S005,Jaipur,P013,Travel Adapter,Travel,Supplier C,1068.58,10.0,15,16028.699999999999,179,122,11,False,8,2026,19,2,34,15.0,13.0,13.095,2.6,15.695,0.0,STOCK SUFFICIENT
2026-08-19,S002,Noida,P001,Laptop Bag,Accessories,Supplier A,1171.86,10.0,23,26952.78,317,165,3,False,8,2026,19,2,34,31.0,23.714285714285715,22.075,4.742857142857143,26.817857142857143,0.0,STOCK SUFFICIENT
2026-08-19,S004,Lucknow,P010,Yoga Mat,Sports,Supplier A,1304.68,5.0,16,20874.88,256,122,2,False,8,2026,19,2,34,15.0,16.428571428571427,13.335,3.2857142857142856,16.620714285714286,0.0,STOCK SUFFICIENT
2026-08-19,S005,Jaipur,P014,Desk Lamp,Home,Supplier D,1266.5,0.0,17,21530.5,198,108,9,False,8,2026,19,2,34,10.0,12.428571428571429,12.855,2.4857142857142858,15.340714285714286,0.0,STOCK SUFFICIENT
2026-08-19,S004,Lucknow,P001,Laptop Bag,Accessories,Supplier A,1169.48,10.0,17,19881.16,370,129,4,False,8,2026,19,2,34,12.0,15.142857142857142,17.765,3.0285714285714285,20.79357142857143,0.0,STOCK SUFFICIENT
2026-08-19,S006,Chandigarh,P009,Running Shoes,Sports,Supplier C,3449.52,10.0,5,17247.6,238,70,9,False,8,2026,19,2,34,9.0,10.142857142857142,9.28,2.0285714285714285,11.308571428571428,0.0,STOCK SUFFICIENT
2026-08-19,S001,Delhi,P014,Desk Lamp,Home,Supplier B,1377.17,15.0,15,20657.550000000003,283,160,13,False,8,2026,19,2,34,15.0,18.714285714285715,19.42,3.7428571428571433,23.162857142857145,0.0,STOCK SUFFICIENT
2026-08-19,S004,Lucknow,P014,Desk Lamp,Home,Supplier B,1381.67,15.0,13,17961.71,103,115,5,True,8,2026,19,2,34,14.0,14.142857142857142,15.615,2.8285714285714287,18.443571428571428,0.0,REORDER REQUIRED
2026-08-20,S004,Lucknow,P014,Desk Lamp,Home,Supplier B,1231.55,0.0,14,17241.7,313,115,8,False,8,2026,20,3,34,13.0,14.142857142857142,12.905,2.8285714285714287,15.733571428571429,0.0,STOCK SUFFICIENT
2026-08-20,S006,Chandigarh,P004,USB-C Hub,Electronics,Supplier D,1876.58,10.0,13,24395.54,151,96,14,False,8,2026,20,3,34,10.0,12.714285714285714,12.11,2.5428571428571427,14.652857142857142,0.0,STOCK SUFFICIENT
2026-08-20,S006,Chandigarh,P012,Backpack,Travel,Supplier C,1870.03,15.0,14,26180.42,140,96,11,False,8,2026,20,3,34,11.0,13.0,13.585,2.6,16.185000000000002,0.0,STOCK SUFFICIENT
2026-08-20,S005,Jaipur,P008,Fitness Band,Wearables,Supplier B,2129.95,10.0,13,27689.35,132,88,10,False,8,2026,20,3,34,7.0,10.285714285714286,12.16,2.0571428571428574,14.217142857142857,0.0,STOCK SUFFICIENT
2026-08-20,S005,Jaipur,P003,Mechanical Keyboard,Accessories,Supplier C,2324.64,0.0,10,23246.399999999998,120,81,6,False,8,2026,20,3,34,10.0,12.285714285714286,7.76,2.4571428571428573,10.217142857142857,0.0,STOCK SUFFICIENT
2026-08-20,S002,Noida,P007,Smart Watch,Wearables,Supplier C,4380.9,5.0,11,48189.899999999994,162,82,11,False,8,2026,20,3,34,8.0,10.142857142857142,9.605,2.0285714285714285,11.633571428571429,0.0,STOCK SUFFICIENT
2026-08-20,S001,Delhi,P011,Water Bottle,Sports,Supplier D,746.88,5.0,33,24647.04,620,300,5,False,8,2026,20,3,34,24.0,39.285714285714285,33.415,7.857142857142858,41.27214285714285,0.0,STOCK SUFFICIENT
2026-08-20,S004,Lucknow,P002,Wireless Mouse,Accessories,Supplier A,835.35,5.0,27,22554.45,326,187,14,False,8,2026,20,3,34,26.0,22.142857142857142,22.185,4.428571428571429,26.613571428571426,0.0,STOCK SUFFICIENT
2026-08-20,S004,Lucknow,P015,Office Chair,Furniture,Supplier A,8118.33,0.0,3,24354.989999999998,82,39,9,False,8,2026,20,3,34,5.0,5.142857142857143,4.015,1.0285714285714287,5.043571428571428,0.0,STOCK SUFFICIENT
2026-08-20,S004,Lucknow,P015,Office Chair,Furniture,Supplier D,8053.24,5.0,5,40266.2,113,39,10,False,8,2026,20,3,34,6.0,5.571428571428571,3.425,1.1142857142857143,4.539285714285715,0.0,STOCK SUFFICIENT
2026-08-20,S003,Ghaziabad,P012,Backpack,Travel,Supplier B,1991.55,10.0,12,23898.6,191,114,10,False,8,2026,20,3,34,7.0,14.714285714285714,12.82,2.942857142857143,15.762857142857143,0.0,STOCK SUFFICIENT
2026-08-20,S003,Ghaziabad,P004,USB-C Hub,Electronics,Supplier B,1663.72,15.0,12,19964.64,225,114,12,False,8,2026,20,3,34,15.0,16.428571428571427,15.285,3.2857142857142856,18.570714285714285,0.0,STOCK SUFFICIENT
2026-08-20,S003,Ghaziabad,P001,Laptop Bag,Accessories,Supplier C,1115.43,5.0,19,21193.170000000002,191,136,10,False,8,2026,20,3,34,19.0,17.857142857142858,16.585,3.5714285714285716,20.156428571428574,0.0,STOCK SUFFICIENT
2026-08-21,S003,Ghaziabad,P003,Mechanical Keyboard,Accessories,Supplier D,2547.45,20.0,11,28021.949999999997,268,91,13,False,8,2026,21,4,34,13.0,11.285714285714286,11.435,2.2571428571428576,13.692142857142859,0.0,STOCK SUFFICIENT
2026-08-21,S006,Chandigarh,P014,Desk Lamp,Home,Supplier B,1345.62,0.0,7,9419.34,147,102,3,False,8,2026,21,4,34,8.0,14.857142857142858,13.23,2.9714285714285715,16.201428571428572,0.0,STOCK SUFFICIENT
2026-08-21,S005,Jaipur,P013,Travel Adapter,Travel,Supplier A,1083.47,0.0,9,9751.23,233,122,14,False,8,2026,21,4,34,15.0,13.428571428571429,12.2,2.685714285714286,14.885714285714286,0.0,STOCK SUFFICIENT
2026-08-21,S004,Lucknow,P010,Yoga Mat,Sports,Supplier D,1316.8,0.0,15,19752.0,210,122,13,False,8,2026,21,4,34,16.0,16.0,13.78,3.2,16.98,0.0,STOCK SUFFICIENT
2026-08-21,S004,Lucknow,P015,Office Chair,Furniture,Supplier D,7977.07,20.0,6,47862.42,28,39,11,True,8,2026,21,4,34,3.0,4.714285714285714,5.98,0.942857142857143,6.9228571428571435,0.0,REORDER REQUIRED
2026-08-21,S006,Chandigarh,P002,Wireless Mouse,Accessories,Supplier A,813.33,0.0,15,12199.95,360,166,2,False,8,2026,21,4,34,23.0,26.571428571428573,22.12,5.314285714285715,27.434285714285714,0.0,STOCK SUFFICIENT
2026-08-21,S003,Ghaziabad,P010,Yoga Mat,Sports,Supplier D,1395.18,5.0,11,15346.980000000001,245,129,6,False,8,2026,21,4,34,14.0,16.571428571428573,15.895,3.314285714285715,19.209285714285713,0.0,STOCK SUFFICIENT
2026-08-21,S005,Jaipur,P001,Laptop Bag,Accessories,Supplier A,1164.25,10.0,17,19792.25,251,122,6,False,8,2026,21,4,34,9.0,13.285714285714286,13.275,2.6571428571428575,15.932142857142857,0.0,STOCK SUFFICIENT
2026-08-21,S001,Delhi,P006,Bluetooth Speaker,Electronics,Supplier B,2912.72,0.0,15,43690.799999999996,164,100,5,False,8,2026,21,4,34,7.0,13.857142857142858,11.7,2.771428571428572,14.471428571428572,0.0,STOCK SUFFICIENT
2026-08-21,S001,Delhi,P009,Running Shoes,Sports,Supplier A,3420.73,0.0,10,34207.3,225,110,4,False,8,2026,21,4,34,11.0,15.0,11.2,3.0,14.2,0.0,STOCK SUFFICIENT
2026-08-22,S003,Ghaziabad,P001,Laptop Bag,Accessories,Supplier A,1159.54,0.0,21,24350.34,238,136,4,False,8,2026,22,5,34,19.0,17.0,15.305,3.4000000000000004,18.705,0.0,STOCK SUFFICIENT
2026-08-22,S004,Lucknow,P010,Yoga Mat,Sports,Supplier C,1291.82,0.0,18,23252.76,264,122,12,False,8,2026,22,5,34,15.0,15.285714285714286,14.43,3.0571428571428574,17.487142857142857,0.0,STOCK SUFFICIENT
2026-08-22,S001,Delhi,P006,Bluetooth Speaker,Electronics,Supplier B,2641.8,10.0,15,39627.0,154,100,11,False,8,2026,22,5,34,15.0,12.428571428571429,13.865,2.4857142857142858,16.350714285714286,0.0,STOCK SUFFICIENT
2026-08-22,S004,Lucknow,P004,USB-C Hub,Electronics,Supplier C,1877.86,10.0,18,33801.479999999996,302,108,7,False,8,2026,22,5,34,11.0,14.0,13.255,2.8000000000000003,16.055,0.0,STOCK SUFFICIENT
2026-08-22,S004,Lucknow,P006,Bluetooth Speaker,Electronics,Supplier C,2601.04,10.0,11,28611.44,61,72,6,True,8,2026,22,5,34,7.0,10.571428571428571,10.62,2.1142857142857143,12.734285714285713,0.0,REORDER REQUIRED
2026-08-22,S001,Delhi,P010,Yoga Mat,Sports,Supplier A,1360.72,5.0,24,32657.28,385,170,4,False,8,2026,22,5,34,18.0,24.285714285714285,23.295,4.857142857142858,28.15214285714286,0.0,STOCK SUFFICIENT
2026-08-22,S004,Lucknow,P006,Bluetooth Speaker,Electronics,Supplier B,2836.28,5.0,7,19853.960000000003,142,72,6,False,8,2026,22,5,34,9.0,10.857142857142858,9.975,2.1714285714285717,12.146428571428572,0.0,STOCK SUFFICIENT
2026-08-22,S005,Jaipur,P008,Fitness Band,Wearables,Supplier C,2115.42,5.0,8,16923.36,171,88,12,False,8,2026,22,5,34,13.0,10.285714285714286,9.97,2.0571428571428574,12.027142857142858,0.0,STOCK SUFFICIENT
2026-08-22,S005,Jaipur,P003,Mechanical Keyboard,Accessories,Supplier B,2278.23,10.0,9,20504.07,188,81,2,False,8,2026,22,5,34,10.0,11.571428571428571,11.235,2.3142857142857145,13.549285714285714,0.0,STOCK SUFFICIENT
2026-08-22,S004,Lucknow,P013,Travel Adapter,Travel,Supplier B,1112.55,20.0,19,21138.45,242,129,9,False,8,2026,22,5,34,20.0,16.714285714285715,19.38,3.3428571428571434,22.722857142857144,0.0,STOCK SUFFICIENT
2026-08-22,S001,Delhi,P015,Office Chair,Furniture,Supplier C,8573.17,15.0,8,68585.36,95,55,9,False,8,2026,22,5,34,11.0,9.571428571428571,8.655,1.9142857142857144,10.569285714285714,0.0,STOCK SUFFICIENT
2026-08-22,S002,Noida,P004,USB-C Hub,Electronics,Supplier C,1703.56,20.0,15,25553.399999999998,279,138,3,False,8,2026,22,5,34,18.0,18.571428571428573,20.835,3.714285714285715,24.549285714285716,0.0,STOCK SUFFICIENT
2026-08-22,S002,Noida,P002,Wireless Mouse,Accessories,Supplier B,801.01,5.0,43,34443.43,594,239,4,False,8,2026,22,5,34,27.0,33.285714285714285,33.645,6.6571428571428575,40.30214285714286,0.0,STOCK SUFFICIENT
2026-08-22,S004,Lucknow,P011,Water Bottle,Sports,Supplier C,726.59,5.0,23,16711.57,467,216,4,False,8,2026,22,5,34,17.0,26.714285714285715,29.915,5.342857142857143,35.25785714285714,0.0,STOCK SUFFICIENT
2026-08-22,S002,Noida,P006,Bluetooth Speaker,Electronics,Supplier B,2935.68,15.0,14,41099.52,184,92,12,False,8,2026,22,5,34,13.0,13.142857142857142,13.57,2.6285714285714286,16.19857142857143,0.0,STOCK SUFFICIENT
2026-08-22,S003,Ghaziabad,P010,Yoga Mat,Sports,Supplier B,1418.88,10.0,17,24120.960000000003,190,129,2,False,8,2026,22,5,34,11.0,14.714285714285714,17.5,2.942857142857143,20.442857142857143,0.0,STOCK SUFFICIENT
2026-08-22,S003,Ghaziabad,P010,Yoga Mat,Sports,Supplier C,1496.52,10.0,16,23944.32,326,129,3,False,8,2026,22,5,34,17.0,15.0,18.22,3.0,21.22,0.0,STOCK SUFFICIENT
2026-08-22,S003,Ghaziabad,P013,Travel Adapter,Travel,Supplier D,1017.21,5.0,22,22378.620000000003,314,136,11,False,8,2026,22,5,34,12.0,14.142857142857142,17.42,2.8285714285714287,20.24857142857143,0.0,STOCK SUFFICIENT
2026-08-22,S005,Jaipur,P012,Backpack,Travel,Supplier D,1871.0,0.0,10,18710.0,265,102,12,False,8,2026,22,5,34,10.0,12.571428571428571,12.76,2.5142857142857142,15.274285714285714,0.0,STOCK SUFFICIENT
2026-08-22,S004,Lucknow,P005,Power Bank,Electronics,Supplier C,1476.86,20.0,21,31014.059999999998,279,144,7,False,8,2026,22,5,34,14.0,18.0,22.76,3.6,26.360000000000003,0.0,STOCK SUFFICIENT
2026-08-23,S001,Delhi,P007,Smart Watch,Wearables,Supplier C,4438.42,0.0,13,57699.46,133,90,10,False,8,2026,23,6,34,16.0,13.714285714285714,11.695,2.742857142857143,14.437857142857144,0.0,STOCK SUFFICIENT
2026-08-23,S001,Delhi,P014,Desk Lamp,Home,Supplier C,1292.07,5.0,25,32301.75,193,160,14,False,8,2026,23,6,34,15.0,17.857142857142858,20.345,3.5714285714285716,23.916428571428572,0.0,STOCK SUFFICIENT
2026-08-23,S005,Jaipur,P007,Smart Watch,Wearables,Supplier A,4551.34,0.0,6,27308.04,48,61,8,True,8,2026,23,6,34,9.0,8.428571428571429,7.245,1.685714285714286,8.930714285714286,0.0,REORDER REQUIRED
2026-08-23,S001,Delhi,P011,Water Bottle,Sports,Supplier C,659.71,0.0,34,22430.14,538,300,14,False,8,2026,23,6,34,33.0,38.0,38.92,7.6000000000000005,46.52,0.0,STOCK SUFFICIENT
2026-08-23,S001,Delhi,P011,Water Bottle,Sports,Supplier D,661.69,10.0,49,32422.81,763,300,5,False,8,2026,23,6,34,34.0,35.142857142857146,36.85,7.028571428571429,43.87857142857143,0.0,STOCK SUFFICIENT
2026-08-23,S001,Delhi,P007,Smart Watch,Wearables,Supplier A,4522.74,5.0,16,72363.84,168,90,10,False,8,2026,23,6,34,14.0,13.0,12.445,2.6,15.045,0.0,STOCK SUFFICIENT
2026-08-23,S004,Lucknow,P001,Laptop Bag,Accessories,Supplier D,1115.49,0.0,18,20078.82,230,129,10,False,8,2026,23,6,34,17.0,15.428571428571429,14.71,3.085714285714286,17.795714285714286,0.0,STOCK SUFFICIENT
2026-08-23,S006,Chandigarh,P002,Wireless Mouse,Accessories,Supplier B,904.6,0.0,22,19901.2,314,166,4,False,8,2026,23,6,34,15.0,24.428571428571427,21.54,4.885714285714286,26.425714285714285,0.0,STOCK SUFFICIENT
2026-08-23,S004,Lucknow,P003,Mechanical Keyboard,Accessories,Supplier A,2450.31,5.0,10,24503.1,107,86,8,False,8,2026,23,6,34,10.0,10.142857142857142,10.355,2.0285714285714285,12.383571428571429,0.0,STOCK SUFFICIENT
2026-08-23,S005,Jaipur,P005,Power Bank,Electronics,Supplier B,1539.1,0.0,13,20008.3,369,136,14,False,8,2026,23,6,34,17.0,17.0,15.465,3.4000000000000004,18.865000000000002,0.0,STOCK SUFFICIENT
2026-08-23,S002,Noida,P013,Travel Adapter,Travel,Supplier B,1027.35,0.0,16,16437.6,241,165,4,False,8,2026,23,6,34,14.0,17.714285714285715,17.975,3.542857142857143,21.517857142857146,0.0,STOCK SUFFICIENT
2026-08-23,S003,Ghaziabad,P004,USB-C Hub,Electronics,Supplier B,1940.62,0.0,16,31049.92,163,114,5,False,8,2026,23,6,34,12.0,16.142857142857142,13.0,3.2285714285714286,16.228571428571428,0.0,STOCK SUFFICIENT
2026-08-23,S003,Ghaziabad,P012,Backpack,Travel,Supplier A,1874.18,15.0,16,29986.88,156,114,7,False,8,2026,23,6,34,12.0,14.142857142857142,14.98,2.8285714285714287,17.80857142857143,0.0,STOCK SUFFICIENT
2026-08-23,S006,Chandigarh,P009,Running Shoes,Sports,Supplier D,3391.23,10.0,8,27129.84,156,70,12,False,8,2026,23,6,34,5.0,9.571428571428571,7.765,1.9142857142857144,9.679285714285713,0.0,STOCK SUFFICIENT
2026-08-24,S003,Ghaziabad,P014,Desk Lamp,Home,Supplier D,1402.7,5.0,16,22443.2,294,121,3,False,8,2026,24,0,35,15.0,17.142857142857142,15.465,3.428571428571429,18.893571428571427,0.0,STOCK SUFFICIENT
2026-08-24,S002,Noida,P005,Power Bank,Electronics,Supplier D,1621.99,10.0,25,40549.75,334,184,4,False,8,2026,24,0,35,28.0,21.285714285714285,23.35,4.257142857142857,27.607142857142858,0.0,STOCK SUFFICIENT
2026-08-24,S006,Chandigarh,P008,Fitness Band,Wearables,Supplier A,2255.14,0.0,4,9020.56,137,83,11,False,8,2026,24,0,35,10.0,11.571428571428571,7.785,2.3142857142857145,10.099285714285715,0.0,STOCK SUFFICIENT
2026-08-24,S002,Noida,P002,Wireless Mouse,Accessories,Supplier B,880.09,0.0,27,23762.43,446,239,12,False,8,2026,24,0,35,43.0,34.142857142857146,30.08,6.828571428571429,36.90857142857143,0.0,STOCK SUFFICIENT
2026-08-24,S002,Noida,P013,Travel Adapter,Travel,Supplier C,1025.46,5.0,18,18458.28,254,165,14,False,8,2026,24,0,35,16.0,17.285714285714285,18.12,3.4571428571428573,21.57714285714286,0.0,STOCK SUFFICIENT
2026-08-24,S002,Noida,P010,Yoga Mat,Sports,Supplier C,1346.37,10.0,14,18849.18,296,156,5,False,8,2026,24,0,35,16.0,16.285714285714285,19.965,3.257142857142857,23.222142857142856,0.0,STOCK SUFFICIENT
2026-08-24,S004,Lucknow,P013,Travel Adapter,Travel,Supplier A,1128.01,10.0,16,18048.16,299,129,11,False,8,2026,24,0,35,19.0,17.571428571428573,15.66,3.5142857142857147,19.174285714285716,0.0,STOCK SUFFICIENT
2026-08-24,S005,Jaipur,P003,Mechanical Keyboard,Accessories,Supplier A,2390.91,0.0,12,28690.92,133,81,11,False,8,2026,24,0,35,9.0,11.571428571428571,7.495,2.3142857142857145,9.809285714285714,0.0,STOCK SUFFICIENT
2026-08-24,S001,Delhi,P014,Desk Lamp,Home,Supplier D,1274.88,10.0,21,26772.480000000003,292,160,6,False,8,2026,24,0,35,25.0,19.285714285714285,20.11,3.857142857142857,23.967142857142857,0.0,STOCK SUFFICIENT
2026-08-24,S002,Noida,P015,Office Chair,Furniture,Supplier D,8710.47,15.0,8,69683.76,84,50,4,False,8,2026,24,0,35,3.0,6.428571428571429,6.77,1.2857142857142858,8.055714285714286,0.0,STOCK SUFFICIENT
2026-08-24,S003,Ghaziabad,P011,Water Bottle,Sports,Supplier D,675.65,5.0,28,18918.2,546,228,5,False,8,2026,24,0,35,17.0,26.714285714285715,23.555,5.342857142857143,28.89785714285714,0.0,STOCK SUFFICIENT
2026-08-24,S006,Chandigarh,P014,Desk Lamp,Home,Supplier D,1326.94,10.0,9,11942.460000000001,182,102,4,False,8,2026,24,0,35,7.0,13.285714285714286,12.745,2.6571428571428575,15.402142857142856,0.0,STOCK SUFFICIENT
2026-08-24,S002,Noida,P001,Laptop Bag,Accessories,Supplier C,1281.52,5.0,19,24348.88,269,165,2,False,8,2026,24,0,35,23.0,23.142857142857142,20.485,4.628571428571429,25.11357142857143,0.0,STOCK SUFFICIENT
2026-08-25,S006,Chandigarh,P013,Travel Adapter,Travel,Supplier A,1048.95,5.0,8,8391.6,245,115,13,False,8,2026,25,1,35,11.0,16.428571428571427,13.09,3.2857142857142856,16.375714285714285,0.0,STOCK SUFFICIENT
2026-08-25,S005,Jaipur,P010,Yoga Mat,Sports,Supplier A,1371.17,5.0,15,20567.550000000003,238,115,14,False,8,2026,25,1,35,14.0,14.714285714285714,13.955,2.942857142857143,16.89785714285714,0.0,STOCK SUFFICIENT
2026-08-25,S005,Jaipur,P013,Travel Adapter,Travel,Supplier B,1129.15,0.0,14,15808.100000000002,251,122,4,False,8,2026,25,1,35,9.0,12.857142857142858,12.055,2.5714285714285716,14.626428571428571,0.0,STOCK SUFFICIENT
2026-08-25,S001,Delhi,P003,Mechanical Keyboard,Accessories,Supplier D,2498.84,5.0,15,37482.600000000006,219,120,8,False,8,2026,25,1,35,12.0,15.571428571428571,13.67,3.1142857142857143,16.784285714285716,0.0,STOCK SUFFICIENT
2026-08-25,S002,Noida,P001,Laptop Bag,Accessories,Supplier D,1274.85,15.0,18,22947.3,320,165,4,False,8,2026,25,1,35,19.0,24.0,22.315,4.800000000000001,27.115000000000002,0.0,STOCK SUFFICIENT
2026-08-25,S002,Noida,P011,Water Bottle,Sports,Supplier A,648.51,0.0,29,18806.79,486,276,7,False,8,2026,25,1,35,38.0,40.57142857142857,35.1,8.114285714285714,43.214285714285715,0.0,STOCK SUFFICIENT
2026-08-25,S006,Chandigarh,P014,Desk Lamp,Home,Supplier C,1311.31,5.0,13,17047.03,170,102,6,False,8,2026,25,1,35,9.0,12.714285714285714,12.525,2.5428571428571427,15.067857142857143,0.0,STOCK SUFFICIENT
2026-08-25,S003,Ghaziabad,P009,Running Shoes,Sports,Supplier D,3400.75,0.0,11,37408.25,118,83,3,False,8,2026,25,1,35,12.0,12.142857142857142,9.54,2.428571428571429,11.968571428571428,0.0,STOCK SUFFICIENT
2026-08-25,S001,Delhi,P006,Bluetooth Speaker,Electronics,Supplier B,2724.63,0.0,19,51767.97,133,100,10,False,8,2026,25,1,35,15.0,12.714285714285714,10.975,2.5428571428571427,13.517857142857142,0.0,STOCK SUFFICIENT
2026-08-25,S004,Lucknow,P008,Fitness Band,Wearables,Supplier D,2120.52,10.0,8,16964.16,160,93,9,False,8,2026,25,1,35,9.0,12.285714285714286,12.335,2.4571428571428573,14.792142857142858,0.0,STOCK SUFFICIENT
2026-08-25,S002,Noida,P009,Running Shoes,Sports,Supplier C,3025.88,10.0,15,45388.200000000004,228,101,3,False,8,2026,25,1,35,17.0,16.0,13.925,3.2,17.125,0.0,STOCK SUFFICIENT
2026-08-25,S002,Noida,P014,Desk Lamp,Home,Supplier A,1321.61,10.0,14,18502.539999999997,312,147,4,False,8,2026,25,1,35,13.0,15.0,18.72,3.0,21.72,0.0,STOCK SUFFICIENT
2026-08-25,S001,Delhi,P015,Office Chair,Furniture,Supplier B,8841.74,5.0,13,114942.62,118,55,10,False,8,2026,25,1,35,8.0,9.285714285714286,6.23,1.8571428571428574,8.087142857142858,0.0,STOCK SUFFICIENT
2026-08-25,S002,Noida,P006,Bluetooth Speaker,Electronics,Supplier A,2944.04,0.0,13,38272.52,217,92,7,False,8,2026,25,1,35,14.0,13.428571428571429,9.925,2.685714285714286,12.610714285714288,0.0,STOCK SUFFICIENT
2026-08-25,S002,Noida,P002,Wireless Mouse,Accessories,Supplier A,904.04,15.0,34,30737.36,305,239,8,False,8,2026,25,1,35,27.0,32.57142857142857,39.6,6.514285714285714,46.114285714285714,0.0,STOCK SUFFICIENT
2026-08-25,S005,Jaipur,P005,Power Bank,Electronics,Supplier D,1600.21,0.0,14,22402.940000000002,271,136,3,False,8,2026,25,1,35,13.0,16.285714285714285,14.86,3.257142857142857,18.117142857142856,0.0,STOCK SUFFICIENT
2026-08-25,S005,Jaipur,P003,Mechanical Keyboard,Accessories,Supplier B,2272.63,10.0,9,20453.670000000002,220,81,7,False,8,2026,25,1,35,12.0,11.142857142857142,10.37,2.2285714285714286,12.598571428571429,0.0,STOCK SUFFICIENT
2026-08-25,S001,Delhi,P005,Power Bank,Electronics,Supplier A,1510.05,10.0,23,34731.15,510,200,8,False,8,2026,25,1,35,22.0,22.0,24.12,4.4,28.520000000000003,0.0,STOCK SUFFICIENT
2026-08-26,S002,Noida,P014,Desk Lamp,Home,Supplier A,1206.96,20.0,18,21725.28,311,147,2,False,8,2026,26,2,35,14.0,14.714285714285714,19.285,2.942857142857143,22.227857142857143,0.0,STOCK SUFFICIENT
2026-08-26,S005,Jaipur,P012,Backpack,Travel,Supplier B,1787.22,5.0,15,26808.3,256,102,6,False,8,2026,26,2,35,10.0,12.428571428571429,12.78,2.4857142857142858,15.265714285714285,0.0,STOCK SUFFICIENT
2026-08-26,S002,Noida,P009,Running Shoes,Sports,Supplier C,3451.34,0.0,6,20708.04,159,101,11,False,8,2026,26,2,35,15.0,15.571428571428571,11.41,3.1142857142857143,14.524285714285714,0.0,STOCK SUFFICIENT
2026-08-26,S004,Lucknow,P014,Desk Lamp,Home,Supplier B,1265.86,5.0,9,11392.74,210,115,3,False,8,2026,26,2,35,14.0,13.285714285714286,14.21,2.6571428571428575,16.86714285714286,0.0,STOCK SUFFICIENT
2026-08-26,S003,Ghaziabad,P001,Laptop Bag,Accessories,Supplier B,1285.44,0.0,13,16710.72,273,136,14,False,8,2026,26,2,35,21.0,16.428571428571427,14.895,3.2857142857142856,18.180714285714284,0.0,STOCK SUFFICIENT
2026-08-26,S004,Lucknow,P012,Backpack,Travel,Supplier A,1828.71,20.0,24,43889.04,165,108,2,False,8,2026,26,2,35,11.0,14.285714285714286,13.59,2.8571428571428577,16.447142857142858,0.0,STOCK SUFFICIENT
2026-08-26,S005,Jaipur,P001,Laptop Bag,Accessories,Supplier B,1212.06,0.0,11,13332.66,198,122,6,False,8,2026,26,2,35,17.0,13.571428571428571,11.755,2.7142857142857144,14.469285714285714,0.0,STOCK SUFFICIENT
2026-08-26,S003,Ghaziabad,P007,Smart Watch,Wearables,Supplier C,4267.55,10.0,5,21337.75,104,68,9,False,8,2026,26,2,35,7.0,9.571428571428571,8.295,1.9142857142857144,10.209285714285715,0.0,STOCK SUFFICIENT
2026-08-26,S003,Ghaziabad,P007,Smart Watch,Wearables,Supplier D,4477.38,0.0,7,31341.66,128,68,8,False,8,2026,26,2,35,7.0,10.714285714285714,7.245,2.142857142857143,9.387857142857143,0.0,STOCK SUFFICIENT
2026-08-26,S001,Delhi,P015,Office Chair,Furniture,Supplier A,8130.89,10.0,5,40654.450000000004,124,55,7,False,8,2026,26,2,35,13.0,9.714285714285714,8.03,1.9428571428571428,9.972857142857142,0.0,STOCK SUFFICIENT
2026-08-26,S004,Lucknow,P005,Power Bank,Electronics,Supplier C,1699.51,0.0,9,15295.59,194,144,6,False,8,2026,26,2,35,21.0,18.0,16.335,3.6,19.935000000000002,0.0,STOCK SUFFICIENT
2026-08-26,S002,Noida,P003,Mechanical Keyboard,Accessories,Supplier C,2452.95,10.0,10,24529.5,198,110,2,False,8,2026,26,2,35,14.0,14.857142857142858,13.925,2.9714285714285715,16.896428571428572,0.0,STOCK SUFFICIENT
2026-08-26,S003,Ghaziabad,P013,Travel Adapter,Travel,Supplier D,1070.13,0.0,18,19262.340000000004,230,136,10,False,8,2026,26,2,35,22.0,15.714285714285714,15.98,3.142857142857143,19.122857142857143,0.0,STOCK SUFFICIENT
2026-08-26,S005,Jaipur,P015,Office Chair,Furniture,Supplier B,8492.05,5.0,1,8492.05,66,37,14,False,8,2026,26,2,35,1.0,3.857142857142857,5.04,0.7714285714285715,5.811428571428571,0.0,STOCK SUFFICIENT
2026-08-26,S005,Jaipur,P015,Office Chair,Furniture,Supplier C,8579.65,10.0,4,34318.6,57,37,11,False,8,2026,26,2,35,1.0,2.857142857142857,4.615,0.5714285714285715,5.186428571428571,0.0,STOCK SUFFICIENT
2026-08-26,S004,Lucknow,P007,Smart Watch,Wearables,Supplier A,4693.02,10.0,10,46930.200000000004,105,64,13,False,8,2026,26,2,35,4.0,8.714285714285714,7.78,1.7428571428571429,9.522857142857143,0.0,STOCK SUFFICIENT
2026-08-26,S005,Jaipur,P008,Fitness Band,Wearables,Supplier D,2225.85,5.0,13,28936.05,159,88,2,False,8,2026,26,2,35,8.0,9.714285714285714,9.605,1.9428571428571428,11.547857142857143,0.0,STOCK SUFFICIENT
2026-08-26,S003,Ghaziabad,P002,Wireless Mouse,Accessories,Supplier C,790.82,5.0,18,14234.76,173,197,3,True,8,2026,26,2,35,21.0,29.142857142857142,25.24,5.828571428571429,31.068571428571428,0.0,REORDER REQUIRED
2026-08-27,S004,Lucknow,P009,Running Shoes,Sports,Supplier C,3380.05,5.0,9,30420.45,178,79,5,False,8,2026,27,3,35,13.0,10.714285714285714,8.865,2.142857142857143,11.007857142857143,0.0,STOCK SUFFICIENT
2026-08-27,S001,Delhi,P008,Fitness Band,Wearables,Supplier B,2263.79,5.0,19,43012.01,260,130,12,False,8,2026,27,3,35,18.0,17.428571428571427,15.52,3.4857142857142858,19.005714285714284,0.0,STOCK SUFFICIENT
2026-08-27,S003,Ghaziabad,P014,Desk Lamp,Home,Supplier C,1402.71,10.0,11,15429.810000000001,225,121,5,False,8,2026,27,3,35,13.0,14.857142857142858,13.72,2.9714285714285715,16.691428571428574,0.0,STOCK SUFFICIENT
2026-08-27,S001,Delhi,P014,Desk Lamp,Home,Supplier A,1312.67,0.0,14,18377.38,381,160,9,False,8,2026,27,3,35,21.0,18.285714285714285,18.495,3.657142857142857,22.15214285714286,0.0,STOCK SUFFICIENT
2026-08-27,S002,Noida,P011,Water Bottle,Sports,Supplier A,752.06,10.0,39,29330.339999999997,450,276,4,False,8,2026,27,3,35,29.0,39.0,35.61,7.800000000000001,43.41,0.0,STOCK SUFFICIENT
2026-08-27,S006,Chandigarh,P010,Yoga Mat,Sports,Supplier D,1354.0,5.0,9,12186.0,119,108,9,False,8,2026,27,3,35,17.0,16.571428571428573,12.945,3.314285714285715,16.259285714285717,0.0,STOCK SUFFICIENT
2026-08-27,S003,Ghaziabad,P014,Desk Lamp,Home,Supplier A,1295.56,5.0,13,16842.28,278,121,11,False,8,2026,27,3,35,16.0,16.857142857142858,15.845,3.371428571428572,19.216428571428573,0.0,STOCK SUFFICIENT
2026-08-27,S002,Noida,P001,Laptop Bag,Accessories,Supplier D,1138.5,10.0,27,30739.5,311,165,9,False,8,2026,27,3,35,18.0,22.285714285714285,19.92,4.457142857142857,24.377142857142857,0.0,STOCK SUFFICIENT
2026-08-27,S006,Chandigarh,P009,Running Shoes,Sports,Supplier C,3120.73,0.0,11,34328.03,112,70,14,False,8,2026,27,3,35,8.0,9.571428571428571,7.27,1.9142857142857144,9.184285714285714,0.0,STOCK SUFFICIENT
2026-08-27,S003,Ghaziabad,P001,Laptop Bag,Accessories,Supplier B,1238.31,10.0,20,24766.199999999997,259,136,13,False,8,2026,27,3,35,13.0,16.0,14.845,3.2,18.045,0.0,STOCK SUFFICIENT
2026-08-27,S001,Delhi,P006,Bluetooth Speaker,Electronics,Supplier B,2928.75,0.0,6,17572.5,166,100,12,False,8,2026,27,3,35,19.0,13.857142857142858,10.79,2.771428571428572,13.561428571428571,0.0,STOCK SUFFICIENT
2026-08-28,S005,Jaipur,P001,Laptop Bag,Accessories,Supplier D,1246.48,10.0,15,18697.2,234,122,13,False,8,2026,28,4,35,11.0,12.142857142857142,12.33,2.428571428571429,14.758571428571429,0.0,STOCK SUFFICIENT
2026-08-28,S003,Ghaziabad,P009,Running Shoes,Sports,Supplier D,3017.31,0.0,7,21121.17,168,83,8,False,8,2026,28,4,35,11.0,12.0,9.89,2.4000000000000004,12.290000000000001,0.0,STOCK SUFFICIENT
2026-08-28,S004,Lucknow,P001,Laptop Bag,Accessories,Supplier B,1155.33,5.0,11,12708.63,274,129,4,False,8,2026,28,4,35,18.0,15.857142857142858,15.975,3.1714285714285717,19.146428571428572,0.0,STOCK SUFFICIENT
2026-08-28,S004,Lucknow,P012,Backpack,Travel,Supplier A,2051.74,10.0,11,22569.14,235,108,8,False,8,2026,28,4,35,24.0,16.0,14.025,3.2,17.225,0.0,STOCK SUFFICIENT
2026-08-28,S003,Ghaziabad,P012,Backpack,Travel,Supplier B,1765.8,15.0,12,21189.6,192,114,14,False,8,2026,28,4,35,16.0,14.285714285714286,14.91,2.8571428571428577,17.767142857142858,0.0,STOCK SUFFICIENT
2026-08-28,S002,Noida,P007,Smart Watch,Wearables,Supplier D,4719.81,15.0,7,33038.670000000006,150,82,2,False,8,2026,28,4,35,11.0,10.0,10.92,2.0,12.92,0.0,STOCK SUFFICIENT
2026-08-28,S006,Chandigarh,P009,Running Shoes,Sports,Supplier D,3202.21,0.0,10,32022.1,100,70,6,False,8,2026,28,4,35,11.0,9.0,7.985,1.8,9.785,0.0,STOCK SUFFICIENT
2026-08-28,S006,Chandigarh,P010,Yoga Mat,Sports,Supplier C,1415.01,0.0,9,12735.09,155,108,10,False,8,2026,28,4,35,9.0,14.428571428571429,13.095,2.885714285714286,15.980714285714287,0.0,STOCK SUFFICIENT
2026-08-28,S002,Noida,P012,Backpack,Travel,Supplier D,1850.32,5.0,11,20353.52,284,138,6,False,8,2026,28,4,35,15.0,16.714285714285715,16.935,3.3428571428571434,20.277857142857144,0.0,STOCK SUFFICIENT
2026-08-28,S004,Lucknow,P005,Power Bank,Electronics,Supplier C,1484.91,5.0,16,23758.56,305,144,8,False,8,2026,28,4,35,9.0,16.142857142857142,18.51,3.2285714285714286,21.73857142857143,0.0,STOCK SUFFICIENT
2026-08-28,S001,Delhi,P010,Yoga Mat,Sports,Supplier B,1370.94,0.0,20,27418.800000000003,322,170,6,False,8,2026,28,4,35,24.0,23.428571428571427,20.05,4.685714285714286,24.735714285714288,0.0,STOCK SUFFICIENT
2026-08-28,S004,Lucknow,P009,Running Shoes,Sports,Supplier A,3372.1,10.0,13,43837.299999999996,154,79,14,False,8,2026,28,4,35,9.0,10.285714285714286,11.405,2.0571428571428574,13.462142857142856,0.0,STOCK SUFFICIENT
2026-08-28,S006,Chandigarh,P013,Travel Adapter,Travel,Supplier D,1055.25,10.0,9,9497.25,113,115,12,True,8,2026,28,4,35,8.0,14.714285714285714,12.965,2.942857142857143,15.907857142857143,0.0,REORDER REQUIRED
2026-08-28,S006,Chandigarh,P015,Office Chair,Furniture,Supplier B,7837.28,0.0,4,31349.12,89,35,2,False,8,2026,28,4,35,4.0,4.285714285714286,4.405,0.8571428571428572,5.262142857142857,0.0,STOCK SUFFICIENT
2026-08-29,S006,Chandigarh,P013,Travel Adapter,Travel,Supplier B,1135.42,15.0,21,23843.82,206,115,13,False,8,2026,29,5,35,14.0,12.285714285714286,18.045,2.4571428571428573,20.502142857142857,0.0,STOCK SUFFICIENT
2026-08-29,S002,Noida,P012,Backpack,Travel,Supplier A,1828.74,0.0,20,36574.8,264,138,5,False,8,2026,29,5,35,11.0,14.142857142857142,17.835,2.8285714285714287,20.66357142857143,0.0,STOCK SUFFICIENT
2026-08-29,S005,Jaipur,P014,Desk Lamp,Home,Supplier D,1256.71,20.0,12,15080.52,180,108,12,False,8,2026,29,5,35,17.0,11.857142857142858,16.585,2.3714285714285714,18.95642857142857,0.0,STOCK SUFFICIENT
2026-08-29,S006,Chandigarh,P003,Mechanical Keyboard,Accessories,Supplier B,2485.35,5.0,10,24853.5,225,76,12,False,8,2026,29,5,35,13.0,9.0,9.815,1.8,11.615,0.0,STOCK SUFFICIENT
2026-08-29,S003,Ghaziabad,P011,Water Bottle,Sports,Supplier C,671.05,5.0,29,19460.449999999997,331,228,9,False,8,2026,29,5,35,28.0,24.0,28.775,4.800000000000001,33.575,0.0,STOCK SUFFICIENT
2026-08-29,S006,Chandigarh,P009,Running Shoes,Sports,Supplier C,3159.47,15.0,6,18956.82,168,70,13,False,8,2026,29,5,35,10.0,9.0,10.855,1.8,12.655000000000001,0.0,STOCK SUFFICIENT
2026-08-29,S003,Ghaziabad,P015,Office Chair,Furniture,Supplier C,7859.36,20.0,2,15718.72,84,41,7,False,8,2026,29,5,35,3.0,5.428571428571429,7.42,1.0857142857142859,8.505714285714285,0.0,STOCK SUFFICIENT
2026-08-29,S002,Noida,P009,Running Shoes,Sports,Supplier B,3140.94,0.0,12,37691.28,163,101,4,False,8,2026,29,5,35,6.0,14.285714285714286,12.295,2.8571428571428577,15.152142857142858,0.0,STOCK SUFFICIENT
2026-08-29,S001,Delhi,P009,Running Shoes,Sports,Supplier C,3235.52,10.0,13,42061.76,173,110,3,False,8,2026,29,5,35,10.0,14.857142857142858,15.585,2.9714285714285715,18.556428571428572,0.0,STOCK SUFFICIENT
2026-08-29,S003,Ghaziabad,P002,Wireless Mouse,Accessories,Supplier A,809.44,5.0,35,28330.4,202,197,9,False,8,2026,29,5,35,18.0,26.142857142857142,28.58,5.228571428571429,33.808571428571426,0.0,STOCK SUFFICIENT
2026-08-29,S003,Ghaziabad,P002,Wireless Mouse,Accessories,Supplier A,855.17,10.0,32,27365.44,159,197,8,True,8,2026,29,5,35,35.0,27.857142857142858,29.31,5.571428571428572,34.88142857142857,0.0,REORDER REQUIRED
2026-08-29,S006,Chandigarh,P013,Travel Adapter,Travel,Supplier A,1036.98,15.0,14,14517.720000000001,154,115,8,False,8,2026,29,5,35,9.0,13.0,16.965,2.6,19.565,0.0,STOCK SUFFICIENT
2026-08-29,S006,Chandigarh,P003,Mechanical Keyboard,Accessories,Supplier B,2271.06,10.0,13,29523.78,108,76,8,False,8,2026,29,5,35,11.0,8.142857142857142,10.385,1.6285714285714286,12.013571428571428,0.0,STOCK SUFFICIENT
2026-08-30,S004,Lucknow,P015,Office Chair,Furniture,,8956.59,5.0,4,35826.36,66,39,13,False,8,2026,30,6,35,6.0,4.714285714285714,5.835,0.942857142857143,6.777857142857143,0.0,STOCK SUFFICIENT
2026-08-30,S003,Ghaziabad,P002,Wireless Mouse,Accessories,Supplier A,802.57,0.0,17,13643.69,478,197,10,False,8,2026,30,6,35,32.0,27.142857142857142,28.83,5.428571428571429,34.25857142857143,0.0,STOCK SUFFICIENT
2026-08-30,S005,Jaipur,P009,Running Shoes,Sports,Supplier D,3200.29,5.0,6,19201.739999999998,142,74,11,False,8,2026,30,6,35,7.0,10.428571428571429,9.305,2.085714285714286,11.390714285714285,0.0,STOCK SUFFICIENT
2026-08-30,S002,Noida,P001,Laptop Bag,Accessories,Supplier B,1274.58,15.0,27,34413.659999999996,262,165,5,False,8,2026,30,6,35,27.0,22.428571428571427,23.91,4.485714285714286,28.395714285714284,0.0,STOCK SUFFICIENT
2026-08-30,S003,Ghaziabad,P002,Wireless Mouse,Accessories,Supplier A,876.88,10.0,27,23675.76,402,197,12,False,8,2026,30,6,35,17.0,25.285714285714285,27.025,5.057142857142857,32.082142857142856,0.0,STOCK SUFFICIENT
2026-08-30,S006,Chandigarh,P015,Office Chair,Furniture,Supplier C,8198.69,15.0,3,24596.07,69,35,8,False,8,2026,30,6,35,4.0,4.285714285714286,5.125,0.8571428571428572,5.982142857142858,0.0,STOCK SUFFICIENT
2026-08-30,S003,Ghaziabad,P008,Fitness Band,Wearables,Supplier A,2255.78,0.0,16,36092.48,222,98,10,False,8,2026,30,6,35,6.0,11.0,11.66,2.2,13.86,0.0,STOCK SUFFICIENT
2026-08-30,S005,Jaipur,P008,Fitness Band,Wearables,Supplier C,2141.1,0.0,14,29975.399999999998,203,88,2,False,8,2026,30,6,35,13.0,10.714285714285714,11.24,2.142857142857143,13.382857142857143,0.0,STOCK SUFFICIENT
2026-08-30,S003,Ghaziabad,P013,Travel Adapter,Travel,Supplier C,1012.04,5.0,16,16192.64,329,136,4,False,8,2026,30,6,35,18.0,14.285714285714286,17.535,2.8571428571428577,20.392142857142858,0.0,STOCK SUFFICIENT
2026-08-30,S001,Delhi,P013,Travel Adapter,Travel,Supplier C,1124.48,0.0,21,23614.08,351,180,9,False,8,2026,30,6,35,17.0,20.571428571428573,21.265,4.114285714285715,25.379285714285714,0.0,STOCK SUFFICIENT
2026-08-30,S004,Lucknow,P012,Backpack,Travel,Supplier A,1802.29,0.0,9,16220.61,153,108,14,False,8,2026,30,6,35,11.0,15.571428571428571,13.515,3.1142857142857143,16.629285714285714,0.0,STOCK SUFFICIENT
2026-08-30,S004,Lucknow,P002,Wireless Mouse,Accessories,Supplier D,839.16,20.0,33,27692.28,508,187,13,False,8,2026,30,6,35,27.0,22.285714285714285,26.055,4.457142857142857,30.512142857142855,0.0,STOCK SUFFICIENT
2026-08-30,S005,Jaipur,P006,Bluetooth Speaker,Electronics,Supplier D,2711.59,0.0,6,16269.54,67,68,11,True,8,2026,30,6,35,8.0,9.142857142857142,8.67,1.8285714285714285,10.498571428571429,0.0,REORDER REQUIRED
2026-08-30,S001,Delhi,P001,Laptop Bag,Accessories,Supplier D,1271.3,5.0,19,24154.7,424,180,12,False,8,2026,30,6,35,22.0,22.285714285714285,22.745,4.457142857142857,27.20214285714286,0.0,STOCK SUFFICIENT
2026-08-30,S004,Lucknow,P008,Fitness Band,Wearables,Supplier B,2145.83,0.0,10,21458.3,153,93,12,False,8,2026,30,6,35,8.0,11.571428571428571,11.615,2.3142857142857145,13.929285714285715,0.0,STOCK SUFFICIENT
2026-08-30,S001,Delhi,P011,Water Bottle,Sports,Supplier A,685.74,5.0,38,26058.12,653,300,10,False,8,2026,30,6,35,49.0,36.285714285714285,41.96,7.257142857142857,49.21714285714286,0.0,STOCK SUFFICIENT
2026-08-31,S001,Delhi,P012,Backpack,Travel,Supplier C,1791.21,10.0,14,25076.940000000002,274,150,2,False,8,2026,31,0,36,30.0,24.0,22.34,4.800000000000001,27.14,0.0,STOCK SUFFICIENT
2026-08-31,S004,Lucknow,P003,Mechanical Keyboard,Accessories,Supplier B,2238.67,10.0,10,22386.7,123,86,8,False,8,2026,31,0,36,10.0,9.714285714285714,10.885,1.9428571428571428,12.827857142857143,0.0,STOCK SUFFICIENT
2026-08-31,S003,Ghaziabad,P005,Power Bank,Electronics,Supplier B,1719.95,0.0,22,37838.9,243,152,6,False,8,2026,31,0,36,17.0,20.857142857142858,17.745,4.171428571428572,21.916428571428572,0.0,STOCK SUFFICIENT
2026-08-31,S003,Ghaziabad,P013,Travel Adapter,Travel,Supplier C,1068.4,10.0,17,18162.800000000003,337,136,3,False,8,2026,31,0,36,16.0,14.571428571428571,15.865,2.9142857142857146,18.779285714285713,0.0,STOCK SUFFICIENT
2026-08-31,S003,Ghaziabad,P015,Office Chair,Furniture,Supplier D,8685.3,5.0,9,78167.7,67,41,14,False,8,2026,31,0,36,2.0,5.142857142857143,4.695,1.0285714285714287,5.723571428571429,0.0,STOCK SUFFICIENT
2026-08-31,S005,Jaipur,P013,Travel Adapter,Travel,Supplier B,1069.54,0.0,18,19251.72,202,122,2,False,8,2026,31,0,36,14.0,13.857142857142858,11.87,2.771428571428572,14.641428571428571,0.0,STOCK SUFFICIENT
2026-08-31,S002,Noida,P011,Water Bottle,Sports,Supplier C,699.57,0.0,29,20287.530000000002,523,276,4,False,8,2026,31,0,36,39.0,39.42857142857143,31.665,7.885714285714286,39.550714285714285,0.0,STOCK SUFFICIENT
2026-08-31,S006,Chandigarh,P006,Bluetooth Speaker,Electronics,Supplier B,2731.73,0.0,14,38244.22,63,64,7,True,8,2026,31,0,36,11.0,9.285714285714286,7.275,1.8571428571428574,9.132142857142858,0.0,REORDER REQUIRED
2026-08-31,S003,Ghaziabad,P010,Yoga Mat,Sports,Supplier D,1303.27,0.0,10,13032.7,296,129,6,False,8,2026,31,0,36,16.0,15.428571428571429,16.94,3.085714285714286,20.025714285714287,0.0,STOCK SUFFICIENT
2026-08-31,S005,Jaipur,P001,Laptop Bag,Accessories,Supplier A,1256.08,5.0,9,11304.72,224,122,10,False,8,2026,31,0,36,15.0,12.0,12.965,2.4000000000000004,15.365,0.0,STOCK SUFFICIENT
2026-08-31,S002,Noida,P001,Laptop Bag,Accessories,Supplier D,1186.85,0.0,14,16615.899999999998,387,165,11,False,8,2026,31,0,36,27.0,24.285714285714285,21.035,4.857142857142858,25.892142857142858,0.0,STOCK SUFFICIENT
2026-08-31,S001,Delhi,P015,Office Chair,Furniture,Supplier C,8089.54,5.0,10,80895.4,73,55,2,False,8,2026,31,0,36,5.0,9.571428571428571,7.395,1.9142857142857144,9.309285714285714,0.0,STOCK SUFFICIENT
2026-08-31,S005,Jaipur,P002,Wireless Mouse,Accessories,Supplier C,846.18,10.0,22,18615.96,333,176,8,False,8,2026,31,0,36,22.0,25.142857142857142,22.905,5.0285714285714285,27.93357142857143,0.0,STOCK SUFFICIENT
2026-08-31,S006,Chandigarh,P006,Bluetooth Speaker,Electronics,Supplier D,2782.53,0.0,11,30607.83,119,64,14,False,8,2026,31,0,36,9.0,9.714285714285714,7.035,1.9428571428571428,8.977857142857143,0.0,STOCK SUFFICIENT
2026-08-31,S005,Jaipur,P004,USB-C Hub,Electronics,Supplier A,1914.42,0.0,9,17229.78,66,102,10,True,8,2026,31,0,36,15.0,12.285714285714286,13.185,2.4571428571428573,15.642142857142858,0.0,REORDER REQUIRED
2026-09-01,S004,Lucknow,P001,Laptop Bag,Accessories,Supplier C,1147.14,5.0,11,12618.54,284,129,9,False,9,2026,1,1,36,11.0,15.714285714285714,15.705,3.142857142857143,18.847857142857144,0.0,STOCK SUFFICIENT
2026-09-01,S005,Jaipur,P007,Smart Watch,Wearables,Supplier D,4779.69,15.0,9,43017.21,128,61,3,False,9,2026,1,1,36,6.0,8.285714285714286,8.72,1.6571428571428575,10.377142857142857,0.0,STOCK SUFFICIENT
2026-09-01,S001,Delhi,P008,Fitness Band,Wearables,Supplier A,2361.89,0.0,14,33066.46,295,130,10,False,9,2026,1,1,36,19.0,17.857142857142858,14.335,3.5714285714285716,17.906428571428574,0.0,STOCK SUFFICIENT
2026-09-01,S006,Chandigarh,P003,Mechanical Keyboard,Accessories,Supplier B,2264.58,5.0,9,20381.22,132,76,9,False,9,2026,1,1,36,10.0,10.0,8.89,2.0,10.89,0.0,STOCK SUFFICIENT
2026-09-01,S005,Jaipur,P014,Desk Lamp,Home,Supplier D,1283.08,5.0,11,14113.88,190,108,4,False,9,2026,1,1,36,12.0,12.0,12.895,2.4000000000000004,15.295,0.0,STOCK SUFFICIENT
2026-09-01,S006,Chandigarh,P001,Laptop Bag,Accessories,Supplier C,1293.59,15.0,23,29752.57,293,115,9,False,9,2026,1,1,36,9.0,16.0,14.42,3.2,17.62,0.0,STOCK SUFFICIENT
2026-09-01,S004,Lucknow,P001,Laptop Bag,Accessories,Supplier B,1116.07,5.0,12,13392.84,258,129,6,False,9,2026,1,1,36,11.0,14.285714285714286,14.595,2.8571428571428577,17.45214285714286,0.0,STOCK SUFFICIENT
2026-09-01,S003,Ghaziabad,P012,Backpack,Travel,Supplier A,1765.91,5.0,16,28254.56,176,114,2,False,9,2026,1,1,36,12.0,14.0,11.855,2.8000000000000003,14.655000000000001,0.0,STOCK SUFFICIENT
2026-09-01,S006,Chandigarh,P014,Desk Lamp,Home,Supplier A,1314.51,10.0,16,21032.16,212,102,6,False,9,2026,1,1,36,13.0,12.714285714285714,12.855,2.5428571428571427,15.397857142857143,0.0,STOCK SUFFICIENT
2026-09-01,S002,Noida,P006,Bluetooth Speaker,Electronics,Supplier C,2703.01,5.0,7,18921.07,174,92,11,False,9,2026,1,1,36,13.0,12.285714285714286,9.55,2.4571428571428573,12.007142857142858,0.0,STOCK SUFFICIENT
2026-09-01,S006,Chandigarh,P004,USB-C Hub,Electronics,Supplier D,1818.13,10.0,4,7272.52,246,96,9,False,9,2026,1,1,36,13.0,12.857142857142858,12.4,2.5714285714285716,14.971428571428572,0.0,STOCK SUFFICIENT
2026-09-01,S004,Lucknow,P011,Water Bottle,Sports,Supplier B,698.42,0.0,15,10476.3,464,216,13,False,9,2026,1,1,36,23.0,26.428571428571427,22.8,5.285714285714286,28.085714285714285,0.0,STOCK SUFFICIENT
2026-09-01,S003,Ghaziabad,P008,Fitness Band,Wearables,Supplier B,2298.83,5.0,11,25287.129999999997,194,98,10,False,9,2026,1,1,36,16.0,11.0,8.71,2.2,10.91,0.0,STOCK SUFFICIENT
2026-09-01,S003,Ghaziabad,P009,Running Shoes,Sports,Supplier B,3045.83,15.0,9,27412.47,108,83,12,False,9,2026,1,1,36,7.0,11.857142857142858,10.945,2.3714285714285714,13.316428571428572,0.0,STOCK SUFFICIENT
2026-09-02,S004,Lucknow,P009,Running Shoes,Sports,Supplier A,3169.84,5.0,8,25358.72,197,79,3,False,9,2026,2,2,36,13.0,10.714285714285714,8.965,2.142857142857143,11.107857142857142,0.0,STOCK SUFFICIENT
2026-09-02,S001,Delhi,P003,Mechanical Keyboard,Accessories,Supplier A,2438.0,15.0,20,48760.0,215,120,10,False,9,2026,2,2,36,15.0,15.142857142857142,14.945,3.0285714285714285,17.97357142857143,0.0,STOCK SUFFICIENT
2026-09-02,S003,Ghaziabad,P003,Mechanical Keyboard,Accessories,Supplier C,2397.21,0.0,9,21574.89,205,91,4,False,9,2026,2,2,36,11.0,11.857142857142858,8.9,2.3714285714285714,11.271428571428572,0.0,STOCK SUFFICIENT
2026-09-02,S004,Lucknow,P007,Smart Watch,Wearables,Supplier A,4573.51,0.0,7,32014.57,125,64,10,False,9,2026,2,2,36,10.0,8.285714285714286,7.37,1.6571428571428575,9.027142857142858,0.0,STOCK SUFFICIENT
2026-09-02,S002,Noida,P015,Office Chair,Furniture,Supplier C,8401.48,0.0,5,42007.399999999994,121,50,6,False,9,2026,2,2,36,8.0,6.714285714285714,4.795,1.342857142857143,6.137857142857143,0.0,STOCK SUFFICIENT
2026-09-02,S002,Noida,P006,Bluetooth Speaker,Electronics,Supplier B,2621.67,15.0,11,28838.370000000003,224,92,2,False,9,2026,2,2,36,7.0,11.857142857142858,12.245,2.3714285714285714,14.616428571428571,0.0,STOCK SUFFICIENT
2026-09-02,S005,Jaipur,P008,Fitness Band,Wearables,Supplier B,2364.15,20.0,12,28369.800000000003,151,88,5,False,9,2026,2,2,36,14.0,10.714285714285714,11.89,2.142857142857143,14.032857142857143,0.0,STOCK SUFFICIENT
2026-09-02,S004,Lucknow,P007,Smart Watch,Wearables,Supplier C,4422.17,0.0,10,44221.7,126,64,9,False,9,2026,2,2,36,10.0,8.0,6.605,1.6,8.205,0.0,STOCK SUFFICIENT
2026-09-02,S002,Noida,P014,Desk Lamp,Home,Supplier D,1251.5,15.0,21,26281.5,370,147,6,False,9,2026,2,2,36,18.0,15.428571428571429,17.87,3.085714285714286,20.955714285714286,0.0,STOCK SUFFICIENT
2026-09-02,S005,Jaipur,P012,Backpack,Travel,Supplier B,1975.01,0.0,9,17775.09,165,102,13,False,9,2026,2,2,36,15.0,12.714285714285714,11.13,2.5428571428571427,13.672857142857143,0.0,STOCK SUFFICIENT
2026-09-02,S004,Lucknow,P015,Office Chair,Furniture,Supplier A,8335.42,10.0,5,41677.1,63,39,13,False,9,2026,2,2,36,4.0,4.571428571428571,4.795,0.9142857142857143,5.7092857142857145,0.0,STOCK SUFFICIENT
2026-09-02,S001,Delhi,P008,Fitness Band,Wearables,Supplier D,2228.07,15.0,15,33421.05,189,130,2,False,9,2026,2,2,36,12.0,17.714285714285715,16.38,3.542857142857143,19.922857142857143,0.0,STOCK SUFFICIENT
2026-09-02,S001,Delhi,P008,Fitness Band,Wearables,Supplier D,2287.31,0.0,12,27447.72,203,130,13,False,9,2026,2,2,36,14.0,18.571428571428573,14.85,3.714285714285715,18.564285714285713,0.0,STOCK SUFFICIENT
2026-09-02,S002,Noida,P011,Water Bottle,Sports,Supplier B,751.48,15.0,36,27053.28,572,276,6,False,9,2026,2,2,36,29.0,36.42857142857143,34.405,7.2857142857142865,41.690714285714286,0.0,STOCK SUFFICIENT
2026-09-03,S006,Chandigarh,P003,Mechanical Keyboard,Accessories,Supplier A,2285.18,10.0,7,15996.259999999998,104,76,6,False,9,2026,3,3,36,9.0,9.571428571428571,10.435,1.9142857142857144,12.349285714285715,0.0,STOCK SUFFICIENT
2026-09-03,S001,Delhi,P007,Smart Watch,Wearables,Supplier D,4605.22,10.0,12,55262.64,127,90,11,False,9,2026,3,3,36,13.0,13.571428571428571,12.865,2.7142857142857144,15.579285714285714,0.0,STOCK SUFFICIENT
2026-09-03,S005,Jaipur,P009,Running Shoes,Sports,Supplier A,3127.86,5.0,9,28150.74,156,74,3,False,9,2026,3,3,36,6.0,9.857142857142858,8.59,1.9714285714285715,10.561428571428571,0.0,STOCK SUFFICIENT
2026-09-03,S001,Delhi,P010,Yoga Mat,Sports,Supplier C,1454.55,15.0,22,32000.1,324,170,4,False,9,2026,3,3,36,20.0,21.571428571428573,22.905,4.314285714285715,27.219285714285718,0.0,STOCK SUFFICIENT
2026-09-03,S005,Jaipur,P007,Smart Watch,Wearables,Supplier B,4337.27,0.0,5,21686.350000000002,149,61,9,False,9,2026,3,3,36,9.0,8.285714285714286,6.44,1.6571428571428575,8.097142857142858,0.0,STOCK SUFFICIENT
2026-09-03,S004,Lucknow,P003,Mechanical Keyboard,Accessories,Supplier B,2329.68,5.0,13,30285.839999999997,228,86,12,False,9,2026,3,3,36,10.0,10.0,10.54,2.0,12.54,0.0,STOCK SUFFICIENT
2026-09-03,S006,Chandigarh,P011,Water Bottle,Sports,Supplier D,649.54,0.0,25,16238.5,395,192,5,False,9,2026,3,3,36,22.0,24.142857142857142,23.82,4.828571428571429,28.64857142857143,0.0,STOCK SUFFICIENT
2026-09-03,S001,Delhi,P002,Wireless Mouse,Accessories,Supplier A,815.1,10.0,34,27713.4,458,260,7,False,9,2026,3,3,36,27.0,34.142857142857146,31.27,6.828571428571429,38.09857142857143,0.0,STOCK SUFFICIENT
2026-09-03,S002,Noida,P015,Office Chair,Furniture,Supplier C,8354.76,15.0,7,58483.32,106,50,4,False,9,2026,3,3,36,5.0,6.428571428571429,7.25,1.2857142857142858,8.535714285714286,0.0,STOCK SUFFICIENT
2026-09-03,S001,Delhi,P014,Desk Lamp,Home,Supplier C,1250.59,0.0,21,26262.39,185,160,10,False,9,2026,3,3,36,14.0,16.857142857142858,18.295,3.371428571428572,21.666428571428575,0.0,STOCK SUFFICIENT
2026-09-03,S004,Lucknow,P001,Laptop Bag,Accessories,Supplier A,1192.07,0.0,13,15496.91,336,129,6,False,9,2026,3,3,36,12.0,13.285714285714286,14.84,2.6571428571428575,17.497142857142858,0.0,STOCK SUFFICIENT
2026-09-03,S003,Ghaziabad,P002,Wireless Mouse,Accessories,Supplier B,842.96,0.0,28,23602.88,357,197,7,False,9,2026,3,3,36,27.0,26.857142857142858,23.215,5.371428571428572,28.58642857142857,0.0,STOCK SUFFICIENT
2026-09-03,S004,Lucknow,P008,Fitness Band,Wearables,Supplier A,2032.78,15.0,16,32524.48,184,93,13,False,9,2026,3,3,36,10.0,11.714285714285714,11.245,2.342857142857143,13.587857142857143,0.0,STOCK SUFFICIENT
2026-09-03,S001,Delhi,P008,Fitness Band,Wearables,Supplier B,2283.81,0.0,13,29689.53,341,130,11,False,9,2026,3,3,36,15.0,17.857142857142858,15.215,3.5714285714285716,18.786428571428573,0.0,STOCK SUFFICIENT
2026-09-03,S001,Delhi,P015,Office Chair,Furniture,Supplier D,9157.78,0.0,8,73262.24,103,55,4,False,9,2026,3,3,36,10.0,9.428571428571429,7.17,1.885714285714286,9.055714285714286,0.0,STOCK SUFFICIENT
2026-09-03,S006,Chandigarh,P007,Smart Watch,Wearables,Supplier A,4854.14,15.0,7,33978.98,103,57,12,False,9,2026,3,3,36,6.0,8.571428571428571,8.69,1.7142857142857144,10.404285714285713,0.0,STOCK SUFFICIENT
2026-09-04,S002,Noida,P009,Running Shoes,Sports,Supplier D,3430.16,10.0,8,27441.28,179,101,2,False,9,2026,4,4,36,12.0,14.571428571428571,13.875,2.9142857142857146,16.789285714285715,0.0,STOCK SUFFICIENT
2026-09-04,S002,Noida,P013,Travel Adapter,Travel,Supplier B,1142.62,0.0,19,21709.78,288,165,6,False,9,2026,4,4,36,18.0,17.857142857142858,17.375,3.5714285714285716,20.946428571428573,0.0,STOCK SUFFICIENT
2026-09-04,S002,Noida,P005,Power Bank,Electronics,Supplier B,1549.8,0.0,27,41844.6,304,184,8,False,9,2026,4,4,36,25.0,21.142857142857142,20.64,4.228571428571429,24.86857142857143,0.0,STOCK SUFFICIENT
2026-09-04,S002,Noida,P003,Mechanical Keyboard,Accessories,Supplier A,2238.31,5.0,16,35812.96,202,110,12,False,9,2026,4,4,36,8.0,13.142857142857142,11.165,2.6285714285714286,13.793571428571427,0.0,STOCK SUFFICIENT
2026-09-04,S002,Noida,P003,Mechanical Keyboard,Accessories,Supplier B,2307.94,0.0,8,18463.52,187,110,13,False,9,2026,4,4,36,10.0,14.0,11.46,2.8000000000000003,14.260000000000002,0.0,STOCK SUFFICIENT
2026-09-04,S001,Delhi,P008,Fitness Band,Wearables,Supplier A,2184.12,20.0,16,34945.92,286,130,9,False,9,2026,4,4,36,13.0,16.428571428571427,17.745,3.2857142857142856,21.030714285714286,0.0,STOCK SUFFICIENT
2026-09-04,S004,Lucknow,P011,Water Bottle,Sports,Supplier A,738.71,0.0,16,11819.36,516,216,4,False,9,2026,4,4,36,15.0,24.0,22.18,4.800000000000001,26.98,0.0,STOCK SUFFICIENT
2026-09-04,S006,Chandigarh,P006,Bluetooth Speaker,Electronics,Supplier B,2677.86,10.0,5,13389.300000000001,124,64,14,False,9,2026,4,4,36,13.0,9.857142857142858,8.435,1.9714285714285715,10.406428571428572,0.0,STOCK SUFFICIENT
2026-09-04,S006,Chandigarh,P006,Bluetooth Speaker,Electronics,Supplier D,2648.89,20.0,13,34435.57,171,64,7,False,9,2026,4,4,36,14.0,10.142857142857142,8.715,2.0285714285714285,10.743571428571428,0.0,STOCK SUFFICIENT
2026-09-04,S001,Delhi,P002,Wireless Mouse,Accessories,Supplier C,860.67,10.0,29,24959.43,647,260,8,False,9,2026,4,4,36,34.0,32.714285714285715,32.8,6.542857142857144,39.34285714285714,0.0,STOCK SUFFICIENT
2026-09-04,S005,Jaipur,P013,Travel Adapter,Travel,Supplier B,1092.01,20.0,22,24024.22,325,122,10,False,9,2026,4,4,36,18.0,14.285714285714286,14.49,2.8571428571428577,17.347142857142856,0.0,STOCK SUFFICIENT
2026-09-04,S004,Lucknow,P004,USB-C Hub,Electronics,Supplier A,1857.72,5.0,11,20434.920000000002,219,108,2,False,9,2026,4,4,36,18.0,14.571428571428571,12.125,2.9142857142857146,15.039285714285715,0.0,STOCK SUFFICIENT
2026-09-04,S005,Jaipur,P007,Smart Watch,Wearables,Supplier B,4831.04,20.0,7,33817.28,111,61,2,False,9,2026,4,4,36,5.0,7.428571428571429,7.88,1.4857142857142858,9.365714285714287,0.0,STOCK SUFFICIENT
2026-09-04,S004,Lucknow,P015,Office Chair,Furniture,Supplier D,8382.1,0.0,1,8382.1,91,39,4,False,9,2026,4,4,36,5.0,4.857142857142857,4.675,0.9714285714285714,5.646428571428571,0.0,STOCK SUFFICIENT
2026-09-05,S006,Chandigarh,P008,Fitness Band,Wearables,Supplier C,2293.44,20.0,11,25227.84,101,83,10,False,9,2026,5,5,36,4.0,10.714285714285714,10.195,2.142857142857143,12.337857142857143,0.0,STOCK SUFFICIENT
2026-09-05,S001,Delhi,P013,Travel Adapter,Travel,Supplier C,1166.53,10.0,21,24497.13,308,180,5,False,9,2026,5,5,36,21.0,19.285714285714285,23.83,3.857142857142857,27.687142857142856,0.0,STOCK SUFFICIENT
2026-09-05,S004,Lucknow,P004,USB-C Hub,Electronics,Supplier C,1686.6,5.0,8,13492.8,190,108,14,False,9,2026,5,5,36,11.0,14.571428571428571,13.11,2.9142857142857146,16.024285714285714,0.0,STOCK SUFFICIENT
2026-09-05,S005,Jaipur,P008,Fitness Band,Wearables,Supplier C,2042.1,10.0,8,16336.8,128,88,3,False,9,2026,5,5,36,12.0,10.714285714285714,12.07,2.142857142857143,14.212857142857143,0.0,STOCK SUFFICIENT
2026-09-05,S003,Ghaziabad,P002,Wireless Mouse,Accessories,Supplier C,795.67,20.0,24,19096.079999999998,212,197,11,False,9,2026,5,5,36,28.0,25.428571428571427,31.07,5.085714285714285,36.15571428571428,0.0,STOCK SUFFICIENT
2026-09-05,S004,Lucknow,P015,Office Chair,Furniture,Supplier D,8023.27,5.0,6,48139.62,67,39,12,False,9,2026,5,5,36,1.0,4.285714285714286,5.79,0.8571428571428572,6.647142857142857,0.0,STOCK SUFFICIENT
2026-09-05,S001,Delhi,P008,Fitness Band,Wearables,Supplier D,2108.69,15.0,15,31630.350000000002,276,130,12,False,9,2026,5,5,36,16.0,15.285714285714286,19.59,3.0571428571428574,22.647142857142857,0.0,STOCK SUFFICIENT
2026-09-05,S004,Lucknow,P003,Mechanical Keyboard,Accessories,Supplier C,2461.66,5.0,10,24616.6,123,86,14,False,9,2026,5,5,36,13.0,10.285714285714286,9.325,2.0571428571428574,11.382142857142856,0.0,STOCK SUFFICIENT
2026-09-05,S005,Jaipur,P004,USB-C Hub,Electronics,Supplier A,1697.23,5.0,11,18669.53,256,102,4,False,9,2026,5,5,36,9.0,11.857142857142858,13.665,2.3714285714285714,16.03642857142857,0.0,STOCK SUFFICIENT
2026-09-05,S002,Noida,P004,USB-C Hub,Electronics,Supplier C,1881.58,5.0,21,39513.18,176,138,5,False,9,2026,5,5,36,15.0,18.142857142857142,17.21,3.6285714285714286,20.83857142857143,0.0,STOCK SUFFICIENT
2026-09-05,S002,Noida,P007,Smart Watch,Wearables,Supplier C,4353.04,5.0,12,52236.479999999996,171,82,4,False,9,2026,5,5,36,7.0,9.428571428571429,9.11,1.885714285714286,10.995714285714286,0.0,STOCK SUFFICIENT
2026-09-05,S005,Jaipur,P013,Travel Adapter,Travel,Supplier C,1016.46,5.0,20,20329.2,225,122,11,False,9,2026,5,5,36,22.0,15.0,14.865,3.0,17.865000000000002,0.0,STOCK SUFFICIENT
2026-09-05,S004,Lucknow,P009,Running Shoes,Sports,Supplier D,3187.4,5.0,7,22311.8,116,79,4,False,9,2026,5,5,36,8.0,10.285714285714286,9.73,2.0571428571428574,11.787142857142857,0.0,STOCK SUFFICIENT
2026-09-05,S006,Chandigarh,P013,Travel Adapter,Travel,Supplier C,1157.34,0.0,11,12730.74,237,115,8,False,9,2026,5,5,36,21.0,12.571428571428571,14.385,2.5142857142857142,16.899285714285714,0.0,STOCK SUFFICIENT
2026-09-05,S001,Delhi,P015,Office Chair,Furniture,Supplier C,8806.62,15.0,10,88066.20000000001,90,55,12,False,9,2026,5,5,36,8.0,9.285714285714286,8.675,1.8571428571428574,10.532142857142858,0.0,STOCK SUFFICIENT
2026-09-05,S002,Noida,P001,Laptop Bag,Accessories,Supplier A,1267.94,0.0,16,20287.04,291,165,8,False,9,2026,5,5,36,14.0,22.714285714285715,20.82,4.542857142857144,25.362857142857145,0.0,STOCK SUFFICIENT
2026-09-06,S001,Delhi,P009,Running Shoes,Sports,Supplier B,3436.2,0.0,12,41234.399999999994,272,110,6,False,9,2026,6,6,36,13.0,14.285714285714286,12.465,2.8571428571428577,15.322142857142858,0.0,STOCK SUFFICIENT
2026-09-06,S006,Chandigarh,P008,Fitness Band,Wearables,Supplier C,2200.0,5.0,9,19800.0,166,83,14,False,9,2026,6,6,36,11.0,10.714285714285714,8.885,2.142857142857143,11.027857142857142,0.0,STOCK SUFFICIENT
2026-09-06,S003,Ghaziabad,P001,Laptop Bag,Accessories,Supplier B,1206.12,10.0,23,27740.76,267,136,11,False,9,2026,6,6,36,20.0,16.571428571428573,17.615,3.314285714285715,20.92928571428571,0.0,STOCK SUFFICIENT
2026-09-06,S002,Noida,P006,Bluetooth Speaker,Electronics,Supplier C,2767.12,0.0,10,27671.199999999997,159,92,2,False,9,2026,6,6,36,11.0,11.714285714285714,12.425,2.342857142857143,14.767857142857144,0.0,STOCK SUFFICIENT
2026-09-06,S006,Chandigarh,P011,Water Bottle,Sports,Supplier D,699.97,5.0,26,18199.22,371,192,3,False,9,2026,6,6,36,25.0,25.571428571428573,28.225,5.114285714285715,33.339285714285715,0.0,STOCK SUFFICIENT
2026-09-06,S006,Chandigarh,P003,Mechanical Keyboard,Accessories,Supplier B,2256.55,10.0,19,42874.450000000004,104,76,4,False,9,2026,6,6,36,7.0,8.428571428571429,11.74,1.685714285714286,13.425714285714285,0.0,STOCK SUFFICIENT
2026-09-06,S003,Ghaziabad,P003,Mechanical Keyboard,Accessories,Supplier C,2376.21,10.0,10,23762.1,208,91,14,False,9,2026,6,6,36,9.0,11.285714285714286,12.36,2.2571428571428576,14.617142857142857,0.0,STOCK SUFFICIENT
2026-09-06,S004,Lucknow,P012,Backpack,Travel,Supplier A,1778.94,0.0,14,24905.16,234,108,9,False,9,2026,6,6,36,9.0,14.285714285714286,11.885,2.8571428571428577,14.742142857142857,0.0,STOCK SUFFICIENT
2026-09-06,S004,Lucknow,P007,Smart Watch,Wearables,Supplier A,4715.86,0.0,8,37726.88,128,64,2,False,9,2026,6,6,36,7.0,8.0,8.27,1.6,9.87,0.0,STOCK SUFFICIENT
2026-09-06,S006,Chandigarh,P004,USB-C Hub,Electronics,Supplier C,1890.99,0.0,13,24582.87,231,96,8,False,9,2026,6,6,36,4.0,10.857142857142858,11.615,2.1714285714285717,13.786428571428573,0.0,STOCK SUFFICIENT
2026-09-06,S003,Ghaziabad,P002,Wireless Mouse,Accessories,Supplier C,903.98,0.0,22,19887.56,363,197,13,False,9,2026,6,6,36,24.0,25.857142857142858,25.345,5.171428571428572,30.51642857142857,0.0,STOCK SUFFICIENT
2026-09-07,S003,Ghaziabad,P005,Power Bank,Electronics,Supplier A,1520.75,15.0,22,33456.5,211,152,8,False,9,2026,7,0,37,22.0,21.285714285714285,20.83,4.257142857142857,25.087142857142855,0.0,STOCK SUFFICIENT
2026-09-07,S004,Lucknow,P001,Laptop Bag,Accessories,Supplier D,1177.13,0.0,13,15302.690000000002,209,129,6,False,9,2026,7,0,37,13.0,13.428571428571429,13.805,2.685714285714286,16.490714285714287,0.0,STOCK SUFFICIENT
2026-09-07,S003,Ghaziabad,P001,Laptop Bag,Accessories,Supplier A,1158.05,5.0,10,11580.5,238,136,14,False,9,2026,7,0,37,23.0,17.714285714285715,14.89,3.542857142857143,18.432857142857145,0.0,STOCK SUFFICIENT
2026-09-07,S004,Lucknow,P001,Laptop Bag,Accessories,Supplier A,1278.91,5.0,19,24299.29,153,129,8,False,9,2026,7,0,37,13.0,13.571428571428571,13.575,2.7142857142857144,16.289285714285715,0.0,STOCK SUFFICIENT
2026-09-07,S001,Delhi,P001,Laptop Bag,Accessories,Supplier B,1280.54,10.0,15,19208.1,300,180,3,False,9,2026,7,0,37,19.0,21.142857142857142,22.575,4.228571428571429,26.803571428571427,0.0,STOCK SUFFICIENT
2026-09-07,S002,Noida,P002,Wireless Mouse,Accessories,Supplier D,782.33,10.0,32,25034.56,305,239,8,False,9,2026,7,0,37,34.0,33.857142857142854,31.41,6.771428571428571,38.18142857142857,0.0,STOCK SUFFICIENT
2026-09-07,S001,Delhi,P014,Desk Lamp,Home,Supplier A,1235.78,5.0,24,29658.72,236,160,7,False,9,2026,7,0,37,21.0,18.428571428571427,17.705,3.6857142857142855,21.390714285714285,0.0,STOCK SUFFICIENT
2026-09-07,S006,Chandigarh,P014,Desk Lamp,Home,Supplier C,1356.16,0.0,9,12205.44,241,102,11,False,9,2026,7,0,37,11.0,12.0,11.935,2.4000000000000004,14.335,0.0,STOCK SUFFICIENT
2026-09-07,S005,Jaipur,P009,Running Shoes,Sports,Supplier A,3004.79,0.0,6,18028.739999999998,53,74,10,True,9,2026,7,0,37,9.0,9.142857142857142,8.58,1.8285714285714285,10.40857142857143,0.0,REORDER REQUIRED
2026-09-07,S002,Noida,P012,Backpack,Travel,Supplier B,1827.9,0.0,10,18279.0,303,138,6,False,9,2026,7,0,37,20.0,14.428571428571429,14.49,2.885714285714286,17.375714285714288,0.0,STOCK SUFFICIENT
2026-09-07,S002,Noida,P012,Backpack,Travel,Supplier D,1940.05,10.0,12,23280.6,169,138,7,False,9,2026,7,0,37,10.0,13.571428571428571,14.935,2.7142857142857144,17.649285714285714,0.0,STOCK SUFFICIENT
2026-09-07,S003,Ghaziabad,P004,USB-C Hub,Electronics,Supplier C,1881.33,5.0,12,22575.96,150,114,10,False,9,2026,7,0,37,16.0,16.0,12.57,3.2,15.77,0.0,STOCK SUFFICIENT
2026-09-07,S005,Jaipur,P001,Laptop Bag,Accessories,Supplier C,1158.13,5.0,15,17371.95,143,122,5,False,9,2026,7,0,37,9.0,12.142857142857142,12.205,2.428571428571429,14.633571428571429,0.0,STOCK SUFFICIENT
2026-09-07,S006,Chandigarh,P001,Laptop Bag,Accessories,Supplier D,1165.12,5.0,11,12816.32,198,115,11,False,9,2026,7,0,37,23.0,16.285714285714285,12.225,3.257142857142857,15.482142857142858,0.0,STOCK SUFFICIENT
2026-09-07,S006,Chandigarh,P014,Desk Lamp,Home,Supplier C,1331.62,5.0,11,14647.82,164,102,4,False,9,2026,7,0,37,16.0,12.714285714285714,11.84,2.5428571428571427,14.382857142857143,0.0,STOCK SUFFICIENT
2026-09-07,S003,Ghaziabad,P011,Water Bottle,Sports,Supplier D,680.67,5.0,23,15655.41,370,228,6,False,9,2026,7,0,37,29.0,24.428571428571427,27.605,4.885714285714286,32.49071428571429,0.0,STOCK SUFFICIENT
2026-09-07,S004,Lucknow,P008,Fitness Band,Wearables,Supplier A,2153.32,5.0,7,15073.240000000002,274,93,3,False,9,2026,7,0,37,16.0,12.142857142857142,10.255,2.428571428571429,12.68357142857143,0.0,STOCK SUFFICIENT
2026-09-07,S005,Jaipur,P015,Office Chair,Furniture,Supplier D,8366.97,20.0,8,66935.76,57,37,14,False,9,2026,7,0,37,4.0,2.7142857142857144,5.945,0.5428571428571429,6.487857142857143,0.0,STOCK SUFFICIENT
2026-09-07,S005,Jaipur,P002,Wireless Mouse,Accessories,Supplier A,813.87,0.0,19,15463.53,499,176,2,False,9,2026,7,0,37,22.0,24.571428571428573,22.39,4.914285714285715,27.304285714285715,0.0,STOCK SUFFICIENT
2026-09-08,S002,Noida,P011,Water Bottle,Sports,Supplier A,749.39,0.0,16,11990.24,415,276,8,False,9,2026,8,1,37,36.0,34.714285714285715,34.965,6.942857142857143,41.90785714285715,0.0,STOCK SUFFICIENT
2026-09-08,S001,Delhi,P002,Wireless Mouse,Accessories,Supplier D,855.0,0.0,29,24795.0,582,260,3,False,9,2026,8,1,37,29.0,32.285714285714285,32.075,6.457142857142857,38.53214285714286,0.0,STOCK SUFFICIENT
2026-09-08,S004,Lucknow,P002,Wireless Mouse,Accessories,Supplier A,836.81,10.0,20,16736.199999999997,534,187,11,False,9,2026,8,1,37,33.0,24.142857142857142,24.26,4.828571428571429,29.08857142857143,0.0,STOCK SUFFICIENT
2026-09-08,S004,Lucknow,P013,Travel Adapter,Travel,Supplier B,1160.17,0.0,14,16242.380000000001,209,129,8,False,9,2026,8,1,37,16.0,17.0,14.045,3.4000000000000004,17.445,0.0,STOCK SUFFICIENT
2026-09-08,S001,Delhi,P011,Water Bottle,Sports,Supplier D,728.87,10.0,39,28425.93,647,300,3,False,9,2026,8,1,37,38.0,35.57142857142857,34.205,7.114285714285714,41.31928571428571,0.0,STOCK SUFFICIENT
2026-09-08,S002,Noida,P005,Power Bank,Electronics,Supplier B,1654.28,15.0,20,33085.6,336,184,9,False,9,2026,8,1,37,27.0,22.428571428571427,23.81,4.485714285714286,28.295714285714283,0.0,STOCK SUFFICIENT
2026-09-08,S006,Chandigarh,P010,Yoga Mat,Sports,Supplier D,1312.34,5.0,9,11811.06,192,108,5,False,9,2026,8,1,37,9.0,13.571428571428571,13.02,2.7142857142857144,15.734285714285715,0.0,STOCK SUFFICIENT
2026-09-08,S001,Delhi,P013,Travel Adapter,Travel,Supplier C,1175.86,5.0,23,27044.78,243,180,10,False,9,2026,8,1,37,21.0,19.285714285714285,20.635,3.857142857142857,24.49214285714286,0.0,STOCK SUFFICIENT
2026-09-08,S002,Noida,P015,Office Chair,Furniture,Supplier B,8349.08,0.0,6,50094.479999999996,77,50,7,False,9,2026,8,1,37,7.0,6.428571428571429,4.955,1.2857142857142858,6.240714285714286,0.0,STOCK SUFFICIENT
2026-09-08,S005,Jaipur,P012,Backpack,Travel,Supplier C,1781.42,10.0,11,19595.620000000003,163,102,12,False,9,2026,8,1,37,9.0,11.857142857142858,12.605,2.3714285714285714,14.976428571428572,0.0,STOCK SUFFICIENT
2026-09-08,S005,Jaipur,P003,Mechanical Keyboard,Accessories,Supplier B,2516.39,10.0,8,20131.12,154,81,4,False,9,2026,8,1,37,9.0,10.285714285714286,9.68,2.0571428571428574,11.737142857142857,0.0,STOCK SUFFICIENT
2026-09-08,S005,Jaipur,P014,Desk Lamp,Home,Supplier B,1383.4,10.0,16,22134.4,167,108,7,False,9,2026,8,1,37,11.0,11.857142857142858,11.945,2.3714285714285714,14.316428571428572,0.0,STOCK SUFFICIENT
2026-09-08,S006,Chandigarh,P005,Power Bank,Electronics,Supplier B,1481.19,20.0,9,13330.710000000001,369,128,5,False,9,2026,8,1,37,14.0,15.857142857142858,16.345,3.1714285714285717,19.51642857142857,0.0,STOCK SUFFICIENT
2026-09-08,S006,Chandigarh,P013,Travel Adapter,Travel,Supplier A,1136.11,0.0,13,14769.429999999998,163,115,11,False,9,2026,8,1,37,11.0,12.428571428571429,11.96,2.4857142857142858,14.445714285714287,0.0,STOCK SUFFICIENT
2026-09-09,S001,Delhi,P006,Bluetooth Speaker,Electronics,Supplier D,2868.78,0.0,12,34425.36,211,100,9,False,9,2026,9,2,37,6.0,13.0,11.375,2.6,13.975,0.0,STOCK SUFFICIENT
2026-09-09,S006,Chandigarh,P008,Fitness Band,Wearables,Supplier B,2301.49,5.0,12,27617.879999999997,173,83,3,False,9,2026,9,2,37,9.0,10.0,9.195,2.0,11.195,0.0,STOCK SUFFICIENT
2026-09-09,S004,Lucknow,P010,Yoga Mat,Sports,Supplier C,1321.09,5.0,16,21137.44,156,122,4,False,9,2026,9,2,37,18.0,15.142857142857142,13.12,3.0285714285714285,16.14857142857143,0.0,STOCK SUFFICIENT
2026-09-09,S005,Jaipur,P013,Travel Adapter,Travel,Supplier B,1040.8,0.0,15,15612.0,247,122,12,False,9,2026,9,2,37,20.0,16.142857142857142,12.675,3.2285714285714286,15.903571428571428,0.0,STOCK SUFFICIENT
2026-09-09,S002,Noida,P012,Backpack,Travel,Supplier D,1908.23,0.0,18,34348.14,239,138,7,False,9,2026,9,2,37,15.0,14.285714285714286,15.21,2.8571428571428577,18.06714285714286,0.0,STOCK SUFFICIENT
2026-09-09,S002,Noida,P012,Backpack,Travel,Supplier A,1753.35,0.0,15,26300.25,271,138,14,False,9,2026,9,2,37,12.0,13.857142857142858,13.86,2.771428571428572,16.63142857142857,0.0,STOCK SUFFICIENT
2026-09-09,S005,Jaipur,P011,Water Bottle,Sports,Supplier D,673.3,0.0,22,14812.599999999999,238,204,7,False,9,2026,9,2,37,24.0,25.142857142857142,26.145,5.0285714285714285,31.173571428571428,0.0,STOCK SUFFICIENT
2026-09-09,S001,Delhi,P004,USB-C Hub,Electronics,Supplier D,1915.6,0.0,15,28734.0,237,150,6,False,9,2026,9,2,37,16.0,18.428571428571427,17.315,3.6857142857142855,21.000714285714288,0.0,STOCK SUFFICIENT
2026-09-09,S006,Chandigarh,P002,Wireless Mouse,Accessories,Supplier D,845.09,15.0,18,15211.62,373,166,14,False,9,2026,9,2,37,22.0,23.714285714285715,21.375,4.742857142857143,26.117857142857144,0.0,STOCK SUFFICIENT
2026-09-09,S002,Noida,P008,Fitness Band,Wearables,Supplier D,2192.29,0.0,14,30692.059999999998,213,119,11,False,9,2026,9,2,37,16.0,16.142857142857142,13.04,3.2285714285714286,16.268571428571427,0.0,STOCK SUFFICIENT
2026-09-09,S006,Chandigarh,P011,Water Bottle,Sports,Supplier D,719.72,0.0,23,16553.56,277,192,14,False,9,2026,9,2,37,26.0,24.571428571428573,22.52,4.914285714285715,27.434285714285714,0.0,STOCK SUFFICIENT
2026-09-09,S003,Ghaziabad,P005,Power Bank,Electronics,Supplier A,1497.05,0.0,13,19461.649999999998,205,152,3,False,9,2026,9,2,37,22.0,21.0,16.96,4.2,21.16,0.0,STOCK SUFFICIENT
2026-09-09,S004,Lucknow,P008,Fitness Band,Wearables,Supplier A,2077.36,15.0,6,12464.16,117,93,6,False,9,2026,9,2,37,7.0,10.571428571428571,11.72,2.1142857142857143,13.834285714285715,0.0,STOCK SUFFICIENT
2026-09-09,S004,Lucknow,P007,Smart Watch,Wearables,Supplier B,4394.6,10.0,7,30762.200000000004,89,64,14,False,9,2026,9,2,37,8.0,8.428571428571429,7.065,1.685714285714286,8.750714285714286,0.0,STOCK SUFFICIENT
2026-09-09,S004,Lucknow,P007,Smart Watch,Wearables,Supplier C,4770.06,5.0,8,38160.48,121,64,10,False,9,2026,9,2,37,7.0,8.285714285714286,6.965,1.6571428571428575,8.622142857142858,0.0,STOCK SUFFICIENT
2026-09-09,S003,Ghaziabad,P010,Yoga Mat,Sports,Supplier D,1396.53,5.0,9,12568.77,245,129,7,False,9,2026,9,2,37,10.0,14.285714285714286,13.785,2.8571428571428577,16.642142857142858,0.0,STOCK SUFFICIENT
2026-09-09,S006,Chandigarh,P010,Yoga Mat,Sports,Supplier B,1408.27,10.0,18,25348.86,146,108,13,False,9,2026,9,2,37,9.0,13.285714285714286,13.405,2.6571428571428575,16.062142857142856,0.0,STOCK SUFFICIENT
2026-09-09,S001,Delhi,P011,Water Bottle,Sports,Supplier C,677.93,10.0,34,23049.62,551,300,13,False,9,2026,9,2,37,39.0,35.857142857142854,33.845,7.171428571428571,41.01642857142857,0.0,STOCK SUFFICIENT
2026-09-09,S003,Ghaziabad,P015,Office Chair,Furniture,Supplier B,8365.46,0.0,3,25096.379999999997,90,41,12,False,9,2026,9,2,37,9.0,6.142857142857143,4.46,1.2285714285714286,5.688571428571429,0.0,STOCK SUFFICIENT
2026-09-09,S002,Noida,P005,Power Bank,Electronics,Supplier D,1727.27,0.0,19,32818.13,396,184,11,False,9,2026,9,2,37,20.0,23.142857142857142,18.65,4.628571428571429,23.27857142857143,0.0,STOCK SUFFICIENT
2026-09-09,S006,Chandigarh,P013,Travel Adapter,Travel,Supplier A,1075.83,5.0,19,20440.769999999997,304,115,2,False,9,2026,9,2,37,13.0,12.428571428571429,12.99,2.4857142857142858,15.475714285714286,0.0,STOCK SUFFICIENT
2026-09-09,S003,Ghaziabad,P012,Backpack,Travel,Supplier A,1838.02,15.0,8,14704.16,258,114,14,False,9,2026,9,2,37,16.0,14.0,15.545,2.8000000000000003,18.345,0.0,STOCK SUFFICIENT
2026-09-10,S006,Chandigarh,P002,Wireless Mouse,Accessories,Supplier C,787.18,15.0,18,14169.24,284,166,6,False,9,2026,10,3,37,18.0,21.857142857142858,24.45,4.371428571428572,28.82142857142857,0.0,STOCK SUFFICIENT
2026-09-10,S003,Ghaziabad,P006,Bluetooth Speaker,Electronics,Supplier C,2679.73,10.0,8,21437.84,136,76,12,False,9,2026,10,3,37,5.0,9.714285714285714,9.89,1.9428571428571428,11.832857142857144,0.0,STOCK SUFFICIENT
2026-09-10,S003,Ghaziabad,P015,Office Chair,Furniture,Supplier B,7942.92,20.0,6,47657.520000000004,76,41,10,False,9,2026,10,3,37,3.0,5.428571428571429,6.58,1.0857142857142859,7.6657142857142855,0.0,STOCK SUFFICIENT
2026-09-10,S002,Noida,P007,Smart Watch,Wearables,Supplier C,4751.77,5.0,5,23758.850000000002,171,82,3,False,9,2026,10,3,37,12.0,9.857142857142858,10.635,1.9714285714285715,12.606428571428571,0.0,STOCK SUFFICIENT
2026-09-10,S003,Ghaziabad,P005,Power Bank,Electronics,Supplier A,1681.01,10.0,22,36982.22,337,152,5,False,9,2026,10,3,37,13.0,20.428571428571427,20.245,4.085714285714285,24.330714285714286,0.0,STOCK SUFFICIENT
2026-09-10,S004,Lucknow,P011,Water Bottle,Sports,Supplier C,670.03,20.0,33,22110.989999999998,304,216,13,False,9,2026,10,3,37,16.0,22.0,25.91,4.4,30.310000000000002,0.0,STOCK SUFFICIENT
2026-09-10,S001,Delhi,P002,Wireless Mouse,Accessories,Supplier D,786.05,15.0,37,29083.85,558,260,11,False,9,2026,10,3,37,29.0,32.0,32.92,6.4,39.32,0.0,STOCK SUFFICIENT
2026-09-10,S002,Noida,P014,Desk Lamp,Home,Supplier B,1201.23,0.0,19,22823.37,232,147,12,False,9,2026,10,3,37,21.0,16.714285714285715,17.45,3.3428571428571434,20.792857142857144,0.0,STOCK SUFFICIENT
2026-09-10,S002,Noida,P008,Fitness Band,Wearables,Supplier B,2339.28,5.0,10,23392.800000000003,226,119,13,False,9,2026,10,3,37,14.0,15.571428571428571,12.205,3.1142857142857143,15.319285714285714,0.0,STOCK SUFFICIENT
2026-09-10,S006,Chandigarh,P001,Laptop Bag,Accessories,Supplier D,1136.94,15.0,14,15917.16,309,115,11,False,9,2026,10,3,37,11.0,15.142857142857142,15.23,3.0285714285714285,18.25857142857143,0.0,STOCK SUFFICIENT
2026-09-10,S004,Lucknow,P004,USB-C Hub,Electronics,Supplier A,1716.42,10.0,13,22313.46,199,108,9,False,9,2026,10,3,37,8.0,13.285714285714286,13.155,2.6571428571428575,15.812142857142856,0.0,STOCK SUFFICIENT
2026-09-10,S005,Jaipur,P007,Smart Watch,Wearables,Supplier A,4234.9,10.0,5,21174.5,92,61,3,False,9,2026,10,3,37,7.0,7.428571428571429,6.65,1.4857142857142858,8.135714285714286,0.0,STOCK SUFFICIENT
2026-09-10,S004,Lucknow,P004,USB-C Hub,Electronics,Supplier D,1669.83,0.0,7,11688.81,180,108,9,False,9,2026,10,3,37,13.0,12.0,11.95,2.4000000000000004,14.35,0.0,STOCK SUFFICIENT
2026-09-10,S001,Delhi,P005,Power Bank,Electronics,Supplier B,1666.63,5.0,22,36665.86,348,200,3,False,9,2026,10,3,37,23.0,22.571428571428573,21.965,4.514285714285715,26.479285714285716,0.0,STOCK SUFFICIENT
2026-09-11,S003,Ghaziabad,P013,Travel Adapter,Travel,Supplier A,1175.26,10.0,12,14103.119999999999,245,136,9,False,9,2026,11,4,37,17.0,15.0,15.655,3.0,18.655,0.0,STOCK SUFFICIENT
2026-09-11,S002,Noida,P004,USB-C Hub,Electronics,Supplier C,1680.22,5.0,12,20162.64,149,138,5,False,9,2026,11,4,37,20.0,18.0,16.5,3.6,20.1,0.0,STOCK SUFFICIENT
2026-09-11,S001,Delhi,P005,Power Bank,Electronics,Supplier D,1697.64,0.0,13,22069.32,230,200,11,False,9,2026,11,4,37,22.0,23.0,22.825,4.6000000000000005,27.425,0.0,STOCK SUFFICIENT
2026-09-11,S002,Noida,P009,Running Shoes,Sports,Supplier A,2952.65,0.0,9,26573.850000000002,273,101,6,False,9,2026,11,4,37,8.0,12.714285714285714,11.695,2.5428571428571427,14.237857142857143,0.0,STOCK SUFFICIENT
2026-09-11,S002,Noida,P007,Smart Watch,Wearables,Supplier A,4586.24,15.0,11,50448.64,180,82,5,False,9,2026,11,4,37,15.0,10.285714285714286,11.165,2.0571428571428574,13.222142857142856,0.0,STOCK SUFFICIENT
2026-09-11,S002,Noida,P007,Smart Watch,Wearables,Supplier C,4373.35,0.0,15,65600.25,146,82,12,False,9,2026,11,4,37,5.0,9.571428571428571,9.09,1.9142857142857144,11.004285714285714,0.0,STOCK SUFFICIENT
2026-09-11,S002,Noida,P015,Office Chair,Furniture,Supplier C,8644.08,5.0,3,25932.239999999998,127,50,5,False,9,2026,11,4,37,6.0,6.285714285714286,5.25,1.2571428571428571,6.507142857142857,0.0,STOCK SUFFICIENT
2026-09-11,S006,Chandigarh,P009,Running Shoes,Sports,Supplier C,3411.3,0.0,9,30701.7,111,70,13,False,9,2026,11,4,37,6.0,8.142857142857142,7.055,1.6285714285714286,8.683571428571428,0.0,STOCK SUFFICIENT
2026-09-11,S002,Noida,P004,USB-C Hub,Electronics,Supplier A,1745.4,10.0,20,34908.0,176,138,8,False,9,2026,11,4,37,21.0,17.857142857142858,16.96,3.5714285714285716,20.531428571428574,0.0,STOCK SUFFICIENT
2026-09-11,S001,Delhi,P009,Running Shoes,Sports,Supplier D,3061.37,15.0,22,67350.14,228,110,12,False,9,2026,11,4,37,12.0,13.714285714285714,14.88,2.742857142857143,17.622857142857143,0.0,STOCK SUFFICIENT
2026-09-11,S003,Ghaziabad,P011,Water Bottle,Sports,Supplier C,753.95,0.0,25,18848.75,405,228,3,False,9,2026,11,4,37,23.0,23.285714285714285,26.775,4.6571428571428575,31.432142857142857,0.0,STOCK SUFFICIENT
2026-09-11,S005,Jaipur,P004,USB-C Hub,Electronics,Supplier B,1733.25,15.0,13,22532.25,274,102,10,False,9,2026,11,4,37,11.0,11.857142857142858,12.77,2.3714285714285714,15.141428571428571,0.0,STOCK SUFFICIENT
2026-09-11,S001,Delhi,P003,Mechanical Keyboard,Accessories,Supplier D,2375.21,0.0,9,21376.89,217,120,10,False,9,2026,11,4,37,20.0,15.571428571428571,12.87,3.1142857142857143,15.984285714285713,0.0,STOCK SUFFICIENT
2026-09-11,S001,Delhi,P006,Bluetooth Speaker,Electronics,Supplier C,2858.24,5.0,13,37157.119999999995,217,100,7,False,9,2026,11,4,37,10.0,12.0,11.235,2.4000000000000004,13.635,0.0,STOCK SUFFICIENT
2026-09-11,S005,Jaipur,P009,Running Shoes,Sports,Supplier C,2959.41,0.0,9,26634.69,189,74,13,False,9,2026,11,4,37,6.0,8.0,9.335,1.6,10.935,0.0,STOCK SUFFICIENT
2026-09-11,S005,Jaipur,P003,Mechanical Keyboard,Accessories,Supplier A,2538.39,15.0,8,20307.12,175,81,10,False,9,2026,11,4,37,8.0,9.714285714285714,10.33,1.9428571428571428,12.272857142857143,0.0,STOCK SUFFICIENT
2026-09-11,S001,Delhi,P015,Office Chair,Furniture,Supplier C,8728.18,15.0,7,61097.26,78,55,8,False,9,2026,11,4,37,10.0,9.285714285714286,8.12,1.8571428571428574,9.977142857142857,0.0,STOCK SUFFICIENT
2026-09-11,S001,Delhi,P006,Bluetooth Speaker,Electronics,Supplier A,2800.27,15.0,10,28002.7,181,100,7,False,9,2026,11,4,37,12.0,12.714285714285714,12.595,2.5428571428571427,15.137857142857143,0.0,STOCK SUFFICIENT
2026-09-11,S004,Lucknow,P010,Yoga Mat,Sports,Supplier A,1477.59,15.0,12,17731.079999999998,265,122,14,False,9,2026,11,4,37,16.0,14.571428571428571,14.33,2.9142857142857146,17.244285714285716,0.0,STOCK SUFFICIENT
2026-09-11,S005,Jaipur,P015,Office Chair,Furniture,Supplier D,8999.76,10.0,5,44998.8,91,37,8,False,9,2026,11,4,37,8.0,3.4285714285714284,6.23,0.6857142857142857,6.915714285714286,0.0,STOCK SUFFICIENT
2026-09-11,S005,Jaipur,P008,Fitness Band,Wearables,Supplier A,2098.96,10.0,16,33583.36,173,88,10,False,9,2026,11,4,37,8.0,10.714285714285714,11.22,2.142857142857143,13.362857142857143,0.0,STOCK SUFFICIENT
2026-09-12,S005,Jaipur,P013,Travel Adapter,Travel,Supplier C,1069.23,5.0,9,9623.07,296,122,8,False,9,2026,12,5,37,15.0,16.142857142857142,15.65,3.2285714285714286,18.87857142857143,0.0,STOCK SUFFICIENT
2026-09-12,S001,Delhi,P005,Power Bank,Electronics,Supplier B,1595.21,20.0,30,47856.3,425,200,5,False,9,2026,12,5,37,13.0,21.285714285714285,25.9,4.257142857142857,30.157142857142855,0.0,STOCK SUFFICIENT
2026-09-12,S002,Noida,P014,Desk Lamp,Home,Supplier A,1314.65,15.0,21,27607.65,355,147,9,False,9,2026,12,5,37,19.0,17.0,20.74,3.4000000000000004,24.14,0.0,STOCK SUFFICIENT
2026-09-12,S003,Ghaziabad,P013,Travel Adapter,Travel,Supplier A,1013.77,5.0,16,16220.32,221,136,4,False,9,2026,12,5,37,12.0,15.857142857142858,17.185,3.1714285714285717,20.35642857142857,0.0,STOCK SUFFICIENT
2026-09-12,S001,Delhi,P012,Backpack,Travel,Supplier A,1949.11,0.0,17,33134.869999999995,261,150,10,False,9,2026,12,5,37,14.0,22.285714285714285,20.58,4.457142857142857,25.037142857142854,0.0,STOCK SUFFICIENT
2026-09-12,S001,Delhi,P007,Smart Watch,Wearables,Supplier C,4318.97,15.0,14,60465.58,136,90,4,False,9,2026,12,5,37,12.0,13.571428571428571,13.29,2.7142857142857144,16.004285714285714,0.0,STOCK SUFFICIENT
2026-09-12,S001,Delhi,P012,Backpack,Travel,Supplier D,1805.34,10.0,25,45133.5,318,150,9,False,9,2026,12,5,37,17.0,21.142857142857142,20.93,4.228571428571429,25.158571428571427,0.0,STOCK SUFFICIENT
2026-09-12,S003,Ghaziabad,P012,Backpack,Travel,Supplier D,1783.07,10.0,20,35661.4,313,114,8,False,9,2026,12,5,37,8.0,13.142857142857142,12.98,2.6285714285714286,15.608571428571429,0.0,STOCK SUFFICIENT
2026-09-13,S004,Lucknow,P005,Power Bank,Electronics,Supplier B,1727.47,20.0,24,41459.28,323,144,3,False,9,2026,13,6,37,16.0,17.0,21.825,3.4000000000000004,25.225,0.0,STOCK SUFFICIENT
2026-09-13,S001,Delhi,P010,Yoga Mat,Sports,Supplier C,1372.59,10.0,22,30196.98,242,170,13,False,9,2026,13,6,37,22.0,22.714285714285715,23.99,4.542857142857144,28.532857142857143,0.0,STOCK SUFFICIENT
2026-09-13,S006,Chandigarh,P005,Power Bank,Electronics,Supplier A,1583.71,15.0,15,23755.65,282,128,8,False,9,2026,13,6,37,9.0,13.714285714285714,18.785,2.742857142857143,21.527857142857144,0.0,STOCK SUFFICIENT
2026-09-13,S004,Lucknow,P003,Mechanical Keyboard,Accessories,Supplier B,2388.99,0.0,3,7166.969999999999,106,86,7,False,9,2026,13,6,37,10.0,10.142857142857142,10.42,2.0285714285714285,12.448571428571428,0.0,STOCK SUFFICIENT
2026-09-13,S001,Delhi,P003,Mechanical Keyboard,Accessories,Supplier D,2302.79,10.0,10,23027.9,136,120,11,False,9,2026,13,6,37,9.0,14.714285714285714,14.77,2.942857142857143,17.712857142857143,0.0,STOCK SUFFICIENT
2026-09-13,S003,Ghaziabad,P001,Laptop Bag,Accessories,Supplier C,1207.19,0.0,11,13279.09,378,136,5,False,9,2026,13,6,37,10.0,17.857142857142858,15.765,3.5714285714285716,19.336428571428574,0.0,STOCK SUFFICIENT
2026-09-13,S006,Chandigarh,P008,Fitness Band,Wearables,Supplier A,2265.16,0.0,10,22651.6,113,83,7,False,9,2026,13,6,37,12.0,9.857142857142858,9.79,1.9714285714285715,11.76142857142857,0.0,STOCK SUFFICIENT
2026-09-13,S004,Lucknow,P013,Travel Adapter,Travel,Supplier D,1090.56,0.0,11,11996.16,215,129,13,False,9,2026,13,6,37,14.0,15.571428571428571,14.425,3.1142857142857143,17.539285714285715,0.0,STOCK SUFFICIENT
2026-09-13,S002,Noida,P011,Water Bottle,Sports,Supplier A,681.84,5.0,27,18409.68,446,276,2,False,9,2026,13,6,37,16.0,32.714285714285715,34.155,6.542857142857144,40.697857142857146,0.0,STOCK SUFFICIENT
2026-09-13,S004,Lucknow,P012,Backpack,Travel,Supplier D,1887.7,5.0,11,20764.7,156,108,2,False,9,2026,13,6,37,14.0,14.142857142857142,12.075,2.8285714285714287,14.903571428571428,0.0,STOCK SUFFICIENT
2026-09-13,S003,Ghaziabad,P008,Fitness Band,Wearables,Supplier B,2282.59,15.0,16,36521.44,192,98,5,False,9,2026,13,6,37,11.0,10.714285714285714,13.43,2.142857142857143,15.572857142857142,0.0,STOCK SUFFICIENT
2026-09-13,S005,Jaipur,P009,Running Shoes,Sports,Supplier D,3238.07,0.0,11,35618.770000000004,176,74,13,False,9,2026,13,6,37,9.0,6.857142857142857,9.72,1.3714285714285714,11.091428571428573,0.0,STOCK SUFFICIENT
2026-09-13,S002,Noida,P014,Desk Lamp,Home,Supplier C,1401.73,10.0,16,22427.68,195,147,4,False,9,2026,13,6,37,21.0,17.571428571428573,22.01,3.5142857142857147,25.524285714285718,0.0,STOCK SUFFICIENT
2026-09-13,S001,Delhi,P013,Travel Adapter,Travel,Supplier A,1112.51,10.0,25,27812.75,289,180,5,False,9,2026,13,6,37,23.0,19.142857142857142,23.515,3.8285714285714287,27.34357142857143,0.0,STOCK SUFFICIENT
2026-09-13,S001,Delhi,P012,Backpack,Travel,Supplier B,1796.56,15.0,17,30541.52,254,150,10,False,9,2026,13,6,37,25.0,21.285714285714285,20.41,4.257142857142857,24.667142857142856,0.0,STOCK SUFFICIENT
2026-09-13,S006,Chandigarh,P010,Yoga Mat,Sports,Supplier C,1444.63,15.0,10,14446.300000000001,190,108,6,False,9,2026,13,6,37,18.0,13.285714285714286,14.835,2.6571428571428575,17.49214285714286,0.0,STOCK SUFFICIENT
2026-09-13,S006,Chandigarh,P010,Yoga Mat,Sports,Supplier B,1449.38,20.0,6,8696.28,195,108,8,False,9,2026,13,6,37,10.0,12.571428571428571,14.62,2.5142857142857142,17.134285714285713,0.0,STOCK SUFFICIENT
2026-09-13,S001,Delhi,P014,Desk Lamp,Home,Supplier A,1254.16,15.0,20,25083.2,212,160,2,False,9,2026,13,6,37,24.0,19.285714285714285,23.765,3.857142857142857,27.622142857142858,0.0,STOCK SUFFICIENT
2026-09-13,S002,Noida,P012,Backpack,Travel,Supplier B,1949.11,0.0,17,33134.869999999995,241,138,2,False,9,2026,13,6,37,18.0,14.428571428571429,16.61,2.885714285714286,19.495714285714286,0.0,STOCK SUFFICIENT
2026-09-14,S002,Noida,P003,Mechanical Keyboard,Accessories,Supplier C,2319.34,5.0,18,41748.12,227,110,12,False,9,2026,14,0,38,16.0,13.714285714285714,13.2,2.742857142857143,15.942857142857143,0.0,STOCK SUFFICIENT
2026-09-14,S004,Lucknow,P015,Office Chair,Furniture,Supplier A,8170.14,0.0,4,32680.56,83,39,7,False,9,2026,14,0,38,6.0,4.285714285714286,4.435,0.8571428571428572,5.292142857142856,0.0,STOCK SUFFICIENT
2026-09-14,S006,Chandigarh,P013,Travel Adapter,Travel,Supplier C,1097.13,10.0,19,20845.47,311,115,9,False,9,2026,14,0,38,19.0,13.571428571428571,13.52,2.7142857142857144,16.234285714285715,0.0,STOCK SUFFICIENT
2026-09-14,S006,Chandigarh,P002,Wireless Mouse,Accessories,Supplier D,815.22,0.0,14,11413.08,535,166,11,False,9,2026,14,0,38,18.0,20.714285714285715,21.06,4.142857142857143,25.20285714285714,0.0,STOCK SUFFICIENT
2026-09-14,S006,Chandigarh,P010,Yoga Mat,Sports,Supplier B,1374.59,0.0,12,16495.079999999998,112,108,14,False,9,2026,14,0,38,6.0,11.142857142857142,12.185,2.2285714285714286,14.41357142857143,0.0,STOCK SUFFICIENT
2026-09-14,S002,Noida,P010,Yoga Mat,Sports,Supplier D,1511.77,15.0,15,22676.55,246,156,10,False,9,2026,14,0,38,14.0,15.571428571428571,19.21,3.1142857142857143,22.324285714285715,0.0,STOCK SUFFICIENT
2026-09-14,S001,Delhi,P008,Fitness Band,Wearables,Supplier D,2195.8,0.0,18,39524.4,290,130,3,False,9,2026,14,0,38,15.0,14.857142857142858,15.125,2.9714285714285715,18.09642857142857,0.0,STOCK SUFFICIENT
2026-09-14,S002,Noida,P014,Desk Lamp,Home,Supplier B,1228.53,0.0,14,17199.42,323,147,7,False,9,2026,14,0,38,16.0,17.428571428571427,14.95,3.4857142857142858,18.435714285714283,0.0,STOCK SUFFICIENT
2026-09-14,S001,Delhi,P011,Water Bottle,Sports,Supplier D,728.93,0.0,33,24054.69,721,300,12,False,9,2026,14,0,38,34.0,35.857142857142854,30.49,7.171428571428571,37.66142857142857,0.0,STOCK SUFFICIENT
2026-09-14,S003,Ghaziabad,P013,Travel Adapter,Travel,Supplier B,1119.2,5.0,13,14549.6,103,136,6,True,9,2026,14,0,38,16.0,16.142857142857142,15.125,3.2285714285714286,18.353571428571428,0.0,REORDER REQUIRED
2026-09-14,S006,Chandigarh,P006,Bluetooth Speaker,Electronics,Supplier A,2894.94,10.0,6,17369.64,169,64,9,False,9,2026,14,0,38,5.0,9.428571428571429,8.17,1.885714285714286,10.055714285714286,0.0,STOCK SUFFICIENT
2026-09-14,S004,Lucknow,P014,Desk Lamp,Home,Supplier A,1373.47,10.0,15,20602.05,197,115,5,False,9,2026,14,0,38,9.0,13.0,13.065,2.6,15.665,0.0,STOCK SUFFICIENT
2026-09-14,S003,Ghaziabad,P011,Water Bottle,Sports,Supplier D,695.67,10.0,25,17391.75,533,228,14,False,9,2026,14,0,38,25.0,24.142857142857142,26.365,4.828571428571429,31.193571428571428,0.0,STOCK SUFFICIENT
2026-09-14,S004,Lucknow,P011,Water Bottle,Sports,Supplier B,738.71,10.0,30,22161.300000000003,473,216,8,False,9,2026,14,0,38,33.0,21.714285714285715,26.21,4.342857142857143,30.552857142857142,0.0,STOCK SUFFICIENT
2026-09-14,S002,Noida,P007,Smart Watch,Wearables,Supplier C,4323.15,0.0,10,43231.5,93,82,12,False,9,2026,14,0,38,11.0,9.857142857142858,9.535,1.9714285714285715,11.506428571428572,0.0,STOCK SUFFICIENT
2026-09-15,S001,Delhi,P009,Running Shoes,Sports,Supplier C,3198.39,15.0,9,28785.51,206,110,10,False,9,2026,15,1,38,22.0,14.714285714285714,15.67,2.942857142857143,18.612857142857145,0.0,STOCK SUFFICIENT
2026-09-15,S002,Noida,P004,USB-C Hub,Electronics,Supplier C,1791.56,20.0,10,17915.6,225,138,13,False,9,2026,15,1,38,12.0,17.285714285714285,16.14,3.4571428571428573,19.597142857142856,0.0,STOCK SUFFICIENT
2026-09-15,S005,Jaipur,P010,Yoga Mat,Sports,Supplier D,1396.34,0.0,12,16756.079999999998,343,115,13,False,9,2026,15,1,38,15.0,14.142857142857142,14.565,2.8285714285714287,17.393571428571427,0.0,STOCK SUFFICIENT
2026-09-15,S004,Lucknow,P013,Travel Adapter,Travel,Supplier C,1095.85,0.0,14,15341.899999999998,239,129,3,False,9,2026,15,1,38,11.0,14.714285714285714,13.865,2.942857142857143,16.807857142857145,0.0,STOCK SUFFICIENT
2026-09-15,S004,Lucknow,P005,Power Bank,Electronics,Supplier A,1488.84,5.0,13,19354.92,142,144,11,True,9,2026,15,1,38,24.0,17.0,17.905,3.4000000000000004,21.305,0.0,REORDER REQUIRED
2026-09-15,S005,Jaipur,P004,USB-C Hub,Electronics,Supplier B,1867.39,15.0,7,13071.730000000001,162,102,9,False,9,2026,15,1,38,13.0,11.857142857142858,13.11,2.3714285714285714,15.481428571428571,0.0,STOCK SUFFICIENT
2026-09-15,S001,Delhi,P011,Water Bottle,Sports,Supplier C,709.16,20.0,42,29784.719999999998,659,300,3,False,9,2026,15,1,38,33.0,37.142857142857146,38.035,7.42857142857143,45.46357142857143,0.0,STOCK SUFFICIENT
2026-09-15,S005,Jaipur,P015,Office Chair,Furniture,Supplier B,8769.59,5.0,1,8769.59,85,37,12,False,9,2026,15,1,38,5.0,4.0,6.43,0.8,7.2299999999999995,0.0,STOCK SUFFICIENT
2026-09-15,S005,Jaipur,P015,Office Chair,Furniture,Supplier B,8644.9,15.0,5,43224.5,56,37,8,False,9,2026,15,1,38,5.0,3.7142857142857144,4.645,0.7428571428571429,5.3878571428571425,0.0,STOCK SUFFICIENT
2026-09-15,S005,Jaipur,P007,Smart Watch,Wearables,Supplier B,4452.17,5.0,7,31165.190000000002,71,61,11,False,9,2026,15,1,38,5.0,7.571428571428571,6.85,1.5142857142857142,8.364285714285714,0.0,STOCK SUFFICIENT
2026-09-15,S005,Jaipur,P012,Backpack,Travel,Supplier A,1845.02,0.0,11,20295.22,207,102,5,False,9,2026,15,1,38,11.0,11.571428571428571,11.13,2.3142857142857145,13.444285714285716,0.0,STOCK SUFFICIENT
2026-09-15,S006,Chandigarh,P015,Office Chair,Furniture,Supplier B,8872.65,5.0,1,8872.65,46,35,12,False,9,2026,15,1,38,3.0,4.142857142857143,5.955,0.8285714285714287,6.783571428571429,0.0,STOCK SUFFICIENT
2026-09-15,S002,Noida,P005,Power Bank,Electronics,Supplier C,1644.23,0.0,19,31240.37,371,184,2,False,9,2026,15,1,38,19.0,23.0,20.875,4.6000000000000005,25.475,0.0,STOCK SUFFICIENT
2026-09-15,S002,Noida,P015,Office Chair,Furniture,Supplier B,8722.76,5.0,6,52336.56,102,50,7,False,9,2026,15,1,38,3.0,5.571428571428571,6.39,1.1142857142857143,7.5042857142857144,0.0,STOCK SUFFICIENT
2026-09-15,S002,Noida,P010,Yoga Mat,Sports,Supplier D,1410.29,5.0,10,14102.9,272,156,10,False,9,2026,15,1,38,15.0,16.142857142857142,17.55,3.2285714285714286,20.77857142857143,0.0,STOCK SUFFICIENT
2026-09-15,S006,Chandigarh,P009,Running Shoes,Sports,Supplier B,3407.14,15.0,10,34071.4,90,70,13,False,9,2026,15,1,38,9.0,8.285714285714286,8.7,1.6571428571428575,10.357142857142858,0.0,STOCK SUFFICIENT
2026-09-15,S004,Lucknow,P007,Smart Watch,Wearables,Supplier B,4365.11,0.0,8,34920.88,115,64,6,False,9,2026,15,1,38,8.0,7.714285714285714,5.31,1.542857142857143,6.852857142857142,0.0,STOCK SUFFICIENT
2026-09-15,S003,Ghaziabad,P006,Bluetooth Speaker,Electronics,Supplier D,2803.15,20.0,12,33637.8,166,76,3,False,9,2026,15,1,38,8.0,9.142857142857142,9.81,1.8285714285714285,11.63857142857143,0.0,STOCK SUFFICIENT
2026-09-16,S004,Lucknow,P004,USB-C Hub,Electronics,Supplier A,1784.68,0.0,8,14277.44,249,108,2,False,9,2026,16,2,38,6.0,10.571428571428571,10.995,2.1142857142857143,13.109285714285713,0.0,STOCK SUFFICIENT
2026-09-16,S006,Chandigarh,P014,Desk Lamp,Home,Supplier A,1258.12,10.0,11,13839.32,240,102,9,False,9,2026,16,2,38,9.0,10.428571428571429,11.345,2.085714285714286,13.430714285714286,0.0,STOCK SUFFICIENT
2026-09-16,S006,Chandigarh,P009,Running Shoes,Sports,Supplier A,3165.25,0.0,5,15826.25,73,70,13,False,9,2026,16,2,38,10.0,8.428571428571429,7.0,1.685714285714286,8.685714285714287,0.0,STOCK SUFFICIENT
2026-09-16,S004,Lucknow,P004,USB-C Hub,Electronics,Supplier B,1728.37,0.0,6,10370.22,292,108,5,False,9,2026,16,2,38,7.0,11.571428571428571,10.955,2.3142857142857145,13.269285714285715,0.0,STOCK SUFFICIENT
2026-09-16,S005,Jaipur,P005,Power Bank,Electronics,Supplier D,1595.65,0.0,8,12765.2,278,136,10,False,9,2026,16,2,38,14.0,15.857142857142858,14.72,3.1714285714285717,17.891428571428573,0.0,STOCK SUFFICIENT
2026-09-16,S001,Delhi,P006,Bluetooth Speaker,Electronics,Supplier A,2979.38,10.0,17,50649.46,264,100,8,False,9,2026,16,2,38,13.0,12.857142857142858,12.645,2.5714285714285716,15.21642857142857,0.0,STOCK SUFFICIENT
2026-09-16,S006,Chandigarh,P007,Smart Watch,Wearables,Supplier A,4836.49,5.0,7,33855.43,119,57,13,False,9,2026,16,2,38,7.0,8.428571428571429,7.12,1.685714285714286,8.805714285714286,0.0,STOCK SUFFICIENT
2026-09-16,S001,Delhi,P010,Yoga Mat,Sports,Supplier C,1340.12,5.0,27,36183.24,265,170,6,False,9,2026,16,2,38,22.0,22.571428571428573,21.55,4.514285714285715,26.064285714285717,0.0,STOCK SUFFICIENT
2026-09-16,S003,Ghaziabad,P010,Yoga Mat,Sports,Supplier A,1333.05,10.0,14,18662.7,195,129,12,False,9,2026,16,2,38,9.0,13.428571428571429,12.325,2.685714285714286,15.010714285714286,0.0,STOCK SUFFICIENT
2026-09-16,S004,Lucknow,P003,Mechanical Keyboard,Accessories,Supplier A,2449.86,10.0,13,31848.18,220,86,2,False,9,2026,16,2,38,3.0,9.0,12.125,1.8,13.925,0.0,STOCK SUFFICIENT
2026-09-16,S001,Delhi,P015,Office Chair,Furniture,Supplier B,8121.93,0.0,8,64975.44,120,55,9,False,9,2026,16,2,38,7.0,8.714285714285714,6.8,1.7428571428571429,8.542857142857143,0.0,STOCK SUFFICIENT
2026-09-16,S002,Noida,P001,Laptop Bag,Accessories,Supplier A,1178.42,10.0,14,16497.88,262,165,7,False,9,2026,16,2,38,16.0,20.571428571428573,20.49,4.114285714285715,24.604285714285712,0.0,STOCK SUFFICIENT
2026-09-16,S003,Ghaziabad,P005,Power Bank,Electronics,Supplier A,1639.42,10.0,13,21312.46,166,152,12,False,9,2026,16,2,38,22.0,21.428571428571427,19.84,4.285714285714286,24.125714285714285,0.0,STOCK SUFFICIENT
2026-09-16,S004,Lucknow,P014,Desk Lamp,Home,Supplier C,1274.69,5.0,13,16570.97,169,115,9,False,9,2026,16,2,38,15.0,13.428571428571429,12.66,2.685714285714286,15.345714285714287,0.0,STOCK SUFFICIENT
2026-09-17,S006,Chandigarh,P008,Fitness Band,Wearables,Supplier B,2066.92,20.0,10,20669.2,128,83,5,False,9,2026,17,3,38,10.0,9.857142857142858,10.34,1.9714285714285715,12.311428571428571,0.0,STOCK SUFFICIENT
2026-09-17,S004,Lucknow,P001,Laptop Bag,Accessories,Supplier D,1240.19,15.0,13,16122.470000000001,219,129,13,False,9,2026,17,3,38,19.0,13.857142857142858,13.835,2.771428571428572,16.606428571428573,0.0,STOCK SUFFICIENT
2026-09-17,S003,Ghaziabad,P001,Laptop Bag,Accessories,Supplier D,1184.26,0.0,15,17763.9,337,136,14,False,9,2026,17,3,38,11.0,16.714285714285715,15.205,3.3428571428571434,18.547857142857143,0.0,STOCK SUFFICIENT
2026-09-17,S002,Noida,P012,Backpack,Travel,Supplier C,2004.59,15.0,14,28064.26,181,138,3,False,9,2026,17,3,38,17.0,14.714285714285714,16.255,2.942857142857143,19.197857142857142,0.0,STOCK SUFFICIENT
2026-09-17,S003,Ghaziabad,P012,Backpack,Travel,Supplier A,1936.66,5.0,14,27113.24,255,114,5,False,9,2026,17,3,38,20.0,13.0,11.89,2.6,14.49,0.0,STOCK SUFFICIENT
2026-09-17,S004,Lucknow,P010,Yoga Mat,Sports,Supplier B,1363.31,0.0,12,16359.72,234,122,3,False,9,2026,17,3,38,12.0,14.714285714285714,12.38,2.942857142857143,15.322857142857144,0.0,STOCK SUFFICIENT
2026-09-17,S004,Lucknow,P015,Office Chair,Furniture,Supplier A,7945.78,15.0,3,23837.34,92,39,13,False,9,2026,17,3,38,4.0,4.142857142857143,5.215,0.8285714285714287,6.043571428571429,0.0,STOCK SUFFICIENT
2026-09-17,S001,Delhi,P007,Smart Watch,Wearables,Supplier C,4596.5,15.0,2,9193.0,180,90,14,False,9,2026,17,3,38,14.0,13.285714285714286,12.175,2.6571428571428575,14.832142857142859,0.0,STOCK SUFFICIENT
2026-09-17,S003,Ghaziabad,P007,Smart Watch,Wearables,Supplier B,4466.41,5.0,10,44664.1,138,68,8,False,9,2026,17,3,38,5.0,8.714285714285714,6.985,1.7428571428571429,8.727857142857143,0.0,STOCK SUFFICIENT
2026-09-17,S005,Jaipur,P011,Water Bottle,Sports,Supplier D,750.01,0.0,9,6750.09,394,204,3,False,9,2026,17,3,38,22.0,24.428571428571427,23.47,4.885714285714286,28.355714285714285,0.0,STOCK SUFFICIENT
2026-09-17,S006,Chandigarh,P009,Running Shoes,Sports,Supplier D,3058.07,0.0,10,30580.7,56,70,7,True,9,2026,17,3,38,5.0,8.428571428571429,6.705,1.685714285714286,8.390714285714285,0.0,REORDER REQUIRED
2026-09-17,S002,Noida,P001,Laptop Bag,Accessories,Supplier A,1146.37,0.0,25,28659.249999999996,371,165,4,False,9,2026,17,3,38,14.0,19.285714285714285,16.945,3.857142857142857,20.802142857142858,0.0,STOCK SUFFICIENT
2026-09-17,S001,Delhi,P013,Travel Adapter,Travel,Supplier C,1173.29,10.0,21,24639.09,255,180,6,False,9,2026,17,3,38,25.0,20.714285714285715,21.72,4.142857142857143,25.86285714285714,0.0,STOCK SUFFICIENT
2026-09-18,S001,Delhi,P015,Office Chair,Furniture,Supplier A,8480.61,5.0,11,93286.71,102,55,14,False,9,2026,18,4,38,8.0,8.714285714285714,6.66,1.7428571428571429,8.402857142857144,0.0,STOCK SUFFICIENT
2026-09-18,S006,Chandigarh,P013,Travel Adapter,Travel,Supplier B,1090.15,0.0,13,14171.95,304,115,6,False,9,2026,18,4,38,19.0,15.142857142857142,13.36,3.0285714285714285,16.388571428571428,0.0,STOCK SUFFICIENT
2026-09-18,S006,Chandigarh,P006,Bluetooth Speaker,Electronics,Supplier B,2737.91,15.0,10,27379.1,72,64,10,False,9,2026,18,4,38,6.0,9.142857142857142,8.765,1.8285714285714285,10.59357142857143,0.0,STOCK SUFFICIENT
2026-09-18,S006,Chandigarh,P006,Bluetooth Speaker,Electronics,Supplier C,2706.08,0.0,7,18942.559999999998,119,64,14,False,9,2026,18,4,38,10.0,9.714285714285714,7.715,1.9428571428571428,9.657857142857143,0.0,STOCK SUFFICIENT
2026-09-18,S001,Delhi,P008,Fitness Band,Wearables,Supplier C,2156.35,5.0,7,15094.449999999999,255,130,13,False,9,2026,18,4,38,18.0,14.714285714285714,13.09,2.942857142857143,16.032857142857143,0.0,STOCK SUFFICIENT
2026-09-18,S006,Chandigarh,P004,USB-C Hub,Electronics,Supplier D,1690.44,0.0,10,16904.4,161,96,7,False,9,2026,18,4,38,13.0,11.0,11.185,2.2,13.385000000000002,0.0,STOCK SUFFICIENT
2026-09-18,S006,Chandigarh,P015,Office Chair,Furniture,Supplier D,8503.47,5.0,3,25510.409999999996,53,35,8,False,9,2026,18,4,38,1.0,3.857142857142857,5.285,0.7714285714285715,6.0564285714285715,0.0,STOCK SUFFICIENT
2026-09-18,S003,Ghaziabad,P001,Laptop Bag,Accessories,Supplier C,1195.24,0.0,13,15538.12,297,136,4,False,9,2026,18,4,38,15.0,16.142857142857142,16.175,3.2285714285714286,19.40357142857143,0.0,STOCK SUFFICIENT
2026-09-18,S005,Jaipur,P003,Mechanical Keyboard,Accessories,Supplier A,2452.13,0.0,10,24521.300000000003,125,81,5,False,9,2026,18,4,38,8.0,9.428571428571429,8.675,1.885714285714286,10.560714285714287,0.0,STOCK SUFFICIENT
2026-09-18,S005,Jaipur,P014,Desk Lamp,Home,Supplier B,1319.82,0.0,13,17157.66,201,108,7,False,9,2026,18,4,38,16.0,12.0,12.88,2.4000000000000004,15.280000000000001,0.0,STOCK SUFFICIENT
2026-09-18,S005,Jaipur,P007,Smart Watch,Wearables,Supplier B,4764.3,0.0,11,52407.3,111,61,5,False,9,2026,18,4,38,7.0,6.857142857142857,6.065,1.3714285714285714,7.436428571428571,0.0,STOCK SUFFICIENT
2026-09-18,S006,Chandigarh,P010,Yoga Mat,Sports,Supplier C,1454.8,20.0,16,23276.8,205,108,10,False,9,2026,18,4,38,12.0,10.428571428571429,13.265,2.085714285714286,15.350714285714286,0.0,STOCK SUFFICIENT
2026-09-18,S004,Lucknow,P001,Laptop Bag,Accessories,Supplier C,1223.44,15.0,18,22021.920000000002,184,129,8,False,9,2026,18,4,38,13.0,13.142857142857142,14.7,2.6285714285714286,17.32857142857143,0.0,STOCK SUFFICIENT
2026-09-18,S002,Noida,P006,Bluetooth Speaker,Electronics,Supplier A,2698.43,5.0,9,24285.87,264,92,7,False,9,2026,18,4,38,10.0,11.142857142857142,9.32,2.2285714285714286,11.548571428571428,0.0,STOCK SUFFICIENT
2026-09-18,S001,Delhi,P001,Laptop Bag,Accessories,Supplier C,1237.81,0.0,17,21042.77,273,180,12,False,9,2026,18,4,38,15.0,19.142857142857142,20.08,3.8285714285714287,23.908571428571427,0.0,STOCK SUFFICIENT
2026-09-18,S006,Chandigarh,P002,Wireless Mouse,Accessories,Supplier B,788.64,10.0,22,17350.079999999998,361,166,11,False,9,2026,18,4,38,14.0,19.142857142857142,23.385,3.8285714285714287,27.21357142857143,0.0,STOCK SUFFICIENT
2026-09-19,S003,Ghaziabad,P015,Office Chair,Furniture,Supplier C,8438.08,0.0,5,42190.4,93,41,10,False,9,2026,19,5,38,6.0,5.0,5.02,1.0,6.02,0.0,STOCK SUFFICIENT
2026-09-19,S001,Delhi,P008,Fitness Band,Wearables,Supplier B,2149.69,5.0,10,21496.9,306,130,9,False,9,2026,19,5,38,7.0,13.714285714285714,15.54,2.742857142857143,18.282857142857143,0.0,STOCK SUFFICIENT
2026-09-19,S006,Chandigarh,P013,Travel Adapter,Travel,Supplier C,1180.65,5.0,13,15348.45,161,115,11,False,9,2026,19,5,38,18.0,16.285714285714285,15.725,3.257142857142857,18.982142857142858,0.0,STOCK SUFFICIENT
2026-09-19,S006,Chandigarh,P008,Fitness Band,Wearables,Supplier D,2089.58,0.0,12,25074.96,164,83,6,False,9,2026,19,5,38,10.0,9.428571428571429,9.0,1.885714285714286,10.885714285714286,0.0,STOCK SUFFICIENT
2026-09-19,S001,Delhi,P008,Fitness Band,Wearables,Supplier D,2111.57,0.0,13,27450.410000000003,214,130,7,False,9,2026,19,5,38,10.0,13.428571428571429,14.45,2.685714285714286,17.135714285714286,0.0,STOCK SUFFICIENT
2026-09-19,S005,Jaipur,P006,Bluetooth Speaker,Electronics,Supplier D,2884.63,15.0,6,17307.78,210,68,8,False,9,2026,19,5,38,6.0,8.428571428571429,10.66,1.685714285714286,12.345714285714287,0.0,STOCK SUFFICIENT
2026-09-19,S002,Noida,P006,Bluetooth Speaker,Electronics,Supplier A,2736.76,0.0,14,38314.64,144,92,12,False,9,2026,19,5,38,9.0,11.0,10.815,2.2,13.015,0.0,STOCK SUFFICIENT
2026-09-19,S004,Lucknow,P007,Smart Watch,Wearables,Supplier A,4140.87,0.0,5,20704.35,42,64,8,True,9,2026,19,5,38,8.0,8.285714285714286,7.525,1.6571428571428575,9.182142857142857,0.0,REORDER REQUIRED
2026-09-19,S006,Chandigarh,P013,Travel Adapter,Travel,Supplier D,1065.02,10.0,18,19170.36,290,115,8,False,9,2026,19,5,38,13.0,15.714285714285714,16.245,3.142857142857143,19.387857142857143,0.0,STOCK SUFFICIENT
2026-09-19,S005,Jaipur,P006,Bluetooth Speaker,Electronics,Supplier B,2771.5,20.0,6,16629.0,160,68,14,False,9,2026,19,5,38,6.0,9.428571428571429,9.83,1.885714285714286,11.715714285714286,0.0,STOCK SUFFICIENT
2026-09-19,S006,Chandigarh,P014,Desk Lamp,Home,Supplier C,1333.2,10.0,8,10665.6,255,102,5,False,9,2026,19,5,38,11.0,10.857142857142858,14.66,2.1714285714285717,16.83142857142857,0.0,STOCK SUFFICIENT
2026-09-19,S002,Noida,P015,Office Chair,Furniture,Supplier A,8932.41,10.0,9,80391.69,79,50,11,False,9,2026,19,5,38,6.0,5.428571428571429,6.66,1.0857142857142859,7.7457142857142856,0.0,STOCK SUFFICIENT
2026-09-19,S001,Delhi,P001,Laptop Bag,Accessories,Supplier B,1117.23,0.0,21,23461.83,249,180,14,False,9,2026,19,5,38,17.0,18.285714285714285,19.745,3.657142857142857,23.40214285714286,0.0,STOCK SUFFICIENT
2026-09-20,S002,Noida,P009,Running Shoes,Sports,Supplier D,3029.24,10.0,17,51497.079999999994,159,101,3,False,9,2026,20,6,38,9.0,12.428571428571429,13.195,2.4857142857142858,15.680714285714286,0.0,STOCK SUFFICIENT
2026-09-20,S004,Lucknow,P015,Office Chair,Furniture,Supplier C,8490.02,0.0,7,59430.14,72,39,13,False,9,2026,20,6,38,3.0,4.142857142857143,5.56,0.8285714285714287,6.388571428571428,0.0,STOCK SUFFICIENT
2026-09-20,S003,Ghaziabad,P003,Mechanical Keyboard,Accessories,Supplier D,2235.9,0.0,11,24594.9,184,91,4,False,9,2026,20,6,38,10.0,11.571428571428571,11.545,2.3142857142857145,13.859285714285715,0.0,STOCK SUFFICIENT
2026-09-20,S004,Lucknow,P015,Office Chair,Furniture,Supplier D,9033.12,0.0,6,54198.72,95,39,12,False,9,2026,20,6,38,7.0,4.285714285714286,6.21,0.8571428571428572,7.067142857142857,0.0,STOCK SUFFICIENT
2026-09-20,S006,Chandigarh,P010,Yoga Mat,Sports,Supplier B,1414.85,10.0,9,12733.65,366,108,11,False,9,2026,20,6,38,16.0,11.428571428571429,13.09,2.285714285714286,15.375714285714286,0.0,STOCK SUFFICIENT
2026-09-20,S004,Lucknow,P005,Power Bank,Electronics,Supplier D,1665.31,15.0,22,36636.82,277,144,11,False,9,2026,20,6,38,13.0,15.714285714285714,20.965,3.142857142857143,24.107857142857142,0.0,STOCK SUFFICIENT
2026-09-20,S003,Ghaziabad,P005,Power Bank,Electronics,Supplier B,1709.68,5.0,20,34193.6,138,152,6,True,9,2026,20,6,38,13.0,20.0,20.6,4.0,24.6,0.0,REORDER REQUIRED
2026-09-20,S006,Chandigarh,P012,Backpack,Travel,Supplier B,1929.48,0.0,16,30871.68,175,96,14,False,9,2026,20,6,38,14.0,13.0,11.38,2.6,13.98,0.0,STOCK SUFFICIENT
2026-09-20,S002,Noida,P004,USB-C Hub,Electronics,Supplier C,1891.19,0.0,15,28367.850000000002,264,138,10,False,9,2026,20,6,38,10.0,15.428571428571429,16.46,3.085714285714286,19.545714285714286,0.0,STOCK SUFFICIENT
2026-09-20,S002,Noida,P001,Laptop Bag,Accessories,Supplier B,1105.69,15.0,23,25430.870000000003,380,165,5,False,9,2026,20,6,38,25.0,20.142857142857142,23.68,4.0285714285714285,27.708571428571428,0.0,STOCK SUFFICIENT
2026-09-20,S003,Ghaziabad,P009,Running Shoes,Sports,Supplier B,3215.22,10.0,7,22506.539999999997,228,83,2,False,9,2026,20,6,38,9.0,12.142857142857142,11.565,2.428571428571429,13.993571428571428,0.0,STOCK SUFFICIENT
2026-09-20,S005,Jaipur,P006,Bluetooth Speaker,Electronics,Supplier C,2736.88,5.0,9,24631.920000000002,153,68,9,False,9,2026,20,6,38,6.0,8.0,8.215,1.6,9.815,0.0,STOCK SUFFICIENT
2026-09-20,S002,Noida,P010,Yoga Mat,Sports,Supplier D,1505.77,20.0,23,34632.71,285,156,4,False,9,2026,20,6,38,10.0,15.714285714285714,22.83,3.142857142857143,25.97285714285714,0.0,STOCK SUFFICIENT
2026-09-20,S001,Delhi,P013,Travel Adapter,Travel,Supplier A,1095.39,15.0,26,28480.140000000003,375,180,6,False,9,2026,20,6,38,21.0,21.285714285714285,25.575,4.257142857142857,29.832142857142856,0.0,STOCK SUFFICIENT
2026-09-20,S006,Chandigarh,P005,Power Bank,Electronics,Supplier A,1483.42,0.0,15,22251.300000000003,285,128,11,False,9,2026,20,6,38,15.0,13.428571428571429,16.265,2.685714285714286,18.950714285714287,0.0,STOCK SUFFICIENT
2026-09-20,S006,Chandigarh,P005,Power Bank,Electronics,Supplier B,1619.17,10.0,16,25906.72,288,128,4,False,9,2026,20,6,38,15.0,13.285714285714286,16.87,2.6571428571428575,19.52714285714286,0.0,STOCK SUFFICIENT
2026-09-20,S002,Noida,P002,Wireless Mouse,Accessories,Supplier B,875.39,5.0,38,33264.82,551,239,12,False,9,2026,20,6,38,32.0,33.57142857142857,35.025,6.714285714285714,41.739285714285714,0.0,STOCK SUFFICIENT
2026-09-20,S003,Ghaziabad,P010,Yoga Mat,Sports,Supplier A,1461.82,10.0,14,20465.48,191,129,6,False,9,2026,20,6,38,14.0,13.0,16.615,2.6,19.215,0.0,STOCK SUFFICIENT
2026-09-21,S001,Delhi,P015,Office Chair,Furniture,Supplier A,9104.45,0.0,5,45522.25,116,55,11,False,9,2026,21,0,39,11.0,8.428571428571429,6.07,1.685714285714286,7.755714285714286,0.0,STOCK SUFFICIENT
2026-09-21,S003,Ghaziabad,P001,Laptop Bag,Accessories,Supplier A,1210.54,5.0,14,16947.559999999998,150,136,6,False,9,2026,21,0,39,13.0,15.0,16.63,3.0,19.63,0.0,STOCK SUFFICIENT
2026-09-21,S002,Noida,P004,USB-C Hub,Electronics,Supplier A,1747.89,10.0,14,24470.460000000003,232,138,10,False,9,2026,21,0,39,15.0,15.857142857142858,15.47,3.1714285714285717,18.641428571428573,0.0,STOCK SUFFICIENT
2026-09-21,S002,Noida,P002,Wireless Mouse,Accessories,Supplier C,866.3,0.0,30,25989.0,478,239,2,False,9,2026,21,0,39,38.0,32.857142857142854,31.22,6.571428571428571,37.79142857142857,0.0,STOCK SUFFICIENT
2026-09-21,S005,Jaipur,P004,USB-C Hub,Electronics,Supplier B,1846.19,0.0,9,16615.71,71,102,8,True,9,2026,21,0,39,7.0,10.857142857142858,12.525,2.1714285714285717,14.696428571428573,0.0,REORDER REQUIRED
2026-09-21,S003,Ghaziabad,P002,Wireless Mouse,Accessories,Supplier D,826.56,5.0,22,18184.32,351,197,11,False,9,2026,21,0,39,22.0,26.428571428571427,24.33,5.285714285714286,29.615714285714283,0.0,STOCK SUFFICIENT
2026-09-21,S002,Noida,P002,Wireless Mouse,Accessories,Supplier A,845.53,10.0,23,19447.19,545,239,5,False,9,2026,21,0,39,34.0,34.0,32.16,6.800000000000001,38.959999999999994,0.0,STOCK SUFFICIENT
2026-09-21,S005,Jaipur,P007,Smart Watch,Wearables,Supplier A,4421.73,0.0,9,39795.56999999999,83,61,2,False,9,2026,21,0,39,11.0,7.142857142857143,6.415,1.4285714285714288,7.843571428571429,0.0,STOCK SUFFICIENT
2026-09-21,S002,Noida,P002,Wireless Mouse,Accessories,Supplier D,811.81,0.0,34,27601.539999999997,488,239,13,False,9,2026,21,0,39,30.0,33.0,30.3,6.6000000000000005,36.9,0.0,STOCK SUFFICIENT
2026-09-21,S006,Chandigarh,P012,Backpack,Travel,Supplier B,1972.13,0.0,9,17749.170000000002,140,96,13,False,9,2026,21,0,39,16.0,13.142857142857142,10.28,2.6285714285714286,12.908571428571427,0.0,STOCK SUFFICIENT
2026-09-21,S004,Lucknow,P015,Office Chair,Furniture,Supplier D,8677.61,5.0,4,34710.44,94,39,10,False,9,2026,21,0,39,6.0,4.571428571428571,4.925,0.9142857142857143,5.839285714285714,0.0,STOCK SUFFICIENT
2026-09-21,S002,Noida,P011,Water Bottle,Sports,Supplier A,690.29,10.0,30,20708.699999999997,692,276,14,False,9,2026,21,0,39,27.0,30.571428571428573,32.255,6.114285714285715,38.369285714285716,0.0,STOCK SUFFICIENT
2026-09-21,S004,Lucknow,P008,Fitness Band,Wearables,Supplier D,2305.45,0.0,10,23054.5,232,93,4,False,9,2026,21,0,39,6.0,9.857142857142858,9.22,1.9714285714285715,11.191428571428572,0.0,STOCK SUFFICIENT
2026-09-21,S003,Ghaziabad,P009,Running Shoes,Sports,Supplier C,3306.72,0.0,12,39680.64,181,83,12,False,9,2026,21,0,39,7.0,11.571428571428571,8.31,2.3142857142857145,10.624285714285715,0.0,STOCK SUFFICIENT
2026-09-22,S002,Noida,P004,USB-C Hub,Electronics,Supplier D,1702.74,20.0,13,22135.62,202,138,9,False,9,2026,22,1,39,14.0,15.285714285714286,15.675,3.0571428571428574,18.732142857142858,0.0,STOCK SUFFICIENT
2026-09-22,S005,Jaipur,P013,Travel Adapter,Travel,Supplier B,1173.53,15.0,14,16429.42,74,122,7,True,9,2026,22,1,39,9.0,15.285714285714286,14.285,3.0571428571428574,17.342142857142857,0.0,REORDER REQUIRED
2026-09-22,S005,Jaipur,P012,Backpack,Travel,Supplier D,1798.05,5.0,9,16182.449999999999,120,102,13,False,9,2026,22,1,39,11.0,10.571428571428571,11.19,2.1142857142857143,13.304285714285713,0.0,STOCK SUFFICIENT
2026-09-22,S005,Jaipur,P015,Office Chair,Furniture,Supplier C,7957.9,0.0,2,15915.8,64,37,7,False,9,2026,22,1,39,1.0,3.5714285714285716,4.945,0.7142857142857144,5.659285714285715,0.0,STOCK SUFFICIENT
2026-09-22,S004,Lucknow,P001,Laptop Bag,Accessories,Supplier A,1206.23,10.0,12,14474.76,141,129,2,False,9,2026,22,1,39,18.0,14.142857142857142,14.475,2.8285714285714287,17.303571428571427,0.0,STOCK SUFFICIENT
2026-09-22,S003,Ghaziabad,P002,Wireless Mouse,Accessories,Supplier C,816.69,0.0,24,19600.56,188,197,7,True,9,2026,22,1,39,22.0,24.571428571428573,23.635,4.914285714285715,28.549285714285716,0.0,REORDER REQUIRED
2026-09-22,S001,Delhi,P003,Mechanical Keyboard,Accessories,Supplier B,2414.59,5.0,9,21731.31,176,120,3,False,9,2026,22,1,39,10.0,14.857142857142858,12.59,2.9714285714285715,15.561428571428571,0.0,STOCK SUFFICIENT
2026-09-22,S004,Lucknow,P009,Running Shoes,Sports,Supplier D,3221.07,10.0,19,61200.33,176,79,13,False,9,2026,22,1,39,7.0,9.714285714285714,10.4,1.9428571428571428,12.342857142857143,0.0,STOCK SUFFICIENT
2026-09-22,S004,Lucknow,P006,Bluetooth Speaker,Electronics,Supplier A,2614.5,0.0,6,15687.0,104,72,13,False,9,2026,22,1,39,11.0,10.714285714285714,8.18,2.142857142857143,10.322857142857142,0.0,STOCK SUFFICIENT
2026-09-23,S002,Noida,P003,Mechanical Keyboard,Accessories,Supplier B,2403.24,5.0,12,28838.879999999997,213,110,2,False,9,2026,23,2,39,18.0,14.142857142857142,12.77,2.8285714285714287,15.598571428571429,0.0,STOCK SUFFICIENT
2026-09-23,S003,Ghaziabad,P004,USB-C Hub,Electronics,Supplier A,1763.05,10.0,14,24682.7,322,114,3,False,9,2026,23,2,39,12.0,15.142857142857142,12.905,3.0285714285714285,15.933571428571428,0.0,STOCK SUFFICIENT
2026-09-23,S006,Chandigarh,P001,Laptop Bag,Accessories,Supplier C,1265.39,10.0,7,8857.730000000001,160,115,5,False,9,2026,23,2,39,14.0,14.428571428571429,13.63,2.885714285714286,16.51571428571429,0.0,STOCK SUFFICIENT
2026-09-23,S005,Jaipur,P006,Bluetooth Speaker,Electronics,Supplier B,2987.45,0.0,11,32861.95,151,68,3,False,9,2026,23,2,39,9.0,7.714285714285714,7.355,1.542857142857143,8.897857142857143,0.0,STOCK SUFFICIENT
2026-09-23,S004,Lucknow,P008,Fitness Band,Wearables,Supplier A,2236.77,10.0,8,17894.16,189,93,3,False,9,2026,23,2,39,14.0,10.142857142857142,9.995,2.0285714285714285,12.023571428571428,0.0,STOCK SUFFICIENT
2026-09-23,S006,Chandigarh,P007,Smart Watch,Wearables,Supplier A,4343.24,10.0,10,43432.399999999994,89,57,2,False,9,2026,23,2,39,7.0,8.142857142857142,7.745,1.6285714285714286,9.373571428571429,0.0,STOCK SUFFICIENT
2026-09-23,S006,Chandigarh,P005,Power Bank,Electronics,Supplier A,1491.95,0.0,13,19395.350000000002,183,128,12,False,9,2026,23,2,39,16.0,13.428571428571429,10.785,2.685714285714286,13.470714285714287,0.0,STOCK SUFFICIENT
2026-09-23,S003,Ghaziabad,P010,Yoga Mat,Sports,Supplier A,1309.09,0.0,11,14399.99,283,129,5,False,9,2026,23,2,39,14.0,13.0,14.17,2.6,16.77,0.0,STOCK SUFFICIENT
2026-09-23,S002,Noida,P014,Desk Lamp,Home,Supplier C,1391.28,0.0,6,8347.68,295,147,2,False,9,2026,23,2,39,14.0,17.571428571428573,16.39,3.5142857142857147,19.904285714285717,0.0,STOCK SUFFICIENT
2026-09-23,S004,Lucknow,P008,Fitness Band,Wearables,Supplier C,2111.8,0.0,14,29565.200000000004,158,93,4,False,9,2026,23,2,39,10.0,9.428571428571429,9.215,1.885714285714286,11.100714285714286,0.0,STOCK SUFFICIENT
2026-09-23,S003,Ghaziabad,P013,Travel Adapter,Travel,Supplier C,1052.21,20.0,12,12626.52,340,136,3,False,9,2026,23,2,39,13.0,16.285714285714285,17.1,3.257142857142857,20.357142857142858,0.0,STOCK SUFFICIENT
2026-09-24,S001,Delhi,P010,Yoga Mat,Sports,Supplier C,1311.18,0.0,12,15734.16,229,170,13,False,9,2026,24,3,39,27.0,21.428571428571427,18.495,4.285714285714286,22.780714285714286,0.0,STOCK SUFFICIENT
2026-09-24,S001,Delhi,P010,Yoga Mat,Sports,Supplier C,1366.33,5.0,22,30059.26,304,170,3,False,9,2026,24,3,39,12.0,20.714285714285715,20.14,4.142857142857143,24.282857142857143,0.0,STOCK SUFFICIENT
2026-09-24,S004,Lucknow,P001,Laptop Bag,Accessories,Supplier B,1208.43,0.0,6,7250.58,185,129,8,False,9,2026,24,3,39,12.0,14.285714285714286,13.935,2.8571428571428577,16.792142857142856,0.0,STOCK SUFFICIENT
2026-09-24,S004,Lucknow,P009,Running Shoes,Sports,Supplier C,3252.33,5.0,6,19513.98,99,79,6,False,9,2026,24,3,39,19.0,11.714285714285714,10.12,2.342857142857143,12.462857142857143,0.0,STOCK SUFFICIENT
2026-09-24,S001,Delhi,P013,Travel Adapter,Travel,Supplier A,1120.5,0.0,13,14566.5,290,180,4,False,9,2026,24,3,39,26.0,22.0,20.16,4.4,24.560000000000002,0.0,STOCK SUFFICIENT
2026-09-24,S004,Lucknow,P002,Wireless Mouse,Accessories,Supplier B,867.06,5.0,18,15607.079999999998,448,187,14,False,9,2026,24,3,39,20.0,25.0,22.165,5.0,27.165,0.0,STOCK SUFFICIENT
2026-09-24,S003,Ghaziabad,P002,Wireless Mouse,Accessories,Supplier A,800.26,10.0,40,32010.4,580,197,7,False,9,2026,24,3,39,24.0,23.428571428571427,24.65,4.685714285714286,29.335714285714285,0.0,STOCK SUFFICIENT
2026-09-24,S006,Chandigarh,P006,Bluetooth Speaker,Electronics,Supplier D,2844.74,5.0,6,17068.44,141,64,14,False,9,2026,24,3,39,7.0,9.428571428571429,7.21,1.885714285714286,9.095714285714285,0.0,STOCK SUFFICIENT
2026-09-24,S001,Delhi,P009,Running Shoes,Sports,Supplier D,3400.29,15.0,12,40803.479999999996,205,110,14,False,9,2026,24,3,39,9.0,13.714285714285714,15.06,2.742857142857143,17.802857142857142,0.0,STOCK SUFFICIENT
2026-09-24,S004,Lucknow,P007,Smart Watch,Wearables,Supplier C,4438.35,5.0,9,39945.15,100,64,8,False,9,2026,24,3,39,5.0,7.571428571428571,6.18,1.5142857142857142,7.694285714285714,0.0,STOCK SUFFICIENT
2026-09-24,S003,Ghaziabad,P015,Office Chair,Furniture,Supplier A,8965.21,5.0,5,44826.049999999996,90,41,6,False,9,2026,24,3,39,5.0,4.428571428571429,5.6,0.8857142857142858,6.485714285714286,0.0,STOCK SUFFICIENT
2026-09-24,S006,Chandigarh,P011,Water Bottle,Sports,Supplier A,730.34,0.0,16,11685.44,330,192,6,False,9,2026,24,3,39,23.0,25.571428571428573,23.335,5.114285714285715,28.449285714285715,0.0,STOCK SUFFICIENT
2026-09-24,S004,Lucknow,P013,Travel Adapter,Travel,Supplier A,1062.4,15.0,15,15936.000000000002,265,129,4,False,9,2026,24,3,39,14.0,14.571428571428571,16.155,2.9142857142857146,19.069285714285716,0.0,STOCK SUFFICIENT
2026-09-24,S004,Lucknow,P005,Power Bank,Electronics,Supplier C,1603.79,15.0,19,30472.01,186,144,5,False,9,2026,24,3,39,22.0,17.0,18.945,3.4000000000000004,22.345,0.0,STOCK SUFFICIENT
2026-09-24,S001,Delhi,P014,Desk Lamp,Home,Supplier C,1297.39,20.0,11,14271.29,341,160,10,False,9,2026,24,3,39,20.0,20.0,19.89,4.0,23.89,0.0,STOCK SUFFICIENT
2026-09-24,S001,Delhi,P007,Smart Watch,Wearables,Supplier B,4771.88,0.0,13,62034.44,172,90,8,False,9,2026,24,3,39,2.0,11.857142857142858,10.645,2.3714285714285714,13.016428571428571,0.0,STOCK SUFFICIENT
2026-09-25,S002,Noida,P004,USB-C Hub,Electronics,Supplier A,1724.72,5.0,20,34494.4,290,138,8,False,9,2026,25,4,39,9.0,13.285714285714286,14.61,2.6571428571428575,17.267142857142858,0.0,STOCK SUFFICIENT
2026-09-25,S006,Chandigarh,P012,Backpack,Travel,Supplier B,1958.03,10.0,7,13706.21,112,96,5,False,9,2026,25,4,39,9.0,12.571428571428571,13.505,2.5142857142857142,16.019285714285715,0.0,STOCK SUFFICIENT
2026-09-25,S006,Chandigarh,P005,Power Bank,Electronics,Supplier A,1632.79,5.0,20,32655.8,245,128,5,False,9,2026,25,4,39,13.0,13.428571428571429,12.115,2.685714285714286,14.800714285714285,0.0,STOCK SUFFICIENT
2026-09-25,S001,Delhi,P009,Running Shoes,Sports,Supplier D,3016.39,5.0,14,42229.46,247,110,11,False,9,2026,25,4,39,12.0,12.714285714285714,11.475,2.5428571428571427,14.017857142857142,0.0,STOCK SUFFICIENT
2026-09-25,S001,Delhi,P007,Smart Watch,Wearables,Supplier D,4544.11,15.0,10,45441.1,216,90,12,False,9,2026,25,4,39,13.0,12.0,11.955,2.4000000000000004,14.355,0.0,STOCK SUFFICIENT
2026-09-25,S006,Chandigarh,P001,Laptop Bag,Accessories,Supplier D,1189.26,5.0,6,7135.5599999999995,241,115,12,False,9,2026,25,4,39,7.0,13.142857142857142,11.345,2.6285714285714286,13.973571428571429,0.0,STOCK SUFFICIENT
2026-09-25,S006,Chandigarh,P013,Travel Adapter,Travel,Supplier C,1161.66,0.0,13,15101.580000000002,228,115,5,False,9,2026,25,4,39,13.0,15.142857142857142,12.2,3.0285714285714285,15.228571428571428,0.0,STOCK SUFFICIENT
2026-09-25,S003,Ghaziabad,P008,Fitness Band,Wearables,Supplier A,2060.75,0.0,13,26789.75,235,98,12,False,9,2026,25,4,39,16.0,11.428571428571429,10.98,2.285714285714286,13.265714285714287,0.0,STOCK SUFFICIENT
2026-09-25,S002,Noida,P003,Mechanical Keyboard,Accessories,Supplier C,2564.58,0.0,9,23081.22,209,110,11,False,9,2026,25,4,39,12.0,14.142857142857142,12.01,2.8285714285714287,14.838571428571429,0.0,STOCK SUFFICIENT
2026-09-25,S002,Noida,P004,USB-C Hub,Electronics,Supplier D,1825.98,5.0,9,16433.82,284,138,12,False,9,2026,25,4,39,13.0,15.0,14.455,3.0,17.455,0.0,STOCK SUFFICIENT
2026-09-25,S006,Chandigarh,P011,Water Bottle,Sports,Supplier A,664.47,0.0,15,9967.050000000001,215,192,7,False,9,2026,25,4,39,16.0,23.571428571428573,24.685,4.714285714285714,29.399285714285714,0.0,STOCK SUFFICIENT
2026-09-26,S002,Noida,P002,Wireless Mouse,Accessories,Supplier B,865.41,0.0,27,23366.07,569,239,12,False,9,2026,26,5,39,23.0,31.142857142857142,28.385,6.228571428571429,34.61357142857143,0.0,STOCK SUFFICIENT
2026-09-26,S003,Ghaziabad,P001,Laptop Bag,Accessories,Supplier B,1265.38,10.0,21,26572.980000000003,297,136,12,False,9,2026,26,5,39,14.0,15.142857142857142,18.35,3.0285714285714285,21.37857142857143,0.0,STOCK SUFFICIENT
2026-09-26,S003,Ghaziabad,P008,Fitness Band,Wearables,Supplier A,2317.67,5.0,8,18541.36,103,98,5,False,9,2026,26,5,39,13.0,11.571428571428571,11.415,2.3142857142857145,13.729285714285714,0.0,STOCK SUFFICIENT
2026-09-26,S006,Chandigarh,P004,USB-C Hub,Electronics,Supplier C,1854.83,0.0,13,24112.79,114,96,5,False,9,2026,26,5,39,10.0,10.285714285714286,11.88,2.0571428571428574,13.937142857142858,0.0,STOCK SUFFICIENT
2026-09-26,S006,Chandigarh,P008,Fitness Band,Wearables,Supplier C,2339.85,10.0,12,28078.199999999997,129,83,3,False,9,2026,26,5,39,12.0,9.714285714285714,11.245,1.9428571428571428,13.187857142857142,0.0,STOCK SUFFICIENT
2026-09-26,S003,Ghaziabad,P010,Yoga Mat,Sports,Supplier B,1473.39,10.0,18,26521.02,172,129,9,False,9,2026,26,5,39,11.0,13.0,16.08,2.6,18.68,0.0,STOCK SUFFICIENT
2026-09-26,S006,Chandigarh,P013,Travel Adapter,Travel,Supplier C,1171.51,0.0,13,15229.63,170,115,7,False,9,2026,26,5,39,13.0,15.428571428571429,13.865,3.085714285714286,16.950714285714287,0.0,STOCK SUFFICIENT
2026-09-26,S004,Lucknow,P012,Backpack,Travel,Supplier C,1833.21,10.0,9,16498.89,132,108,11,False,9,2026,26,5,39,11.0,13.142857142857142,14.35,2.6285714285714286,16.978571428571428,0.0,STOCK SUFFICIENT
2026-09-26,S002,Noida,P011,Water Bottle,Sports,Supplier C,701.47,10.0,36,25252.920000000002,330,276,5,False,9,2026,26,5,39,30.0,29.428571428571427,33.995,5.885714285714286,39.880714285714284,0.0,STOCK SUFFICIENT
2026-09-26,S002,Noida,P004,USB-C Hub,Electronics,Supplier A,1823.35,15.0,19,34643.65,362,138,9,False,9,2026,26,5,39,20.0,13.285714285714286,17.905,2.6571428571428575,20.56214285714286,0.0,STOCK SUFFICIENT
2026-09-27,S001,Delhi,P015,Office Chair,Furniture,Supplier A,8608.43,0.0,5,43042.15,78,55,2,False,9,2026,27,6,39,5.0,8.428571428571429,7.295,1.685714285714286,8.980714285714285,0.0,STOCK SUFFICIENT
2026-09-27,S004,Lucknow,P010,Yoga Mat,Sports,Supplier A,1289.85,0.0,13,16768.05,386,122,8,False,9,2026,27,6,39,12.0,14.857142857142858,15.77,2.9714285714285715,18.74142857142857,0.0,STOCK SUFFICIENT
2026-09-27,S004,Lucknow,P007,Smart Watch,Wearables,Supplier A,4232.8,5.0,7,29629.600000000002,146,64,7,False,9,2026,27,6,39,9.0,7.428571428571429,8.485,1.4857142857142858,9.970714285714285,0.0,STOCK SUFFICIENT
2026-09-27,S004,Lucknow,P006,Bluetooth Speaker,Electronics,Supplier B,2921.51,0.0,14,40901.14,117,72,12,False,9,2026,27,6,39,6.0,9.142857142857142,10.53,1.8285714285714285,12.358571428571429,0.0,STOCK SUFFICIENT
2026-09-27,S004,Lucknow,P008,Fitness Band,Wearables,Supplier A,2369.08,10.0,6,14214.48,255,93,8,False,9,2026,27,6,39,8.0,10.142857142857142,12.755,2.0285714285714285,14.78357142857143,0.0,STOCK SUFFICIENT
2026-09-27,S001,Delhi,P014,Desk Lamp,Home,Supplier D,1261.05,5.0,16,20176.8,362,160,12,False,9,2026,27,6,39,11.0,19.428571428571427,20.06,3.8857142857142857,23.945714285714285,0.0,STOCK SUFFICIENT
2026-09-27,S004,Lucknow,P004,USB-C Hub,Electronics,Supplier D,1826.15,5.0,18,32870.700000000004,183,108,12,False,9,2026,27,6,39,8.0,10.142857142857142,13.975,2.0285714285714285,16.003571428571426,0.0,STOCK SUFFICIENT
2026-09-27,S006,Chandigarh,P010,Yoga Mat,Sports,Supplier C,1438.04,5.0,14,20132.559999999998,175,108,3,False,9,2026,27,6,39,9.0,11.428571428571429,13.29,2.285714285714286,15.575714285714286,0.0,STOCK SUFFICIENT
2026-09-27,S002,Noida,P009,Running Shoes,Sports,Supplier D,3015.45,10.0,14,42216.299999999996,206,101,2,False,9,2026,27,6,39,14.0,11.571428571428571,13.225,2.3142857142857145,15.539285714285715,0.0,STOCK SUFFICIENT
2026-09-27,S005,Jaipur,P013,Travel Adapter,Travel,Supplier C,1147.79,0.0,14,16069.06,358,122,13,False,9,2026,27,6,39,14.0,16.0,14.795,3.2,17.995,0.0,STOCK SUFFICIENT
2026-09-27,S003,Ghaziabad,P010,Yoga Mat,Sports,Supplier A,1427.56,15.0,19,27123.64,270,129,9,False,9,2026,27,6,39,18.0,13.142857142857142,17.175,2.6285714285714286,19.80357142857143,0.0,STOCK SUFFICIENT
2026-09-27,S003,Ghaziabad,P013,Travel Adapter,Travel,Supplier A,1050.72,5.0,21,22065.12,185,136,9,False,9,2026,27,6,39,12.0,14.857142857142858,15.095,2.9714285714285715,18.066428571428574,0.0,STOCK SUFFICIENT
2026-09-27,S001,Delhi,P003,Mechanical Keyboard,Accessories,Supplier D,2281.85,5.0,13,29664.05,231,120,6,False,9,2026,27,6,39,9.0,12.857142857142858,14.615,2.5714285714285716,17.18642857142857,0.0,STOCK SUFFICIENT
2026-09-27,S003,Ghaziabad,P014,Desk Lamp,Home,Supplier D,1343.79,15.0,20,26875.8,272,121,12,False,9,2026,27,6,39,11.0,14.142857142857142,17.465,2.8285714285714287,20.29357142857143,0.0,STOCK SUFFICIENT
2026-09-27,S002,Noida,P004,USB-C Hub,Electronics,Supplier A,1926.95,0.0,17,32758.15,273,138,7,False,9,2026,27,6,39,19.0,14.285714285714286,17.975,2.8571428571428577,20.83214285714286,0.0,STOCK SUFFICIENT
2026-09-27,S002,Noida,P009,Running Shoes,Sports,Supplier D,3092.48,5.0,14,43294.72,106,101,2,False,9,2026,27,6,39,17.0,12.0,12.435,2.4000000000000004,14.835,0.0,STOCK SUFFICIENT
2026-09-27,S002,Noida,P010,Yoga Mat,Sports,Supplier B,1325.44,15.0,23,30485.120000000003,409,156,14,False,9,2026,27,6,39,23.0,16.0,22.325,3.2,25.525,0.0,STOCK SUFFICIENT
2026-09-27,S001,Delhi,P005,Power Bank,Electronics,Supplier A,1670.64,0.0,21,35083.44,204,200,14,False,9,2026,27,6,39,30.0,23.0,24.02,4.6000000000000005,28.62,0.0,STOCK SUFFICIENT
2026-09-27,S001,Delhi,P011,Water Bottle,Sports,Supplier D,708.58,10.0,37,26217.460000000003,508,300,13,False,9,2026,27,6,39,42.0,38.42857142857143,41.095,7.685714285714287,48.78071428571428,0.0,STOCK SUFFICIENT
2026-09-27,S005,Jaipur,P011,Water Bottle,Sports,Supplier A,686.84,10.0,22,15110.480000000001,548,204,8,False,9,2026,27,6,39,9.0,21.714285714285715,27.495,4.342857142857143,31.837857142857146,0.0,STOCK SUFFICIENT
2026-09-28,S003,Ghaziabad,P012,Backpack,Travel,Supplier C,1775.53,20.0,17,30184.01,210,114,3,False,9,2026,28,0,40,14.0,14.285714285714286,13.96,2.8571428571428577,16.81714285714286,0.0,STOCK SUFFICIENT
2026-09-28,S002,Noida,P015,Office Chair,Furniture,Supplier D,8940.62,0.0,3,26821.86,89,50,5,False,9,2026,28,0,40,9.0,6.285714285714286,4.33,1.2571428571428571,5.587142857142857,0.0,STOCK SUFFICIENT
2026-09-28,S004,Lucknow,P013,Travel Adapter,Travel,Supplier D,1117.84,0.0,11,12296.24,283,129,2,False,9,2026,28,0,40,15.0,15.571428571428571,15.85,3.1142857142857143,18.964285714285715,0.0,STOCK SUFFICIENT
2026-09-28,S005,Jaipur,P005,Power Bank,Electronics,Supplier B,1489.34,10.0,9,13404.06,237,136,7,False,9,2026,28,0,40,8.0,14.714285714285714,14.93,2.942857142857143,17.872857142857143,0.0,STOCK SUFFICIENT
2026-09-28,S004,Lucknow,P006,Bluetooth Speaker,Electronics,Supplier C,2814.63,0.0,9,25331.670000000002,126,72,6,False,9,2026,28,0,40,14.0,9.714285714285714,8.42,1.9428571428571428,10.362857142857143,0.0,STOCK SUFFICIENT
2026-09-28,S006,Chandigarh,P005,Power Bank,Electronics,Supplier C,1549.41,5.0,15,23241.15,269,128,13,False,9,2026,28,0,40,20.0,14.571428571428571,12.54,2.9142857142857146,15.454285714285714,0.0,STOCK SUFFICIENT
2026-09-28,S002,Noida,P012,Backpack,Travel,Supplier C,1834.45,0.0,10,18344.5,211,138,10,False,9,2026,28,0,40,14.0,15.142857142857142,14.575,3.0285714285714285,17.603571428571428,0.0,STOCK SUFFICIENT
2026-09-28,S003,Ghaziabad,P010,Yoga Mat,Sports,Supplier C,1381.28,0.0,13,17956.64,211,129,13,False,9,2026,28,0,40,19.0,13.571428571428571,12.985,2.7142857142857144,15.699285714285715,0.0,STOCK SUFFICIENT
2026-09-28,S006,Chandigarh,P007,Smart Watch,Wearables,Supplier B,4849.59,10.0,7,33947.130000000005,118,57,13,False,9,2026,28,0,40,10.0,7.714285714285714,7.665,1.542857142857143,9.207857142857144,0.0,STOCK SUFFICIENT
2026-09-28,S003,Ghaziabad,P012,Backpack,Travel,Supplier D,2023.43,15.0,14,28328.02,223,114,13,False,9,2026,28,0,40,14.0,14.0,15.89,2.8000000000000003,18.69,0.0,STOCK SUFFICIENT
2026-09-29,S006,Chandigarh,P014,Desk Lamp,Home,Supplier C,1206.5,15.0,7,8445.5,193,102,9,False,9,2026,29,1,40,8.0,11.0,12.51,2.2,14.71,0.0,STOCK SUFFICIENT
2026-09-29,S001,Delhi,P015,Office Chair,Furniture,Supplier C,8904.36,15.0,2,17808.72,119,55,7,False,9,2026,29,1,40,5.0,7.714285714285714,7.985,1.542857142857143,9.527857142857144,0.0,STOCK SUFFICIENT
2026-09-29,S003,Ghaziabad,P012,Backpack,Travel,Supplier B,2040.45,0.0,8,16323.6,293,114,6,False,9,2026,29,1,40,17.0,14.428571428571429,13.02,2.885714285714286,15.905714285714286,0.0,STOCK SUFFICIENT
2026-09-29,S004,Lucknow,P010,Yoga Mat,Sports,Supplier C,1465.2,0.0,15,21978.0,199,122,6,False,9,2026,29,1,40,13.0,14.571428571428571,11.95,2.9142857142857146,14.864285714285714,0.0,STOCK SUFFICIENT
2026-09-29,S004,Lucknow,P015,Office Chair,Furniture,Supplier A,9060.0,5.0,4,36240.0,76,39,5,False,9,2026,29,1,40,4.0,4.428571428571429,5.065,0.8857142857142858,5.9507142857142865,0.0,STOCK SUFFICIENT
2026-09-29,S006,Chandigarh,P006,Bluetooth Speaker,Electronics,Supplier B,2884.44,0.0,6,17306.64,149,64,2,False,9,2026,29,1,40,6.0,8.714285714285714,7.545,1.7428571428571429,9.287857142857142,0.0,STOCK SUFFICIENT
2026-09-29,S001,Delhi,P012,Backpack,Travel,Supplier D,1821.73,0.0,18,32791.14,275,150,10,False,9,2026,29,1,40,17.0,20.285714285714285,16.15,4.057142857142857,20.207142857142856,0.0,STOCK SUFFICIENT
2026-09-29,S004,Lucknow,P009,Running Shoes,Sports,Supplier C,3043.36,0.0,8,24346.88,178,79,5,False,9,2026,29,1,40,6.0,10.714285714285714,9.07,2.142857142857143,11.212857142857143,0.0,STOCK SUFFICIENT
2026-09-29,S005,Jaipur,P007,Smart Watch,Wearables,Supplier B,4587.25,15.0,10,45872.5,116,61,4,False,9,2026,29,1,40,9.0,7.571428571428571,8.635,1.5142857142857142,10.149285714285714,0.0,STOCK SUFFICIENT
2026-09-29,S003,Ghaziabad,P014,Desk Lamp,Home,Supplier A,1397.48,5.0,11,15372.28,170,121,11,False,9,2026,29,1,40,20.0,14.857142857142858,12.695,2.9714285714285715,15.666428571428572,0.0,STOCK SUFFICIENT
2026-09-29,S005,Jaipur,P011,Water Bottle,Sports,Supplier C,692.88,0.0,26,18014.88,494,204,11,False,9,2026,29,1,40,22.0,21.285714285714285,22.77,4.257142857142857,27.027142857142856,0.0,STOCK SUFFICIENT
2026-09-29,S002,Noida,P012,Backpack,Travel,Supplier D,1895.08,5.0,15,28426.199999999997,174,138,5,False,9,2026,29,1,40,10.0,13.714285714285714,14.745,2.742857142857143,17.48785714285714,0.0,STOCK SUFFICIENT
2026-09-29,S005,Jaipur,P002,Wireless Mouse,Accessories,Supplier B,892.72,5.0,24,21425.28,379,176,6,False,9,2026,29,1,40,19.0,23.714285714285715,21.265,4.742857142857143,26.007857142857144,0.0,STOCK SUFFICIENT
2026-09-29,S001,Delhi,P008,Fitness Band,Wearables,Supplier C,2178.04,5.0,16,34848.64,265,130,6,False,9,2026,29,1,40,13.0,13.142857142857142,13.645,2.6285714285714286,16.27357142857143,0.0,STOCK SUFFICIENT
2026-09-29,S003,Ghaziabad,P003,Mechanical Keyboard,Accessories,Supplier C,2218.74,15.0,9,19968.659999999996,227,91,13,False,9,2026,29,1,40,11.0,11.0,10.69,2.2,12.89,0.0,STOCK SUFFICIENT
2026-09-29,S006,Chandigarh,P005,Power Bank,Electronics,Supplier D,1560.33,10.0,17,26525.61,84,128,5,True,9,2026,29,1,40,15.0,14.714285714285714,13.4,2.942857142857143,16.34285714285714,0.0,REORDER REQUIRED
2026-09-30,S003,Ghaziabad,P008,Fitness Band,Wearables,Supplier A,2277.77,10.0,18,40999.86,105,98,6,False,9,2026,30,2,40,8.0,11.428571428571429,10.9,2.285714285714286,13.185714285714287,0.0,STOCK SUFFICIENT
2026-09-30,S004,Lucknow,P011,Water Bottle,Sports,Supplier D,720.66,10.0,31,22340.46,385,216,5,False,9,2026,30,2,40,30.0,22.571428571428573,25.89,4.514285714285715,30.404285714285717,0.0,STOCK SUFFICIENT
2026-09-30,S005,Jaipur,P005,Power Bank,Electronics,Supplier A,1623.16,0.0,9,14608.44,302,136,4,False,9,2026,30,2,40,9.0,14.571428571428571,14.55,2.9142857142857146,17.464285714285715,0.0,STOCK SUFFICIENT
2026-09-30,S004,Lucknow,P008,Fitness Band,Wearables,Supplier A,2310.08,15.0,15,34651.2,126,93,12,False,9,2026,30,2,40,6.0,9.571428571428571,11.45,1.9142857142857144,13.364285714285714,0.0,STOCK SUFFICIENT
2026-09-30,S003,Ghaziabad,P004,USB-C Hub,Electronics,Supplier B,1922.2,15.0,9,17299.8,224,114,13,False,9,2026,30,2,40,14.0,13.714285714285714,15.12,2.742857142857143,17.86285714285714,0.0,STOCK SUFFICIENT
2026-09-30,S006,Chandigarh,P007,Smart Watch,Wearables,Supplier B,4627.18,0.0,8,37017.44,16,57,14,True,9,2026,30,2,40,7.0,7.571428571428571,6.035,1.5142857142857142,7.549285714285714,0.0,REORDER REQUIRED
2026-09-30,S002,Noida,P013,Travel Adapter,Travel,Supplier B,1123.73,15.0,25,28093.25,245,165,5,False,9,2026,30,2,40,19.0,18.142857142857142,21.115,3.6285714285714286,24.74357142857143,0.0,STOCK SUFFICIENT
2026-09-30,S002,Noida,P001,Laptop Bag,Accessories,Supplier B,1140.18,0.0,20,22803.600000000002,424,165,14,False,9,2026,30,2,40,23.0,20.857142857142858,20.6,4.171428571428572,24.771428571428572,0.0,STOCK SUFFICIENT
2026-09-30,S003,Ghaziabad,P011,Water Bottle,Sports,Supplier C,744.44,5.0,19,14144.36,361,228,3,False,9,2026,30,2,40,25.0,24.0,26.655,4.800000000000001,31.455000000000002,0.0,STOCK SUFFICIENT
2026-09-30,S005,Jaipur,P008,Fitness Band,Wearables,Supplier A,2212.08,15.0,11,24332.879999999997,68,88,2,True,9,2026,30,2,40,16.0,12.0,12.2,2.4000000000000004,14.6,0.0,REORDER REQUIRED
2026-09-30,S004,Lucknow,P005,Power Bank,Electronics,Supplier A,1642.47,0.0,19,31206.93,237,144,2,False,9,2026,30,2,40,19.0,17.714285714285715,16.6,3.542857142857143,20.142857142857146,0.0,STOCK SUFFICIENT
